id_registro,fecha_hora,id_sensor,planta,temperatura_c,vibracion_mm_s
7,2026-01-09 00:00:00,S007,Planta_1,97.65,5.45
21,2026-01-09 00:00:00,S021,Planta_3,86.35,2.87
40,2026-01-09 00:00:00,S040,Planta_4,98.48,4.11
50,2026-01-09 00:01:00,S010,Planta_1,97.99,4.49
53,2026-01-09 00:01:00,S013,Planta_2,85.02,3.33
67,2026-01-09 00:01:00,S027,Planta_3,89.79,3.31
107,2026-01-09 00:02:00,S027,Planta_3,96.29,1.86
110,2026-01-09 00:02:00,S030,Planta_3,91.94,3.5
118,2026-01-09 00:02:00,S038,Planta_4,103.2,2.12
120,2026-01-09 00:02:00,S040,Planta_4,104.92,2.61
127,2026-01-09 00:03:00,S007,Planta_1,97.1,3.93
134,2026-01-09 00:03:00,S014,Planta_2,93.26,2.28
140,2026-01-09 00:03:00,S020,Planta_2,85.7,2.84
142,2026-01-09 00:03:00,S022,Planta_3,96.71,1.38
144,2026-01-09 00:03:00,S024,Planta_3,86.74,4.26
154,2026-01-09 00:03:00,S034,Planta_4,85.06,5.45
156,2026-01-09 00:03:00,S036,Planta_4,85.57,4.43
159,2026-01-09 00:03:00,S039,Planta_4,94.92,3.67
163,2026-01-09 00:04:00,S003,Planta_1,85.68,1.36
204,2026-01-09 00:05:00,S004,Planta_1,101.67,1.78
217,2026-01-09 00:05:00,S017,Planta_2,85.27,4.66
219,2026-01-09 00:05:00,S019,Planta_2,97.57,4.29
246,2026-01-09 00:06:00,S006,Planta_1,101.57,1.13
283,2026-01-09 00:07:00,S003,Planta_1,89.78,1.92
286,2026-01-09 00:07:00,S006,Planta_1,87.93,1.14
294,2026-01-09 00:07:00,S014,Planta_2,89.25,1.49
297,2026-01-09 00:07:00,S017,Planta_2,100.75,4.32
312,2026-01-09 00:07:00,S032,Planta_4,98.17,1.37
329,2026-01-09 00:08:00,S009,Planta_1,93.54,1.87
369,2026-01-09 00:09:00,S009,Planta_1,88.76,0.99
387,2026-01-09 00:09:00,S027,Planta_3,102.16,1.24
390,2026-01-09 00:09:00,S030,Planta_3,93.62,2.46
396,2026-01-09 00:09:00,S036,Planta_4,98.78,0.75
398,2026-01-09 00:09:00,S038,Planta_4,90.46,0.56
410,2026-01-09 00:10:00,S010,Planta_1,97.94,2.56
416,2026-01-09 00:10:00,S016,Planta_2,89.6,4.94
424,2026-01-09 00:10:00,S024,Planta_3,98.21,4.86
426,2026-01-09 00:10:00,S026,Planta_3,88.59,5.05
430,2026-01-09 00:10:00,S030,Planta_3,87.34,5.07
452,2026-01-09 00:11:00,S012,Planta_2,103.3,2.2
472,2026-01-09 00:11:00,S032,Planta_4,96.06,2.47
492,2026-01-09 00:12:00,S012,Planta_2,101.36,5.37
511,2026-01-09 00:12:00,S031,Planta_4,87.7,5.37
514,2026-01-09 00:12:00,S034,Planta_4,89.43,3.87
556,2026-01-09 00:13:00,S036,Planta_4,85.85,5.03
564,2026-01-09 00:14:00,S004,Planta_1,101.41,3.43
573,2026-01-09 00:14:00,S013,Planta_2,94.7,4.2
580,2026-01-09 00:14:00,S020,Planta_2,97.17,3.12
581,2026-01-09 00:14:00,S021,Planta_3,94.9,3.21
631,2026-01-09 00:15:00,S031,Planta_4,103.6,1.41
644,2026-01-09 00:16:00,S004,Planta_1,99.49,1.82
651,2026-01-09 00:16:00,S011,Planta_2,95.14,1.17
659,2026-01-09 00:16:00,S019,Planta_2,97.32,0.64
667,2026-01-09 00:16:00,S027,Planta_3,87.04,2.93
677,2026-01-09 00:16:00,S037,Planta_4,101.71,2.04
682,2026-01-09 00:17:00,S002,Planta_1,89.72,0.66
697,2026-01-09 00:17:00,S017,Planta_2,85.44,2.91
729,2026-01-09 00:18:00,S009,Planta_1,85.71,1.91
743,2026-01-09 00:18:00,S023,Planta_3,94.71,2.25
746,2026-01-09 00:18:00,S026,Planta_3,93.84,4.37
752,2026-01-09 00:18:00,S032,Planta_4,104.57,2.4
765,2026-01-09 00:19:00,S005,Planta_1,89.75,1.1
771,2026-01-09 00:19:00,S011,Planta_2,90.21,1.28
787,2026-01-09 00:19:00,S027,Planta_3,87.55,0.79
793,2026-01-09 00:19:00,S033,Planta_4,103.64,2.14
834,2026-01-09 00:20:00,S034,Planta_4,100.05,4.21
871,2026-01-09 00:21:00,S031,Planta_4,86.38,1.48
905,2026-01-09 00:22:00,S025,Planta_3,89.48,3.64
916,2026-01-09 00:22:00,S036,Planta_4,101.31,1.43
942,2026-01-09 00:23:00,S022,Planta_3,93.54,0.55
956,2026-01-09 00:23:00,S036,Planta_4,86.25,1.28
961,2026-01-09 00:24:00,S001,Planta_1,93.96,3.36
994,2026-01-09 00:24:00,S034,Planta_4,98.07,5.39
995,2026-01-09 00:24:00,S035,Planta_4,100.63,2.63
1005,2026-01-09 00:25:00,S005,Planta_1,100.51,0.69
1015,2026-01-09 00:25:00,S015,Planta_2,87.72,0.58
1073,2026-01-09 00:26:00,S033,Planta_4,91.84,1.7
1076,2026-01-09 00:26:00,S036,Planta_4,104.61,5.39
1083,2026-01-09 00:27:00,S003,Planta_1,103.95,3.35
1085,2026-01-09 00:27:00,S005,Planta_1,104.17,5.42
1126,2026-01-09 00:28:00,S006,Planta_1,102.89,0.64
1135,2026-01-09 00:28:00,S015,Planta_2,99.85,1.58
1146,2026-01-09 00:28:00,S026,Planta_3,102.08,5.38
1159,2026-01-09 00:28:00,S039,Planta_4,104.56,2.48
1171,2026-01-09 00:29:00,S011,Planta_2,91.49,4.31
1175,2026-01-09 00:29:00,S015,Planta_2,94.05,5.29
1177,2026-01-09 00:29:00,S017,Planta_2,95.8,4.95
1183,2026-01-09 00:29:00,S023,Planta_3,104.31,2.65
1187,2026-01-09 00:29:00,S027,Planta_3,88.38,3.9
1189,2026-01-09 00:29:00,S029,Planta_3,90.08,4.46
1216,2026-01-09 00:30:00,S016,Planta_2,101.27,2.11
1232,2026-01-09 00:30:00,S032,Planta_4,100.35,5.22
1250,2026-01-09 00:31:00,S010,Planta_1,101.37,3.24
1260,2026-01-09 00:31:00,S020,Planta_2,92.53,5.02
1263,2026-01-09 00:31:00,S023,Planta_3,91.14,3.84
1271,2026-01-09 00:31:00,S031,Planta_4,93.61,0.96
1312,2026-01-09 00:32:00,S032,Planta_4,103.94,2.18
1324,2026-01-09 00:33:00,S004,Planta_1,104.86,4.69
1326,2026-01-09 00:33:00,S006,Planta_1,101.62,2.58
1335,2026-01-09 00:33:00,S015,Planta_2,88.86,4.43
1336,2026-01-09 00:33:00,S016,Planta_2,96.51,3.98
1339,2026-01-09 00:33:00,S019,Planta_2,103.11,5.1
1351,2026-01-09 00:33:00,S031,Planta_4,104.36,2.42
1362,2026-01-09 00:34:00,S002,Planta_1,86.43,1.03
1368,2026-01-09 00:34:00,S008,Planta_1,85.67,3.54
1384,2026-01-09 00:34:00,S024,Planta_3,85.95,4.76
1385,2026-01-09 00:34:00,S025,Planta_3,98.38,4.84
1411,2026-01-09 00:35:00,S011,Planta_2,89.28,1.7
1412,2026-01-09 00:35:00,S012,Planta_2,104.54,4.83
1415,2026-01-09 00:35:00,S015,Planta_2,94.96,4.88
1450,2026-01-09 00:36:00,S010,Planta_1,93.69,3.46
1476,2026-01-09 00:36:00,S036,Planta_4,86.16,0.89
1477,2026-01-09 00:36:00,S037,Planta_4,95.64,3.03
1487,2026-01-09 00:37:00,S007,Planta_1,102.02,3.42
1522,2026-01-09 00:38:00,S002,Planta_1,85.55,4.84
1539,2026-01-09 00:38:00,S019,Planta_2,97.42,2.86
1555,2026-01-09 00:38:00,S035,Planta_4,91.37,2.31
1565,2026-01-09 00:39:00,S005,Planta_1,85.19,1.79
1584,2026-01-09 00:39:00,S024,Planta_3,94.2,4.83
1610,2026-01-09 00:40:00,S010,Planta_1,89.41,5.36
1620,2026-01-09 00:40:00,S020,Planta_2,91.89,1.09
1622,2026-01-09 00:40:00,S022,Planta_3,100.84,4.68
1623,2026-01-09 00:40:00,S023,Planta_3,103.05,0.61
1630,2026-01-09 00:40:00,S030,Planta_3,100.6,3.6
1647,2026-01-09 00:41:00,S007,Planta_1,93.09,3.19
1656,2026-01-09 00:41:00,S016,Planta_2,85.35,1.37
1663,2026-01-09 00:41:00,S023,Planta_3,87.53,2.66
1675,2026-01-09 00:41:00,S035,Planta_4,96.09,2.11
1678,2026-01-09 00:41:00,S038,Planta_4,94.45,1.08
1683,2026-01-09 00:42:00,S003,Planta_1,91.79,4.81
1691,2026-01-09 00:42:00,S011,Planta_2,95.1,1.13
1694,2026-01-09 00:42:00,S014,Planta_2,85.3,4.44
1730,2026-01-09 00:43:00,S010,Planta_1,102.48,4.27
1731,2026-01-09 00:43:00,S011,Planta_2,102.88,3.96
1747,2026-01-09 00:43:00,S027,Planta_3,103.68,3.7
1749,2026-01-09 00:43:00,S029,Planta_3,88.92,2.51
1757,2026-01-09 00:43:00,S037,Planta_4,90.49,0.81
1759,2026-01-09 00:43:00,S039,Planta_4,96.53,2.73
1762,2026-01-09 00:44:00,S002,Planta_1,85.55,0.66
1797,2026-01-09 00:44:00,S037,Planta_4,92.23,2.58
1805,2026-01-09 00:45:00,S005,Planta_1,90.48,4.95
1807,2026-01-09 00:45:00,S007,Planta_1,99.06,4.76
1809,2026-01-09 00:45:00,S009,Planta_1,86.45,4.11
1812,2026-01-09 00:45:00,S012,Planta_2,93.42,1.69
1841,2026-01-09 00:46:00,S001,Planta_1,100.44,3.87
1844,2026-01-09 00:46:00,S004,Planta_1,94.82,1.67
1847,2026-01-09 00:46:00,S007,Planta_1,89.35,0.72
1863,2026-01-09 00:46:00,S023,Planta_3,104.27,2.34
1891,2026-01-09 00:47:00,S011,Planta_2,93.41,2.42
1892,2026-01-09 00:47:00,S012,Planta_2,104.22,2.92
1894,2026-01-09 00:47:00,S014,Planta_2,103.49,5.17
1901,2026-01-09 00:47:00,S021,Planta_3,90.82,4.4
1904,2026-01-09 00:47:00,S024,Planta_3,87.12,4.55
1934,2026-01-09 00:48:00,S014,Planta_2,85.55,0.68
1938,2026-01-09 00:48:00,S018,Planta_2,103.75,1.36
1940,2026-01-09 00:48:00,S020,Planta_2,95.03,4.57
1943,2026-01-09 00:48:00,S023,Planta_3,92.89,5.11
1947,2026-01-09 00:48:00,S027,Planta_3,102.96,3.98
1952,2026-01-09 00:48:00,S032,Planta_4,93.59,1.32
1976,2026-01-09 00:49:00,S016,Planta_2,93.18,1.1
1983,2026-01-09 00:49:00,S023,Planta_3,102.33,3.37
2000,2026-01-09 00:49:00,S040,Planta_4,89.56,2.54
2003,2026-01-09 00:50:00,S003,Planta_1,87.42,4.85
2008,2026-01-09 00:50:00,S008,Planta_1,102.73,3.68
2021,2026-01-09 00:50:00,S021,Planta_3,102.31,0.51
2046,2026-01-09 00:51:00,S006,Planta_1,88.74,4.79
2048,2026-01-09 00:51:00,S008,Planta_1,86.76,4.76
2062,2026-01-09 00:51:00,S022,Planta_3,88.11,1.05
2067,2026-01-09 00:51:00,S027,Planta_3,98.47,5.02
2088,2026-01-09 00:52:00,S008,Planta_1,96.98,4.68
2105,2026-01-09 00:52:00,S025,Planta_3,98.53,3.04
2111,2026-01-09 00:52:00,S031,Planta_4,89.26,3.31
2137,2026-01-09 00:53:00,S017,Planta_2,90.72,0.8
2166,2026-01-09 00:54:00,S006,Planta_1,94.92,4.32
2180,2026-01-09 00:54:00,S020,Planta_2,89.2,1.43
2188,2026-01-09 00:54:00,S028,Planta_3,89.32,3.33
2199,2026-01-09 00:54:00,S039,Planta_4,87.14,1.08
2213,2026-01-09 00:55:00,S013,Planta_2,98.56,3.07
2230,2026-01-09 00:55:00,S030,Planta_3,89.16,4.54
2250,2026-01-09 00:56:00,S010,Planta_1,102.72,3.59
2268,2026-01-09 00:56:00,S028,Planta_3,95.45,3.3
2273,2026-01-09 00:56:00,S033,Planta_4,93.77,2.66
2338,2026-01-09 00:58:00,S018,Planta_2,85.03,3.46
2353,2026-01-09 00:58:00,S033,Planta_4,103.24,1.47
2363,2026-01-09 00:59:00,S003,Planta_1,99.09,2.1
2370,2026-01-09 00:59:00,S010,Planta_1,96.52,3.86
2400,2026-01-09 00:59:00,S040,Planta_4,100.59,3.95
2406,2026-01-09 01:00:00,S006,Planta_1,88.7,2.19
2463,2026-01-09 01:01:00,S023,Planta_3,87.35,4.26
2474,2026-01-09 01:01:00,S034,Planta_4,87.01,1.1
2484,2026-01-09 01:02:00,S004,Planta_1,101.2,1.21
2497,2026-01-09 01:02:00,S017,Planta_2,90.75,5.02
2523,2026-01-09 01:03:00,S003,Planta_1,101.88,1.94
2543,2026-01-09 01:03:00,S023,Planta_3,94.46,0.78
2545,2026-01-09 01:03:00,S025,Planta_3,91.91,4.88
2554,2026-01-09 01:03:00,S034,Planta_4,97.07,5.47
2555,2026-01-09 01:03:00,S035,Planta_4,95.16,4.59
2563,2026-01-09 01:04:00,S003,Planta_1,91.07,5.47
2571,2026-01-09 01:04:00,S011,Planta_2,96.74,5.49
2575,2026-01-09 01:04:00,S015,Planta_2,92.9,4.67
2579,2026-01-09 01:04:00,S019,Planta_2,104.21,5.19
2588,2026-01-09 01:04:00,S028,Planta_3,103.9,3.41
2589,2026-01-09 01:04:00,S029,Planta_3,104.85,2.0
2591,2026-01-09 01:04:00,S031,Planta_4,93.63,4.14
2596,2026-01-09 01:04:00,S036,Planta_4,86.83,1.64
2598,2026-01-09 01:04:00,S038,Planta_4,86.89,1.26
2606,2026-01-09 01:05:00,S006,Planta_1,95.42,4.34
2609,2026-01-09 01:05:00,S009,Planta_1,103.01,0.68
2612,2026-01-09 01:05:00,S012,Planta_2,97.55,3.43
2643,2026-01-09 01:06:00,S003,Planta_1,92.81,3.03
2650,2026-01-09 01:06:00,S010,Planta_1,89.06,3.61
2667,2026-01-09 01:06:00,S027,Planta_3,99.57,4.64
2672,2026-01-09 01:06:00,S032,Planta_4,103.51,2.87
2724,2026-01-09 01:08:00,S004,Planta_1,86.5,5.34
2725,2026-01-09 01:08:00,S005,Planta_1,98.67,4.25
2737,2026-01-09 01:08:00,S017,Planta_2,96.63,1.34
2753,2026-01-09 01:08:00,S033,Planta_4,87.96,2.12
2782,2026-01-09 01:09:00,S022,Planta_3,99.36,2.95
2786,2026-01-09 01:09:00,S026,Planta_3,89.31,3.62
2803,2026-01-09 01:10:00,S003,Planta_1,95.29,2.28
2826,2026-01-09 01:10:00,S026,Planta_3,98.7,3.41
2869,2026-01-09 01:11:00,S029,Planta_3,97.35,5.39
2877,2026-01-09 01:11:00,S037,Planta_4,90.11,2.36
2888,2026-01-09 01:12:00,S008,Planta_1,100.38,2.1
2889,2026-01-09 01:12:00,S009,Planta_1,103.14,4.31
2891,2026-01-09 01:12:00,S011,Planta_2,95.46,2.59
2906,2026-01-09 01:12:00,S026,Planta_3,87.52,1.08
2907,2026-01-09 01:12:00,S027,Planta_3,103.26,1.4
2936,2026-01-09 01:13:00,S016,Planta_2,88.38,2.04
2944,2026-01-09 01:13:00,S024,Planta_3,92.0,1.05
2962,2026-01-09 01:14:00,S002,Planta_1,85.58,1.38
2977,2026-01-09 01:14:00,S017,Planta_2,88.07,3.87
2989,2026-01-09 01:14:00,S029,Planta_3,99.67,4.08
2993,2026-01-09 01:14:00,S033,Planta_4,88.67,1.15
3011,2026-01-09 01:15:00,S011,Planta_2,85.06,0.85
3020,2026-01-09 01:15:00,S020,Planta_2,92.86,4.29
3035,2026-01-09 01:15:00,S035,Planta_4,99.13,5.49
3044,2026-01-09 01:16:00,S004,Planta_1,92.52,1.86
3100,2026-01-09 01:17:00,S020,Planta_2,96.61,1.28
3149,2026-01-09 01:18:00,S029,Planta_3,91.47,1.74
3154,2026-01-09 01:18:00,S034,Planta_4,97.91,1.34
3162,2026-01-09 01:19:00,S002,Planta_1,91.89,2.57
3188,2026-01-09 01:19:00,S028,Planta_3,93.97,2.03
3193,2026-01-09 01:19:00,S033,Planta_4,92.19,2.09
3194,2026-01-09 01:19:00,S034,Planta_4,96.26,4.14
3213,2026-01-09 01:20:00,S013,Planta_2,97.07,5.42
3240,2026-01-09 01:20:00,S040,Planta_4,87.85,0.99
3246,2026-01-09 01:21:00,S006,Planta_1,92.09,3.33
3287,2026-01-09 01:22:00,S007,Planta_1,92.36,3.41
3302,2026-01-09 01:22:00,S022,Planta_3,88.54,1.93
3306,2026-01-09 01:22:00,S026,Planta_3,88.04,3.47
3342,2026-01-09 01:23:00,S022,Planta_3,93.17,3.72
3429,2026-01-09 01:25:00,S029,Planta_3,86.16,1.66
3440,2026-01-09 01:25:00,S040,Planta_4,97.26,4.99
3441,2026-01-09 01:26:00,S001,Planta_1,97.99,2.76
3447,2026-01-09 01:26:00,S007,Planta_1,104.54,2.78
3498,2026-01-09 01:27:00,S018,Planta_2,88.55,2.96
3505,2026-01-09 01:27:00,S025,Planta_3,85.14,2.38
3561,2026-01-09 01:29:00,S001,Planta_1,93.01,5.18
3598,2026-01-09 01:29:00,S038,Planta_4,98.1,1.02
3611,2026-01-09 01:30:00,S011,Planta_2,95.84,2.69
3621,2026-01-09 01:30:00,S021,Planta_3,100.06,1.32
3628,2026-01-09 01:30:00,S028,Planta_3,98.4,1.44
3633,2026-01-09 01:30:00,S033,Planta_4,92.06,4.61
3636,2026-01-09 01:30:00,S036,Planta_4,88.96,3.06
3655,2026-01-09 01:31:00,S015,Planta_2,96.72,4.02
3664,2026-01-09 01:31:00,S024,Planta_3,89.17,4.72
3670,2026-01-09 01:31:00,S030,Planta_3,95.29,0.91
3702,2026-01-09 01:32:00,S022,Planta_3,91.28,5.22
3713,2026-01-09 01:32:00,S033,Planta_4,103.03,1.46
3721,2026-01-09 01:33:00,S001,Planta_1,92.45,3.07
3730,2026-01-09 01:33:00,S010,Planta_1,102.01,1.22
3733,2026-01-09 01:33:00,S013,Planta_2,99.99,3.28
3735,2026-01-09 01:33:00,S015,Planta_2,88.95,3.37
3742,2026-01-09 01:33:00,S022,Planta_3,102.65,0.97
3751,2026-01-09 01:33:00,S031,Planta_4,101.76,5.14
3766,2026-01-09 01:34:00,S006,Planta_1,100.11,1.38
3768,2026-01-09 01:34:00,S008,Planta_1,92.88,2.88
3779,2026-01-09 01:34:00,S019,Planta_2,94.72,1.74
3789,2026-01-09 01:34:00,S029,Planta_3,88.32,4.88
3790,2026-01-09 01:34:00,S030,Planta_3,91.34,4.84
3803,2026-01-09 01:35:00,S003,Planta_1,86.46,3.43
3807,2026-01-09 01:35:00,S007,Planta_1,85.38,1.83
3808,2026-01-09 01:35:00,S008,Planta_1,94.35,5.04
3811,2026-01-09 01:35:00,S011,Planta_2,96.9,3.58
3820,2026-01-09 01:35:00,S020,Planta_2,100.78,3.98
3850,2026-01-09 01:36:00,S010,Planta_1,102.1,2.93
3856,2026-01-09 01:36:00,S016,Planta_2,90.11,2.05
3859,2026-01-09 01:36:00,S019,Planta_2,104.46,4.91
3879,2026-01-09 01:36:00,S039,Planta_4,104.19,3.48
3884,2026-01-09 01:37:00,S004,Planta_1,88.05,2.48
3892,2026-01-09 01:37:00,S012,Planta_2,104.87,0.64
3906,2026-01-09 01:37:00,S026,Planta_3,102.28,3.05
3911,2026-01-09 01:37:00,S031,Planta_4,88.22,4.87
3921,2026-01-09 01:38:00,S001,Planta_1,91.12,3.14
3937,2026-01-09 01:38:00,S017,Planta_2,94.25,1.79
3939,2026-01-09 01:38:00,S019,Planta_2,87.3,5.46
3941,2026-01-09 01:38:00,S021,Planta_3,88.29,2.63
3953,2026-01-09 01:38:00,S033,Planta_4,96.61,2.65
4011,2026-01-09 01:40:00,S011,Planta_2,95.01,2.44
4032,2026-01-09 01:40:00,S032,Planta_4,104.14,0.69
4037,2026-01-09 01:40:00,S037,Planta_4,95.9,3.96
4038,2026-01-09 01:40:00,S038,Planta_4,94.64,2.06
4047,2026-01-09 01:41:00,S007,Planta_1,99.51,4.92
4051,2026-01-09 01:41:00,S011,Planta_2,96.3,2.65
4073,2026-01-09 01:41:00,S033,Planta_4,99.82,5.4
4093,2026-01-09 01:42:00,S013,Planta_2,92.37,2.57
4094,2026-01-09 01:42:00,S014,Planta_2,99.03,4.15
4102,2026-01-09 01:42:00,S022,Planta_3,96.21,4.99
4108,2026-01-09 01:42:00,S028,Planta_3,85.2,4.47
4112,2026-01-09 01:42:00,S032,Planta_4,93.58,4.46
4120,2026-01-09 01:42:00,S040,Planta_4,102.71,2.32
4123,2026-01-09 01:43:00,S003,Planta_1,96.43,1.7
4156,2026-01-09 01:43:00,S036,Planta_4,97.25,2.14
4160,2026-01-09 01:43:00,S040,Planta_4,88.75,1.72
4170,2026-01-09 01:44:00,S010,Planta_1,92.34,1.32
4206,2026-01-09 01:45:00,S006,Planta_1,98.28,2.36
4207,2026-01-09 01:45:00,S007,Planta_1,104.7,1.97
4208,2026-01-09 01:45:00,S008,Planta_1,104.63,3.71
4216,2026-01-09 01:45:00,S016,Planta_2,88.99,4.7
4219,2026-01-09 01:45:00,S019,Planta_2,88.15,3.29
4242,2026-01-09 01:46:00,S002,Planta_1,94.25,1.16
4246,2026-01-09 01:46:00,S006,Planta_1,101.37,1.87
4253,2026-01-09 01:46:00,S013,Planta_2,85.54,3.92
4263,2026-01-09 01:46:00,S023,Planta_3,94.69,2.76
4279,2026-01-09 01:46:00,S039,Planta_4,92.93,3.28
4280,2026-01-09 01:46:00,S040,Planta_4,103.38,0.86
4288,2026-01-09 01:47:00,S008,Planta_1,88.75,4.9
4331,2026-01-09 01:48:00,S011,Planta_2,102.24,2.38
4367,2026-01-09 01:49:00,S007,Planta_1,90.39,3.98
4376,2026-01-09 01:49:00,S016,Planta_2,85.46,5.09
4378,2026-01-09 01:49:00,S018,Planta_2,101.1,3.38
4408,2026-01-09 01:50:00,S008,Planta_1,93.05,1.74
4425,2026-01-09 01:50:00,S025,Planta_3,103.65,2.2
4438,2026-01-09 01:50:00,S038,Planta_4,88.85,4.61
4480,2026-01-09 01:51:00,S040,Planta_4,104.2,0.8
4526,2026-01-09 01:53:00,S006,Planta_1,99.82,0.75
4549,2026-01-09 01:53:00,S029,Planta_3,100.31,3.94
4570,2026-01-09 01:54:00,S010,Planta_1,90.59,2.62
4571,2026-01-09 01:54:00,S011,Planta_2,85.52,4.99
4583,2026-01-09 01:54:00,S023,Planta_3,91.21,1.8
4592,2026-01-09 01:54:00,S032,Planta_4,96.01,3.3
4631,2026-01-09 01:55:00,S031,Planta_4,95.04,1.85
4632,2026-01-09 01:55:00,S032,Planta_4,89.64,1.08
4674,2026-01-09 01:56:00,S034,Planta_4,94.26,5.13
4689,2026-01-09 01:57:00,S009,Planta_1,94.88,2.76
4715,2026-01-09 01:57:00,S035,Planta_4,98.98,4.18
4727,2026-01-09 01:58:00,S007,Planta_1,93.34,2.57
4738,2026-01-09 01:58:00,S018,Planta_2,101.02,0.51
4740,2026-01-09 01:58:00,S020,Planta_2,101.97,5.49
4744,2026-01-09 01:58:00,S024,Planta_3,101.22,2.98
4756,2026-01-09 01:58:00,S036,Planta_4,89.97,3.15
4777,2026-01-09 01:59:00,S017,Planta_2,86.82,1.25
4782,2026-01-09 01:59:00,S022,Planta_3,101.44,2.52
4809,2026-01-09 02:00:00,S009,Planta_1,85.58,4.55
4837,2026-01-09 02:00:00,S037,Planta_4,92.8,1.66
4869,2026-01-09 02:01:00,S029,Planta_3,95.0,1.86
4870,2026-01-09 02:01:00,S030,Planta_3,98.68,1.11
4888,2026-01-09 02:02:00,S008,Planta_1,103.99,3.73
4894,2026-01-09 02:02:00,S014,Planta_2,104.46,1.62
4899,2026-01-09 02:02:00,S019,Planta_2,100.53,3.94
4955,2026-01-09 02:03:00,S035,Planta_4,87.97,3.55
4968,2026-01-09 02:04:00,S008,Planta_1,93.32,0.82
5004,2026-01-09 02:05:00,S004,Planta_1,95.61,4.4
5021,2026-01-09 02:05:00,S021,Planta_3,94.07,2.94
5028,2026-01-09 02:05:00,S028,Planta_3,101.81,3.16
5038,2026-01-09 02:05:00,S038,Planta_4,86.84,3.9
5039,2026-01-09 02:05:00,S039,Planta_4,92.23,1.3
5042,2026-01-09 02:06:00,S002,Planta_1,90.37,4.12
5092,2026-01-09 02:07:00,S012,Planta_2,96.85,0.75
5097,2026-01-09 02:07:00,S017,Planta_2,90.25,1.09
5101,2026-01-09 02:07:00,S021,Planta_3,87.69,5.37
5103,2026-01-09 02:07:00,S023,Planta_3,96.01,4.51
5131,2026-01-09 02:08:00,S011,Planta_2,91.68,1.61
5135,2026-01-09 02:08:00,S015,Planta_2,91.0,2.46
5136,2026-01-09 02:08:00,S016,Planta_2,91.46,2.99
5152,2026-01-09 02:08:00,S032,Planta_4,88.47,4.18
5155,2026-01-09 02:08:00,S035,Planta_4,90.18,1.71
5170,2026-01-09 02:09:00,S010,Planta_1,92.95,1.58
5180,2026-01-09 02:09:00,S020,Planta_2,95.74,4.0
5192,2026-01-09 02:09:00,S032,Planta_4,103.04,4.14
5230,2026-01-09 02:10:00,S030,Planta_3,98.39,1.03
5233,2026-01-09 02:10:00,S033,Planta_4,90.16,3.29
5237,2026-01-09 02:10:00,S037,Planta_4,99.96,5.25
5249,2026-01-09 02:11:00,S009,Planta_1,103.4,5.01
5250,2026-01-09 02:11:00,S010,Planta_1,92.98,3.97
5313,2026-01-09 02:12:00,S033,Planta_4,93.47,2.35
5314,2026-01-09 02:12:00,S034,Planta_4,89.55,1.78
5334,2026-01-09 02:13:00,S014,Planta_2,93.88,1.79
5353,2026-01-09 02:13:00,S033,Planta_4,97.4,3.45
5357,2026-01-09 02:13:00,S037,Planta_4,97.92,5.49
5371,2026-01-09 02:14:00,S011,Planta_2,91.03,3.56
5376,2026-01-09 02:14:00,S016,Planta_2,97.73,4.78
5399,2026-01-09 02:14:00,S039,Planta_4,87.77,5.18
5400,2026-01-09 02:14:00,S040,Planta_4,98.21,2.72
5430,2026-01-09 02:15:00,S030,Planta_3,88.79,2.02
5458,2026-01-09 02:16:00,S018,Planta_2,98.48,2.18
5473,2026-01-09 02:16:00,S033,Planta_4,99.62,1.55
5488,2026-01-09 02:17:00,S008,Planta_1,102.19,3.9
5493,2026-01-09 02:17:00,S013,Planta_2,101.53,4.67
5560,2026-01-09 02:18:00,S040,Planta_4,91.49,2.19
5601,2026-01-09 02:20:00,S001,Planta_1,101.56,2.96
5603,2026-01-09 02:20:00,S003,Planta_1,89.63,1.08
5631,2026-01-09 02:20:00,S031,Planta_4,92.49,4.19
5632,2026-01-09 02:20:00,S032,Planta_4,94.14,2.43
5633,2026-01-09 02:20:00,S033,Planta_4,88.9,2.34
5634,2026-01-09 02:20:00,S034,Planta_4,103.35,3.18
5658,2026-01-09 02:21:00,S018,Planta_2,101.08,2.51
5663,2026-01-09 02:21:00,S023,Planta_3,103.24,4.17
5682,2026-01-09 02:22:00,S002,Planta_1,87.89,1.05
5699,2026-01-09 02:22:00,S019,Planta_2,99.15,4.48
5702,2026-01-09 02:22:00,S022,Planta_3,88.54,5.05
5704,2026-01-09 02:22:00,S024,Planta_3,102.74,5.11
5727,2026-01-09 02:23:00,S007,Planta_1,103.36,4.23
5729,2026-01-09 02:23:00,S009,Planta_1,90.01,0.67
5737,2026-01-09 02:23:00,S017,Planta_2,89.27,0.96
5781,2026-01-09 02:24:00,S021,Planta_3,87.57,1.04
5791,2026-01-09 02:24:00,S031,Planta_4,91.46,1.73
5801,2026-01-09 02:25:00,S001,Planta_1,102.72,4.85
5803,2026-01-09 02:25:00,S003,Planta_1,97.4,1.13
5804,2026-01-09 02:25:00,S004,Planta_1,98.53,3.26
5810,2026-01-09 02:25:00,S010,Planta_1,97.0,4.54
5815,2026-01-09 02:25:00,S015,Planta_2,103.9,4.77
5820,2026-01-09 02:25:00,S020,Planta_2,85.56,4.61
5822,2026-01-09 02:25:00,S022,Planta_3,87.54,4.41
5867,2026-01-09 02:26:00,S027,Planta_3,91.22,4.38
5909,2026-01-09 02:27:00,S029,Planta_3,96.42,2.24
5927,2026-01-09 02:28:00,S007,Planta_1,102.1,2.14
5948,2026-01-09 02:28:00,S028,Planta_3,90.52,3.54
6048,2026-01-09 02:31:00,S008,Planta_1,99.31,1.51
6060,2026-01-09 02:31:00,S020,Planta_2,102.1,1.32
6084,2026-01-09 02:32:00,S004,Planta_1,98.73,2.97
6102,2026-01-09 02:32:00,S022,Planta_3,104.29,0.95
6125,2026-01-09 02:33:00,S005,Planta_1,95.79,2.02
6128,2026-01-09 02:33:00,S008,Planta_1,96.79,4.76
6129,2026-01-09 02:33:00,S009,Planta_1,87.81,3.51
6136,2026-01-09 02:33:00,S016,Planta_2,89.21,2.36
6142,2026-01-09 02:33:00,S022,Planta_3,85.96,2.59
6160,2026-01-09 02:33:00,S040,Planta_4,87.71,3.75
6181,2026-01-09 02:34:00,S021,Planta_3,94.41,4.2
6218,2026-01-09 02:35:00,S018,Planta_2,91.44,1.28
6232,2026-01-09 02:35:00,S032,Planta_4,92.67,4.29
6241,2026-01-09 02:36:00,S001,Planta_1,98.4,5.03
6279,2026-01-09 02:36:00,S039,Planta_4,96.35,4.22
6288,2026-01-09 02:37:00,S008,Planta_1,98.61,1.09
6304,2026-01-09 02:37:00,S024,Planta_3,96.9,4.3
6309,2026-01-09 02:37:00,S029,Planta_3,88.92,0.94
6321,2026-01-09 02:38:00,S001,Planta_1,91.68,2.11
6327,2026-01-09 02:38:00,S007,Planta_1,96.55,3.25
6341,2026-01-09 02:38:00,S021,Planta_3,96.31,4.22
6342,2026-01-09 02:38:00,S022,Planta_3,95.0,5.44
6363,2026-01-09 02:39:00,S003,Planta_1,98.85,0.87
6375,2026-01-09 02:39:00,S015,Planta_2,90.0,3.46
6390,2026-01-09 02:39:00,S030,Planta_3,104.01,4.45
6394,2026-01-09 02:39:00,S034,Planta_4,93.28,5.17
6415,2026-01-09 02:40:00,S015,Planta_2,100.71,4.2
6417,2026-01-09 02:40:00,S017,Planta_2,85.73,4.72
6443,2026-01-09 02:41:00,S003,Planta_1,99.68,4.83
6460,2026-01-09 02:41:00,S020,Planta_2,103.47,2.14
6488,2026-01-09 02:42:00,S008,Planta_1,98.22,0.77
6495,2026-01-09 02:42:00,S015,Planta_2,101.66,2.73
6508,2026-01-09 02:42:00,S028,Planta_3,85.69,3.31
6516,2026-01-09 02:42:00,S036,Planta_4,87.34,4.71
6550,2026-01-09 02:43:00,S030,Planta_3,102.43,2.45
6557,2026-01-09 02:43:00,S037,Planta_4,98.12,3.84
6564,2026-01-09 02:44:00,S004,Planta_1,99.72,4.32
6566,2026-01-09 02:44:00,S006,Planta_1,103.99,2.77
6568,2026-01-09 02:44:00,S008,Planta_1,88.89,5.27
6623,2026-01-09 02:45:00,S023,Planta_3,97.05,5.46
6645,2026-01-09 02:46:00,S005,Planta_1,104.58,1.97
6648,2026-01-09 02:46:00,S008,Planta_1,104.62,2.76
6661,2026-01-09 02:46:00,S021,Planta_3,87.45,1.56
6676,2026-01-09 02:46:00,S036,Planta_4,91.92,2.29
6692,2026-01-09 02:47:00,S012,Planta_2,96.44,1.92
6709,2026-01-09 02:47:00,S029,Planta_3,103.55,2.59
6714,2026-01-09 02:47:00,S034,Planta_4,96.9,5.24
6721,2026-01-09 02:48:00,S001,Planta_1,94.0,4.59
6734,2026-01-09 02:48:00,S014,Planta_2,97.22,4.78
6762,2026-01-09 02:49:00,S002,Planta_1,86.86,2.73
6773,2026-01-09 02:49:00,S013,Planta_2,96.01,2.82
6780,2026-01-09 02:49:00,S020,Planta_2,103.82,5.01
6783,2026-01-09 02:49:00,S023,Planta_3,90.92,1.65
6808,2026-01-09 02:50:00,S008,Planta_1,100.31,3.84
6809,2026-01-09 02:50:00,S009,Planta_1,87.7,2.1
6828,2026-01-09 02:50:00,S028,Planta_3,87.01,3.2
6830,2026-01-09 02:50:00,S030,Planta_3,85.34,1.53
6832,2026-01-09 02:50:00,S032,Planta_4,96.11,1.99
6846,2026-01-09 02:51:00,S006,Planta_1,98.91,1.37
6862,2026-01-09 02:51:00,S022,Planta_3,102.76,1.17
6869,2026-01-09 02:51:00,S029,Planta_3,87.95,0.74
6883,2026-01-09 02:52:00,S003,Planta_1,91.88,5.03
6891,2026-01-09 02:52:00,S011,Planta_2,88.27,2.69
6894,2026-01-09 02:52:00,S014,Planta_2,90.35,2.12
6914,2026-01-09 02:52:00,S034,Planta_4,93.04,4.64
6960,2026-01-09 02:53:00,S040,Planta_4,88.26,2.17
6977,2026-01-09 02:54:00,S017,Planta_2,90.13,0.9
6980,2026-01-09 02:54:00,S020,Planta_2,87.55,2.5
7009,2026-01-09 02:55:00,S009,Planta_1,96.22,4.64
7035,2026-01-09 02:55:00,S035,Planta_4,93.27,5.25
7050,2026-01-09 02:56:00,S010,Planta_1,85.72,0.72
7061,2026-01-09 02:56:00,S021,Planta_3,91.46,4.02
7101,2026-01-09 02:57:00,S021,Planta_3,85.42,1.27
7143,2026-01-09 02:58:00,S023,Planta_3,93.77,1.38
7162,2026-01-09 02:59:00,S002,Planta_1,95.1,4.27
7186,2026-01-09 02:59:00,S026,Planta_3,95.32,3.48
7193,2026-01-09 02:59:00,S033,Planta_4,97.94,3.94
7203,2026-01-09 03:00:00,S003,Planta_1,91.05,2.74
7213,2026-01-09 03:00:00,S013,Planta_2,86.32,3.49
7221,2026-01-09 03:00:00,S021,Planta_3,89.11,1.4
7233,2026-01-09 03:00:00,S033,Planta_4,97.49,4.18
7250,2026-01-09 03:01:00,S010,Planta_1,95.65,3.45
7257,2026-01-09 03:01:00,S017,Planta_2,101.9,5.16
7274,2026-01-09 03:01:00,S034,Planta_4,98.74,4.85
7284,2026-01-09 03:02:00,S004,Planta_1,102.43,4.05
7289,2026-01-09 03:02:00,S009,Planta_1,101.68,4.3
7295,2026-01-09 03:02:00,S015,Planta_2,87.32,4.06
7312,2026-01-09 03:02:00,S032,Planta_4,89.92,5.45
7322,2026-01-09 03:03:00,S002,Planta_1,89.63,2.85
7337,2026-01-09 03:03:00,S017,Planta_2,87.96,3.87
7346,2026-01-09 03:03:00,S026,Planta_3,94.96,1.43
7361,2026-01-09 03:04:00,S001,Planta_1,91.56,4.75
7362,2026-01-09 03:04:00,S002,Planta_1,90.65,2.03
7370,2026-01-09 03:04:00,S010,Planta_1,95.36,4.09
7376,2026-01-09 03:04:00,S016,Planta_2,92.2,3.54
7384,2026-01-09 03:04:00,S024,Planta_3,94.09,2.79
7410,2026-01-09 03:05:00,S010,Planta_1,104.45,2.69
7422,2026-01-09 03:05:00,S022,Planta_3,89.68,1.42
7435,2026-01-09 03:05:00,S035,Planta_4,90.33,2.98
7461,2026-01-09 03:06:00,S021,Planta_3,87.32,0.59
7470,2026-01-09 03:06:00,S030,Planta_3,101.2,0.79
7492,2026-01-09 03:07:00,S012,Planta_2,90.02,1.29
7515,2026-01-09 03:07:00,S035,Planta_4,95.0,0.9
7538,2026-01-09 03:08:00,S018,Planta_2,94.55,1.39
7556,2026-01-09 03:08:00,S036,Planta_4,96.08,4.51
7569,2026-01-09 03:09:00,S009,Planta_1,102.69,3.09
7575,2026-01-09 03:09:00,S015,Planta_2,86.71,1.6
7577,2026-01-09 03:09:00,S017,Planta_2,104.16,2.53
7588,2026-01-09 03:09:00,S028,Planta_3,102.69,2.79
7606,2026-01-09 03:10:00,S006,Planta_1,99.73,4.97
7610,2026-01-09 03:10:00,S010,Planta_1,101.5,1.0
7655,2026-01-09 03:11:00,S015,Planta_2,92.71,2.81
7676,2026-01-09 03:11:00,S036,Planta_4,93.21,0.97
7681,2026-01-09 03:12:00,S001,Planta_1,99.0,3.45
7692,2026-01-09 03:12:00,S012,Planta_2,99.73,3.98
7700,2026-01-09 03:12:00,S020,Planta_2,100.39,1.8
7713,2026-01-09 03:12:00,S033,Planta_4,85.88,2.11
7722,2026-01-09 03:13:00,S002,Planta_1,99.73,1.08
7725,2026-01-09 03:13:00,S005,Planta_1,103.82,3.59
7750,2026-01-09 03:13:00,S030,Planta_3,88.21,4.57
7753,2026-01-09 03:13:00,S033,Planta_4,103.94,2.88
7787,2026-01-09 03:14:00,S027,Planta_3,89.42,1.54
7793,2026-01-09 03:14:00,S033,Planta_4,92.36,3.82
7794,2026-01-09 03:14:00,S034,Planta_4,91.3,2.39
7797,2026-01-09 03:14:00,S037,Planta_4,100.53,3.84
7835,2026-01-09 03:15:00,S035,Planta_4,93.36,5.1
7843,2026-01-09 03:16:00,S003,Planta_1,89.45,4.88
7849,2026-01-09 03:16:00,S009,Planta_1,96.75,1.84
7855,2026-01-09 03:16:00,S015,Planta_2,97.78,3.04
7862,2026-01-09 03:16:00,S022,Planta_3,100.27,4.44
7914,2026-01-09 03:17:00,S034,Planta_4,95.35,4.2
7920,2026-01-09 03:17:00,S040,Planta_4,97.92,3.14
7923,2026-01-09 03:18:00,S003,Planta_1,89.53,4.53
7944,2026-01-09 03:18:00,S024,Planta_3,85.23,1.67
7960,2026-01-09 03:18:00,S040,Planta_4,94.62,0.63
7964,2026-01-09 03:19:00,S004,Planta_1,90.07,2.77
7975,2026-01-09 03:19:00,S015,Planta_2,96.96,0.9
7978,2026-01-09 03:19:00,S018,Planta_2,92.54,2.69
7997,2026-01-09 03:19:00,S037,Planta_4,95.84,4.31
8010,2026-01-09 03:20:00,S010,Planta_1,97.23,5.09
8021,2026-01-09 03:20:00,S021,Planta_3,85.56,4.7
8040,2026-01-09 03:20:00,S040,Planta_4,100.2,2.74
8094,2026-01-09 03:22:00,S014,Planta_2,92.19,1.58
8102,2026-01-09 03:22:00,S022,Planta_3,103.32,0.67
8105,2026-01-09 03:22:00,S025,Planta_3,98.09,4.11
8107,2026-01-09 03:22:00,S027,Planta_3,97.34,2.28
8110,2026-01-09 03:22:00,S030,Planta_3,91.12,1.66
8111,2026-01-09 03:22:00,S031,Planta_4,91.54,0.69
8121,2026-01-09 03:23:00,S001,Planta_1,86.07,5.46
8127,2026-01-09 03:23:00,S007,Planta_1,94.79,3.5
8139,2026-01-09 03:23:00,S019,Planta_2,87.55,5.39
8142,2026-01-09 03:23:00,S022,Planta_3,96.55,0.69
8144,2026-01-09 03:23:00,S024,Planta_3,101.61,5.27
8145,2026-01-09 03:23:00,S025,Planta_3,94.87,4.39
8147,2026-01-09 03:23:00,S027,Planta_3,88.68,0.72
8181,2026-01-09 03:24:00,S021,Planta_3,95.0,4.23
8192,2026-01-09 03:24:00,S032,Planta_4,98.77,3.51
8201,2026-01-09 03:25:00,S001,Planta_1,95.76,5.43
8207,2026-01-09 03:25:00,S007,Planta_1,90.04,4.95
8214,2026-01-09 03:25:00,S014,Planta_2,101.84,3.62
8216,2026-01-09 03:25:00,S016,Planta_2,97.46,2.58
8245,2026-01-09 03:26:00,S005,Planta_1,87.28,2.54
8251,2026-01-09 03:26:00,S011,Planta_2,102.64,3.93
8255,2026-01-09 03:26:00,S015,Planta_2,91.63,1.23
8258,2026-01-09 03:26:00,S018,Planta_2,101.15,1.86
8312,2026-01-09 03:27:00,S032,Planta_4,97.12,4.99
8319,2026-01-09 03:27:00,S039,Planta_4,102.52,2.31
8324,2026-01-09 03:28:00,S004,Planta_1,102.66,1.11
8348,2026-01-09 03:28:00,S028,Planta_3,100.92,1.35
8362,2026-01-09 03:29:00,S002,Planta_1,87.56,4.32
8369,2026-01-09 03:29:00,S009,Planta_1,100.18,0.63
8380,2026-01-09 03:29:00,S020,Planta_2,93.01,4.59
8390,2026-01-09 03:29:00,S030,Planta_3,99.1,1.19
8404,2026-01-09 03:30:00,S004,Planta_1,96.87,4.09
8415,2026-01-09 03:30:00,S015,Planta_2,98.61,4.03
8431,2026-01-09 03:30:00,S031,Planta_4,102.78,1.49
8464,2026-01-09 03:31:00,S024,Planta_3,100.85,2.05
8480,2026-01-09 03:31:00,S040,Planta_4,89.49,5.2
8535,2026-01-09 03:33:00,S015,Planta_2,98.64,3.65
8549,2026-01-09 03:33:00,S029,Planta_3,89.7,2.97
8567,2026-01-09 03:34:00,S007,Planta_1,102.77,4.55
8577,2026-01-09 03:34:00,S017,Planta_2,87.53,0.51
8613,2026-01-09 03:35:00,S013,Planta_2,87.87,2.33
8646,2026-01-09 03:36:00,S006,Planta_1,96.7,3.0
8647,2026-01-09 03:36:00,S007,Planta_1,85.01,1.56
8649,2026-01-09 03:36:00,S009,Planta_1,85.12,0.51
8652,2026-01-09 03:36:00,S012,Planta_2,104.91,2.8
8662,2026-01-09 03:36:00,S022,Planta_3,91.28,3.82
8670,2026-01-09 03:36:00,S030,Planta_3,92.48,4.39
8676,2026-01-09 03:36:00,S036,Planta_4,88.15,4.38
8677,2026-01-09 03:36:00,S037,Planta_4,101.48,2.09
8705,2026-01-09 03:37:00,S025,Planta_3,101.1,0.69
8715,2026-01-09 03:37:00,S035,Planta_4,100.19,0.61
8716,2026-01-09 03:37:00,S036,Planta_4,100.05,2.18
8724,2026-01-09 03:38:00,S004,Planta_1,86.92,2.53
8729,2026-01-09 03:38:00,S009,Planta_1,85.3,5.14
8732,2026-01-09 03:38:00,S012,Planta_2,91.8,1.25
8737,2026-01-09 03:38:00,S017,Planta_2,98.87,4.98
8757,2026-01-09 03:38:00,S037,Planta_4,99.88,4.87
8762,2026-01-09 03:39:00,S002,Planta_1,98.47,0.83
8775,2026-01-09 03:39:00,S015,Planta_2,92.35,0.89
8783,2026-01-09 03:39:00,S023,Planta_3,104.56,1.15
8792,2026-01-09 03:39:00,S032,Planta_4,85.54,2.47
8808,2026-01-09 03:40:00,S008,Planta_1,94.19,1.46
8816,2026-01-09 03:40:00,S016,Planta_2,104.88,2.3
8823,2026-01-09 03:40:00,S023,Planta_3,90.89,4.13
8845,2026-01-09 03:41:00,S005,Planta_1,93.18,4.5
8852,2026-01-09 03:41:00,S012,Planta_2,104.24,1.24
8854,2026-01-09 03:41:00,S014,Planta_2,103.8,3.92
8857,2026-01-09 03:41:00,S017,Planta_2,89.52,4.16
8877,2026-01-09 03:41:00,S037,Planta_4,102.81,1.57
8893,2026-01-09 03:42:00,S013,Planta_2,103.32,2.93
8919,2026-01-09 03:42:00,S039,Planta_4,102.6,3.02
8927,2026-01-09 03:43:00,S007,Planta_1,93.87,4.01
8933,2026-01-09 03:43:00,S013,Planta_2,95.38,1.16
8937,2026-01-09 03:43:00,S017,Planta_2,102.13,0.69
8946,2026-01-09 03:43:00,S026,Planta_3,88.42,3.25
8950,2026-01-09 03:43:00,S030,Planta_3,104.62,2.95
8959,2026-01-09 03:43:00,S039,Planta_4,92.89,2.06
8962,2026-01-09 03:44:00,S002,Planta_1,97.41,2.72
8996,2026-01-09 03:44:00,S036,Planta_4,101.65,4.49
8997,2026-01-09 03:44:00,S037,Planta_4,103.7,2.13
8998,2026-01-09 03:44:00,S038,Planta_4,93.3,3.38
9031,2026-01-09 03:45:00,S031,Planta_4,98.53,3.81
9038,2026-01-09 03:45:00,S038,Planta_4,86.05,5.11
9059,2026-01-09 03:46:00,S019,Planta_2,99.78,2.02
9081,2026-01-09 03:47:00,S001,Planta_1,88.21,4.16
9093,2026-01-09 03:47:00,S013,Planta_2,86.0,3.51
9112,2026-01-09 03:47:00,S032,Planta_4,103.36,2.07
9120,2026-01-09 03:47:00,S040,Planta_4,88.46,1.17
9163,2026-01-09 03:49:00,S003,Planta_1,103.85,2.3
9164,2026-01-09 03:49:00,S004,Planta_1,98.14,2.88
9183,2026-01-09 03:49:00,S023,Planta_3,88.9,4.41
9184,2026-01-09 03:49:00,S024,Planta_3,90.08,5.32
9227,2026-01-09 03:50:00,S027,Planta_3,93.36,4.69
9255,2026-01-09 03:51:00,S015,Planta_2,103.29,5.13
9304,2026-01-09 03:52:00,S024,Planta_3,92.43,2.26
9311,2026-01-09 03:52:00,S031,Planta_4,90.54,4.57
9312,2026-01-09 03:52:00,S032,Planta_4,102.34,2.07
9324,2026-01-09 03:53:00,S004,Planta_1,88.98,4.57
9350,2026-01-09 03:53:00,S030,Planta_3,95.32,5.13
9356,2026-01-09 03:53:00,S036,Planta_4,103.29,2.96
9368,2026-01-09 03:54:00,S008,Planta_1,104.63,5.09
9370,2026-01-09 03:54:00,S010,Planta_1,101.91,5.26
9396,2026-01-09 03:54:00,S036,Planta_4,96.42,5.15
9400,2026-01-09 03:54:00,S040,Planta_4,99.42,2.03
9402,2026-01-09 03:55:00,S002,Planta_1,95.0,4.51
9404,2026-01-09 03:55:00,S004,Planta_1,101.89,2.38
9405,2026-01-09 03:55:00,S005,Planta_1,93.25,3.65
9423,2026-01-09 03:55:00,S023,Planta_3,88.02,2.1
9447,2026-01-09 03:56:00,S007,Planta_1,94.99,5.22
9452,2026-01-09 03:56:00,S012,Planta_2,95.12,1.37
9463,2026-01-09 03:56:00,S023,Planta_3,90.84,3.48
9467,2026-01-09 03:56:00,S027,Planta_3,93.47,4.87
9493,2026-01-09 03:57:00,S013,Planta_2,93.43,2.23
9497,2026-01-09 03:57:00,S017,Planta_2,98.01,1.41
9502,2026-01-09 03:57:00,S022,Planta_3,92.12,2.61
9537,2026-01-09 03:58:00,S017,Planta_2,87.93,3.42
9597,2026-01-09 03:59:00,S037,Planta_4,99.51,4.43
9609,2026-01-09 04:00:00,S009,Planta_1,104.96,4.73
9624,2026-01-09 04:00:00,S024,Planta_3,87.95,3.35
9666,2026-01-09 04:01:00,S026,Planta_3,102.55,1.89
9673,2026-01-09 04:01:00,S033,Planta_4,91.26,3.25
9682,2026-01-09 04:02:00,S002,Planta_1,99.7,1.42
9684,2026-01-09 04:02:00,S004,Planta_1,101.16,2.67
9700,2026-01-09 04:02:00,S020,Planta_2,89.39,3.35
9720,2026-01-09 04:02:00,S040,Planta_4,99.65,5.43
9723,2026-01-09 04:03:00,S003,Planta_1,97.58,3.99
9725,2026-01-09 04:03:00,S005,Planta_1,87.72,1.18
9727,2026-01-09 04:03:00,S007,Planta_1,85.86,4.26
9791,2026-01-09 04:04:00,S031,Planta_4,95.82,3.37
9816,2026-01-09 04:05:00,S016,Planta_2,98.76,4.6
9823,2026-01-09 04:05:00,S023,Planta_3,99.64,4.09
9827,2026-01-09 04:05:00,S027,Planta_3,96.39,2.97
9828,2026-01-09 04:05:00,S028,Planta_3,102.33,2.87
9860,2026-01-09 04:06:00,S020,Planta_2,89.69,3.85
9874,2026-01-09 04:06:00,S034,Planta_4,90.47,4.48
9884,2026-01-09 04:07:00,S004,Planta_1,99.95,3.56
9887,2026-01-09 04:07:00,S007,Planta_1,95.21,2.73
9909,2026-01-09 04:07:00,S029,Planta_3,104.41,3.57
9926,2026-01-09 04:08:00,S006,Planta_1,100.82,4.58
9927,2026-01-09 04:08:00,S007,Planta_1,103.72,0.76
9992,2026-01-09 04:09:00,S032,Planta_4,90.62,2.28
9995,2026-01-09 04:09:00,S035,Planta_4,103.92,1.27
10001,2026-01-09 04:10:00,S001,Planta_1,96.9,2.21
10007,2026-01-09 04:10:00,S007,Planta_1,87.42,3.13
10023,2026-01-09 04:10:00,S023,Planta_3,88.77,4.75
10031,2026-01-09 04:10:00,S031,Planta_4,91.97,4.76
10032,2026-01-09 04:10:00,S032,Planta_4,87.44,0.58
10048,2026-01-09 04:11:00,S008,Planta_1,94.6,0.85
10057,2026-01-09 04:11:00,S017,Planta_2,95.14,5.09
10065,2026-01-09 04:11:00,S025,Planta_3,95.68,5.14
10101,2026-01-09 04:12:00,S021,Planta_3,88.02,1.1
10102,2026-01-09 04:12:00,S022,Planta_3,96.78,3.6
10111,2026-01-09 04:12:00,S031,Planta_4,96.61,3.47
10143,2026-01-09 04:13:00,S023,Planta_3,92.79,2.22
10153,2026-01-09 04:13:00,S033,Planta_4,90.49,4.55
10159,2026-01-09 04:13:00,S039,Planta_4,86.64,5.04
10160,2026-01-09 04:13:00,S040,Planta_4,94.54,0.57
10169,2026-01-09 04:14:00,S009,Planta_1,100.85,3.86
10189,2026-01-09 04:14:00,S029,Planta_3,101.12,4.37
10192,2026-01-09 04:14:00,S032,Planta_4,92.66,2.36
10194,2026-01-09 04:14:00,S034,Planta_4,97.14,1.01
10217,2026-01-09 04:15:00,S017,Planta_2,98.64,4.78
10223,2026-01-09 04:15:00,S023,Planta_3,103.74,2.62
10229,2026-01-09 04:15:00,S029,Planta_3,89.27,1.4
10235,2026-01-09 04:15:00,S035,Planta_4,89.04,2.91
10271,2026-01-09 04:16:00,S031,Planta_4,99.41,1.49
10274,2026-01-09 04:16:00,S034,Planta_4,99.4,1.03
10285,2026-01-09 04:17:00,S005,Planta_1,94.54,2.6
10286,2026-01-09 04:17:00,S006,Planta_1,99.79,0.53
10290,2026-01-09 04:17:00,S010,Planta_1,97.85,3.48
10301,2026-01-09 04:17:00,S021,Planta_3,96.33,3.84
10319,2026-01-09 04:17:00,S039,Planta_4,86.58,5.31
10336,2026-01-09 04:18:00,S016,Planta_2,103.54,3.38
10346,2026-01-09 04:18:00,S026,Planta_3,94.46,3.78
10347,2026-01-09 04:18:00,S027,Planta_3,95.99,0.65
10382,2026-01-09 04:19:00,S022,Planta_3,88.67,2.59
10394,2026-01-09 04:19:00,S034,Planta_4,102.26,3.89
10419,2026-01-09 04:20:00,S019,Planta_2,92.31,4.88
10481,2026-01-09 04:22:00,S001,Planta_1,100.21,1.8
10502,2026-01-09 04:22:00,S022,Planta_3,89.07,3.54
10513,2026-01-09 04:22:00,S033,Planta_4,95.52,1.12
10522,2026-01-09 04:23:00,S002,Planta_1,89.45,1.16
10550,2026-01-09 04:23:00,S030,Planta_3,93.58,4.21
10553,2026-01-09 04:23:00,S033,Planta_4,103.2,5.22
10575,2026-01-09 04:24:00,S015,Planta_2,94.02,2.99
10580,2026-01-09 04:24:00,S020,Planta_2,89.0,3.91
10629,2026-01-09 04:25:00,S029,Planta_3,101.2,2.28
10634,2026-01-09 04:25:00,S034,Planta_4,101.51,4.69
10660,2026-01-09 04:26:00,S020,Planta_2,92.49,1.11
10662,2026-01-09 04:26:00,S022,Planta_3,87.38,1.5
10679,2026-01-09 04:26:00,S039,Planta_4,103.78,0.63
10685,2026-01-09 04:27:00,S005,Planta_1,102.61,4.57
10701,2026-01-09 04:27:00,S021,Planta_3,94.77,4.7
10737,2026-01-09 04:28:00,S017,Planta_2,96.92,3.44
10750,2026-01-09 04:28:00,S030,Planta_3,93.64,3.07
10758,2026-01-09 04:28:00,S038,Planta_4,102.28,5.42
10798,2026-01-09 04:29:00,S038,Planta_4,88.91,0.95
10824,2026-01-09 04:30:00,S024,Planta_3,93.54,5.31
10833,2026-01-09 04:30:00,S033,Planta_4,90.0,2.82
10842,2026-01-09 04:31:00,S002,Planta_1,88.5,3.09
10855,2026-01-09 04:31:00,S015,Planta_2,97.31,2.47
10861,2026-01-09 04:31:00,S021,Planta_3,98.66,0.76
10882,2026-01-09 04:32:00,S002,Planta_1,86.87,3.03
10884,2026-01-09 04:32:00,S004,Planta_1,85.18,4.35
10892,2026-01-09 04:32:00,S012,Planta_2,95.71,3.29
10903,2026-01-09 04:32:00,S023,Planta_3,104.41,5.03
10917,2026-01-09 04:32:00,S037,Planta_4,92.27,1.9
10937,2026-01-09 04:33:00,S017,Planta_2,104.78,3.88
10946,2026-01-09 04:33:00,S026,Planta_3,87.42,2.91
10951,2026-01-09 04:33:00,S031,Planta_4,100.39,2.59
10967,2026-01-09 04:34:00,S007,Planta_1,103.85,1.99
10968,2026-01-09 04:34:00,S008,Planta_1,95.4,3.96
10972,2026-01-09 04:34:00,S012,Planta_2,94.05,0.82
10992,2026-01-09 04:34:00,S032,Planta_4,102.54,0.95
10999,2026-01-09 04:34:00,S039,Planta_4,99.12,1.28
11011,2026-01-09 04:35:00,S011,Planta_2,101.74,2.5
11035,2026-01-09 04:35:00,S035,Planta_4,88.28,1.51
11036,2026-01-09 04:35:00,S036,Planta_4,91.49,2.83
11040,2026-01-09 04:35:00,S040,Planta_4,98.63,4.49
11054,2026-01-09 04:36:00,S014,Planta_2,90.69,3.15
11082,2026-01-09 04:37:00,S002,Planta_1,93.84,4.04
11100,2026-01-09 04:37:00,S020,Planta_2,103.98,2.25
11104,2026-01-09 04:37:00,S024,Planta_3,97.7,3.98
11133,2026-01-09 04:38:00,S013,Planta_2,94.79,1.46
11138,2026-01-09 04:38:00,S018,Planta_2,96.71,1.11
11144,2026-01-09 04:38:00,S024,Planta_3,93.81,4.23
11148,2026-01-09 04:38:00,S028,Planta_3,85.99,3.0
11165,2026-01-09 04:39:00,S005,Planta_1,96.15,1.93
11177,2026-01-09 04:39:00,S017,Planta_2,97.82,4.68
11210,2026-01-09 04:40:00,S010,Planta_1,98.73,1.08
11217,2026-01-09 04:40:00,S017,Planta_2,92.5,4.34
11231,2026-01-09 04:40:00,S031,Planta_4,102.02,1.13
11245,2026-01-09 04:41:00,S005,Planta_1,104.06,3.06
11256,2026-01-09 04:41:00,S016,Planta_2,87.39,1.58
11269,2026-01-09 04:41:00,S029,Planta_3,86.93,0.93
11283,2026-01-09 04:42:00,S003,Planta_1,103.28,4.98
11290,2026-01-09 04:42:00,S010,Planta_1,87.91,4.9
11315,2026-01-09 04:42:00,S035,Planta_4,95.14,1.6
11323,2026-01-09 04:43:00,S003,Planta_1,103.11,5.03
11340,2026-01-09 04:43:00,S020,Planta_2,102.56,0.62
11341,2026-01-09 04:43:00,S021,Planta_3,99.29,5.46
11356,2026-01-09 04:43:00,S036,Planta_4,92.18,4.22
11360,2026-01-09 04:43:00,S040,Planta_4,86.86,4.11
11366,2026-01-09 04:44:00,S006,Planta_1,103.37,4.29
11373,2026-01-09 04:44:00,S013,Planta_2,96.04,2.57
11376,2026-01-09 04:44:00,S016,Planta_2,101.87,0.53
11377,2026-01-09 04:44:00,S017,Planta_2,94.5,2.22
11386,2026-01-09 04:44:00,S026,Planta_3,91.91,0.63
11387,2026-01-09 04:44:00,S027,Planta_3,90.84,1.41
11392,2026-01-09 04:44:00,S032,Planta_4,101.92,4.79
11400,2026-01-09 04:44:00,S040,Planta_4,85.02,3.38
11401,2026-01-09 04:45:00,S001,Planta_1,98.43,0.63
11411,2026-01-09 04:45:00,S011,Planta_2,103.79,5.44
11422,2026-01-09 04:45:00,S022,Planta_3,91.85,4.85
11435,2026-01-09 04:45:00,S035,Planta_4,88.01,2.52
11446,2026-01-09 04:46:00,S006,Planta_1,87.58,2.65
11521,2026-01-09 04:48:00,S001,Planta_1,88.67,3.8
11524,2026-01-09 04:48:00,S004,Planta_1,99.44,4.05
11537,2026-01-09 04:48:00,S017,Planta_2,99.11,5.19
11556,2026-01-09 04:48:00,S036,Planta_4,100.13,0.84
11562,2026-01-09 04:49:00,S002,Planta_1,90.17,3.47
11587,2026-01-09 04:49:00,S027,Planta_3,86.7,3.11
11588,2026-01-09 04:49:00,S028,Planta_3,88.59,5.37
11591,2026-01-09 04:49:00,S031,Planta_4,104.97,5.3
11605,2026-01-09 04:50:00,S005,Planta_1,102.89,3.61
11610,2026-01-09 04:50:00,S010,Planta_1,87.19,0.74
11613,2026-01-09 04:50:00,S013,Planta_2,91.83,4.46
11621,2026-01-09 04:50:00,S021,Planta_3,99.56,4.89
11623,2026-01-09 04:50:00,S023,Planta_3,100.29,1.84
11649,2026-01-09 04:51:00,S009,Planta_1,93.46,3.15
11651,2026-01-09 04:51:00,S011,Planta_2,94.57,4.5
11668,2026-01-09 04:51:00,S028,Planta_3,97.67,4.73
11678,2026-01-09 04:51:00,S038,Planta_4,86.97,1.13
11688,2026-01-09 04:52:00,S008,Planta_1,102.48,2.12
11708,2026-01-09 04:52:00,S028,Planta_3,92.29,5.22
11713,2026-01-09 04:52:00,S033,Planta_4,100.17,2.51
11716,2026-01-09 04:52:00,S036,Planta_4,102.23,4.35
11730,2026-01-09 04:53:00,S010,Planta_1,92.12,4.64
11772,2026-01-09 04:54:00,S012,Planta_2,97.92,3.84
11795,2026-01-09 04:54:00,S035,Planta_4,94.49,1.7
11806,2026-01-09 04:55:00,S006,Planta_1,104.5,0.64
11824,2026-01-09 04:55:00,S024,Planta_3,95.25,0.58
11830,2026-01-09 04:55:00,S030,Planta_3,89.25,2.03
11860,2026-01-09 04:56:00,S020,Planta_2,95.97,2.67
11898,2026-01-09 04:57:00,S018,Planta_2,88.32,1.85
11900,2026-01-09 04:57:00,S020,Planta_2,88.56,3.32
11905,2026-01-09 04:57:00,S025,Planta_3,100.76,4.79
11918,2026-01-09 04:57:00,S038,Planta_4,90.06,1.66
11934,2026-01-09 04:58:00,S014,Planta_2,98.45,2.9
11938,2026-01-09 04:58:00,S018,Planta_2,94.37,4.01
11942,2026-01-09 04:58:00,S022,Planta_3,104.96,2.85
11964,2026-01-09 04:59:00,S004,Planta_1,98.84,1.32
11969,2026-01-09 04:59:00,S009,Planta_1,96.72,4.35
11997,2026-01-09 04:59:00,S037,Planta_4,85.97,0.76
12008,2026-01-09 05:00:00,S008,Planta_1,96.46,5.14
12025,2026-01-09 05:00:00,S025,Planta_3,98.91,5.05
12027,2026-01-09 05:00:00,S027,Planta_3,86.89,3.41
12028,2026-01-09 05:00:00,S028,Planta_3,104.28,3.33
12043,2026-01-09 05:01:00,S003,Planta_1,102.33,1.16
12049,2026-01-09 05:01:00,S009,Planta_1,104.08,5.34
12055,2026-01-09 05:01:00,S015,Planta_2,93.77,2.12
12071,2026-01-09 05:01:00,S031,Planta_4,97.54,3.71
12090,2026-01-09 05:02:00,S010,Planta_1,92.08,4.49
12114,2026-01-09 05:02:00,S034,Planta_4,99.53,1.58
12135,2026-01-09 05:03:00,S015,Planta_2,98.51,3.56
12139,2026-01-09 05:03:00,S019,Planta_2,87.12,3.02
12144,2026-01-09 05:03:00,S024,Planta_3,103.73,0.55
12151,2026-01-09 05:03:00,S031,Planta_4,98.48,3.95
12208,2026-01-09 05:05:00,S008,Planta_1,89.44,1.59
12234,2026-01-09 05:05:00,S034,Planta_4,90.38,1.98
12237,2026-01-09 05:05:00,S037,Planta_4,103.23,1.42
12264,2026-01-09 05:06:00,S024,Planta_3,97.18,2.32
12265,2026-01-09 05:06:00,S025,Planta_3,97.56,2.38
12278,2026-01-09 05:06:00,S038,Planta_4,85.81,2.68
12294,2026-01-09 05:07:00,S014,Planta_2,101.81,1.76
12295,2026-01-09 05:07:00,S015,Planta_2,103.49,4.38
12312,2026-01-09 05:07:00,S032,Planta_4,96.28,1.03
12370,2026-01-09 05:09:00,S010,Planta_1,92.52,3.86
12374,2026-01-09 05:09:00,S014,Planta_2,96.82,3.61
12384,2026-01-09 05:09:00,S024,Planta_3,92.31,4.26
12385,2026-01-09 05:09:00,S025,Planta_3,99.5,5.25
12386,2026-01-09 05:09:00,S026,Planta_3,93.04,1.96
12395,2026-01-09 05:09:00,S035,Planta_4,98.04,1.27
12419,2026-01-09 05:10:00,S019,Planta_2,95.51,2.32
12436,2026-01-09 05:10:00,S036,Planta_4,85.1,2.72
12465,2026-01-09 05:11:00,S025,Planta_3,88.68,5.01
12482,2026-01-09 05:12:00,S002,Planta_1,99.48,1.18
12493,2026-01-09 05:12:00,S013,Planta_2,100.53,2.9
12514,2026-01-09 05:12:00,S034,Planta_4,88.13,4.88
12516,2026-01-09 05:12:00,S036,Planta_4,96.86,5.15
12522,2026-01-09 05:13:00,S002,Planta_1,102.93,5.14
12532,2026-01-09 05:13:00,S012,Planta_2,88.86,3.36
12552,2026-01-09 05:13:00,S032,Planta_4,98.62,0.62
12569,2026-01-09 05:14:00,S009,Planta_1,98.23,4.15
12584,2026-01-09 05:14:00,S024,Planta_3,94.02,4.14
12599,2026-01-09 05:14:00,S039,Planta_4,100.94,5.33
12607,2026-01-09 05:15:00,S007,Planta_1,87.67,3.56
12616,2026-01-09 05:15:00,S016,Planta_2,90.88,2.29
12659,2026-01-09 05:16:00,S019,Planta_2,103.25,3.22
12663,2026-01-09 05:16:00,S023,Planta_3,95.14,1.79
12671,2026-01-09 05:16:00,S031,Planta_4,92.16,1.75
12673,2026-01-09 05:16:00,S033,Planta_4,98.18,2.96
12700,2026-01-09 05:17:00,S020,Planta_2,99.51,5.09
12705,2026-01-09 05:17:00,S025,Planta_3,93.36,5.37
12709,2026-01-09 05:17:00,S029,Planta_3,99.34,1.32
12715,2026-01-09 05:17:00,S035,Planta_4,97.69,3.82
12738,2026-01-09 05:18:00,S018,Planta_2,104.65,0.62
12742,2026-01-09 05:18:00,S022,Planta_3,95.84,2.62
12743,2026-01-09 05:18:00,S023,Planta_3,93.44,2.06
12747,2026-01-09 05:18:00,S027,Planta_3,104.47,4.64
12771,2026-01-09 05:19:00,S011,Planta_2,102.88,0.86
12778,2026-01-09 05:19:00,S018,Planta_2,99.71,2.99
12784,2026-01-09 05:19:00,S024,Planta_3,89.72,1.99
12822,2026-01-09 05:20:00,S022,Planta_3,97.55,2.77
12850,2026-01-09 05:21:00,S010,Planta_1,96.53,1.24
12919,2026-01-09 05:22:00,S039,Planta_4,96.26,1.07
12923,2026-01-09 05:23:00,S003,Planta_1,88.06,5.03
12940,2026-01-09 05:23:00,S020,Planta_2,86.86,0.72
12959,2026-01-09 05:23:00,S039,Planta_4,100.33,1.0
12965,2026-01-09 05:24:00,S005,Planta_1,102.11,1.0
12972,2026-01-09 05:24:00,S012,Planta_2,92.85,4.1
12997,2026-01-09 05:24:00,S037,Planta_4,92.2,5.17
13016,2026-01-09 05:25:00,S016,Planta_2,88.79,2.69
13024,2026-01-09 05:25:00,S024,Planta_3,88.13,5.14
13031,2026-01-09 05:25:00,S031,Planta_4,103.82,4.01
13035,2026-01-09 05:25:00,S035,Planta_4,104.21,4.51
13046,2026-01-09 05:26:00,S006,Planta_1,89.8,1.71
13055,2026-01-09 05:26:00,S015,Planta_2,94.48,1.34
13064,2026-01-09 05:26:00,S024,Planta_3,103.73,0.79
13065,2026-01-09 05:26:00,S025,Planta_3,91.52,3.67
13076,2026-01-09 05:26:00,S036,Planta_4,103.75,5.28
13089,2026-01-09 05:27:00,S009,Planta_1,94.04,0.65
13098,2026-01-09 05:27:00,S018,Planta_2,100.35,5.08
13115,2026-01-09 05:27:00,S035,Planta_4,94.55,0.82
13128,2026-01-09 05:28:00,S008,Planta_1,94.47,4.34
13130,2026-01-09 05:28:00,S010,Planta_1,90.2,1.33
13135,2026-01-09 05:28:00,S015,Planta_2,100.42,1.14
13151,2026-01-09 05:28:00,S031,Planta_4,90.09,3.92
13158,2026-01-09 05:28:00,S038,Planta_4,86.51,2.88
13174,2026-01-09 05:29:00,S014,Planta_2,104.01,3.87
13177,2026-01-09 05:29:00,S017,Planta_2,92.83,3.07
13185,2026-01-09 05:29:00,S025,Planta_3,93.55,2.97
13192,2026-01-09 05:29:00,S032,Planta_4,100.47,3.36
13210,2026-01-09 05:30:00,S010,Planta_1,98.31,1.29
13231,2026-01-09 05:30:00,S031,Planta_4,92.65,3.7
13234,2026-01-09 05:30:00,S034,Planta_4,104.79,3.03
13243,2026-01-09 05:31:00,S003,Planta_1,104.36,2.61
13249,2026-01-09 05:31:00,S009,Planta_1,99.84,1.68
13257,2026-01-09 05:31:00,S017,Planta_2,85.18,4.89
13264,2026-01-09 05:31:00,S024,Planta_3,94.57,1.62
13290,2026-01-09 05:32:00,S010,Planta_1,87.62,4.85
13300,2026-01-09 05:32:00,S020,Planta_2,93.47,0.78
13316,2026-01-09 05:32:00,S036,Planta_4,88.37,0.87
13320,2026-01-09 05:32:00,S040,Planta_4,92.59,4.29
13330,2026-01-09 05:33:00,S010,Planta_1,102.01,5.35
13339,2026-01-09 05:33:00,S019,Planta_2,85.42,4.41
13342,2026-01-09 05:33:00,S022,Planta_3,86.79,2.11
13392,2026-01-09 05:34:00,S032,Planta_4,100.65,1.27
13396,2026-01-09 05:34:00,S036,Planta_4,96.78,2.74
13408,2026-01-09 05:35:00,S008,Planta_1,99.89,3.83
13421,2026-01-09 05:35:00,S021,Planta_3,91.87,4.04
13431,2026-01-09 05:35:00,S031,Planta_4,92.79,3.8
13437,2026-01-09 05:35:00,S037,Planta_4,104.77,2.89
13448,2026-01-09 05:36:00,S008,Planta_1,98.68,4.02
13473,2026-01-09 05:36:00,S033,Planta_4,102.69,2.88
13478,2026-01-09 05:36:00,S038,Planta_4,86.2,2.25
13481,2026-01-09 05:37:00,S001,Planta_1,85.79,3.46
13498,2026-01-09 05:37:00,S018,Planta_2,91.75,3.65
13507,2026-01-09 05:37:00,S027,Planta_3,95.32,1.36
13511,2026-01-09 05:37:00,S031,Planta_4,93.43,1.9
13515,2026-01-09 05:37:00,S035,Planta_4,91.72,3.9
13523,2026-01-09 05:38:00,S003,Planta_1,90.28,3.3
13529,2026-01-09 05:38:00,S009,Planta_1,104.75,4.06
13535,2026-01-09 05:38:00,S015,Planta_2,85.26,4.02
13560,2026-01-09 05:38:00,S040,Planta_4,97.43,3.24
13564,2026-01-09 05:39:00,S004,Planta_1,87.03,3.24
13571,2026-01-09 05:39:00,S011,Planta_2,97.14,0.65
13608,2026-01-09 05:40:00,S008,Planta_1,100.94,4.98
13609,2026-01-09 05:40:00,S009,Planta_1,99.23,3.08
13618,2026-01-09 05:40:00,S018,Planta_2,88.02,3.14
13644,2026-01-09 05:41:00,S004,Planta_1,90.67,4.23
13647,2026-01-09 05:41:00,S007,Planta_1,85.17,0.64
13648,2026-01-09 05:41:00,S008,Planta_1,93.28,1.05
13660,2026-01-09 05:41:00,S020,Planta_2,103.09,1.93
13678,2026-01-09 05:41:00,S038,Planta_4,94.49,1.53
13683,2026-01-09 05:42:00,S003,Planta_1,100.23,5.3
13696,2026-01-09 05:42:00,S016,Planta_2,99.9,4.22
13750,2026-01-09 05:43:00,S030,Planta_3,98.84,4.66
13762,2026-01-09 05:44:00,S002,Planta_1,98.04,3.12
13770,2026-01-09 05:44:00,S010,Planta_1,98.6,3.5
13791,2026-01-09 05:44:00,S031,Planta_4,102.96,4.0
13814,2026-01-09 05:45:00,S014,Planta_2,90.86,2.31
13815,2026-01-09 05:45:00,S015,Planta_2,90.6,3.89
13828,2026-01-09 05:45:00,S028,Planta_3,89.74,5.23
13846,2026-01-09 05:46:00,S006,Planta_1,88.16,3.28
13849,2026-01-09 05:46:00,S009,Planta_1,103.57,3.96
13867,2026-01-09 05:46:00,S027,Planta_3,91.03,3.03
13876,2026-01-09 05:46:00,S036,Planta_4,99.26,4.42
13895,2026-01-09 05:47:00,S015,Planta_2,91.44,1.51
13935,2026-01-09 05:48:00,S015,Planta_2,99.3,1.83
13950,2026-01-09 05:48:00,S030,Planta_3,88.94,4.99
13971,2026-01-09 05:49:00,S011,Planta_2,100.47,3.38
13980,2026-01-09 05:49:00,S020,Planta_2,90.87,2.56
14017,2026-01-09 05:50:00,S017,Planta_2,101.0,4.37
14019,2026-01-09 05:50:00,S019,Planta_2,101.96,1.83
14020,2026-01-09 05:50:00,S020,Planta_2,104.4,1.46
14024,2026-01-09 05:50:00,S024,Planta_3,85.62,3.34
14031,2026-01-09 05:50:00,S031,Planta_4,93.65,3.61
14045,2026-01-09 05:51:00,S005,Planta_1,94.3,0.76
14056,2026-01-09 05:51:00,S016,Planta_2,96.06,3.32
14108,2026-01-09 05:52:00,S028,Planta_3,104.88,4.3
14161,2026-01-09 05:54:00,S001,Planta_1,87.86,1.18
14169,2026-01-09 05:54:00,S009,Planta_1,96.25,1.82
14174,2026-01-09 05:54:00,S014,Planta_2,95.56,1.19
14175,2026-01-09 05:54:00,S015,Planta_2,85.25,3.05
14177,2026-01-09 05:54:00,S017,Planta_2,93.07,5.27
14197,2026-01-09 05:54:00,S037,Planta_4,99.6,1.55
14201,2026-01-09 05:55:00,S001,Planta_1,91.07,3.3
14213,2026-01-09 05:55:00,S013,Planta_2,92.95,4.58
14223,2026-01-09 05:55:00,S023,Planta_3,86.56,4.01
14237,2026-01-09 05:55:00,S037,Planta_4,103.08,1.81
14239,2026-01-09 05:55:00,S039,Planta_4,101.72,2.54
14254,2026-01-09 05:56:00,S014,Planta_2,90.75,0.67
14312,2026-01-09 05:57:00,S032,Planta_4,100.02,4.82
14315,2026-01-09 05:57:00,S035,Planta_4,88.64,4.98
14339,2026-01-09 05:58:00,S019,Planta_2,103.11,1.01
14392,2026-01-09 05:59:00,S032,Planta_4,104.48,4.58
14408,2026-01-09 06:00:00,S008,Planta_1,102.04,5.29
14415,2026-01-09 06:00:00,S015,Planta_2,100.07,1.84
14423,2026-01-09 06:00:00,S023,Planta_3,91.91,3.1
14449,2026-01-09 06:01:00,S009,Planta_1,104.59,3.68
14453,2026-01-09 06:01:00,S013,Planta_2,99.53,4.56
14469,2026-01-09 06:01:00,S029,Planta_3,104.39,1.11
14474,2026-01-09 06:01:00,S034,Planta_4,95.35,4.59
14477,2026-01-09 06:01:00,S037,Planta_4,92.38,5.49
14494,2026-01-09 06:02:00,S014,Planta_2,97.68,4.01
14520,2026-01-09 06:02:00,S040,Planta_4,91.81,3.82
14560,2026-01-09 06:03:00,S040,Planta_4,85.11,3.18
14564,2026-01-09 06:04:00,S004,Planta_1,94.79,2.01
14569,2026-01-09 06:04:00,S009,Planta_1,97.91,0.56
14584,2026-01-09 06:04:00,S024,Planta_3,95.15,2.73
14586,2026-01-09 06:04:00,S026,Planta_3,103.24,0.69
14597,2026-01-09 06:04:00,S037,Planta_4,101.94,3.94
14608,2026-01-09 06:05:00,S008,Planta_1,97.44,2.35
14623,2026-01-09 06:05:00,S023,Planta_3,86.87,1.99
14637,2026-01-09 06:05:00,S037,Planta_4,87.86,4.84
14653,2026-01-09 06:06:00,S013,Planta_2,95.98,5.42
14659,2026-01-09 06:06:00,S019,Planta_2,93.78,2.91
14666,2026-01-09 06:06:00,S026,Planta_3,88.73,3.12
14681,2026-01-09 06:07:00,S001,Planta_1,86.44,1.88
14694,2026-01-09 06:07:00,S014,Planta_2,86.23,4.15
14724,2026-01-09 06:08:00,S004,Planta_1,88.44,2.63
14737,2026-01-09 06:08:00,S017,Planta_2,98.36,2.31
14773,2026-01-09 06:09:00,S013,Planta_2,100.71,3.13
14803,2026-01-09 06:10:00,S003,Planta_1,100.98,0.59
14814,2026-01-09 06:10:00,S014,Planta_2,88.87,0.9
14825,2026-01-09 06:10:00,S025,Planta_3,87.31,2.59
14828,2026-01-09 06:10:00,S028,Planta_3,85.91,5.34
14842,2026-01-09 06:11:00,S002,Planta_1,100.59,1.61
14866,2026-01-09 06:11:00,S026,Planta_3,85.48,5.11
14873,2026-01-09 06:11:00,S033,Planta_4,92.22,5.46
14885,2026-01-09 06:12:00,S005,Planta_1,98.1,5.0
14894,2026-01-09 06:12:00,S014,Planta_2,95.5,1.24
14909,2026-01-09 06:12:00,S029,Planta_3,104.72,3.37
14919,2026-01-09 06:12:00,S039,Planta_4,100.48,5.08
14922,2026-01-09 06:13:00,S002,Planta_1,86.72,5.46
14924,2026-01-09 06:13:00,S004,Planta_1,95.93,1.4
14936,2026-01-09 06:13:00,S016,Planta_2,91.15,3.21
14983,2026-01-09 06:14:00,S023,Planta_3,93.26,1.78
14984,2026-01-09 06:14:00,S024,Planta_3,89.44,3.34
14989,2026-01-09 06:14:00,S029,Planta_3,85.52,1.13
15016,2026-01-09 06:15:00,S016,Planta_2,93.85,1.67
15068,2026-01-09 06:16:00,S028,Planta_3,104.72,3.39
15069,2026-01-09 06:16:00,S029,Planta_3,91.61,2.26
15070,2026-01-09 06:16:00,S030,Planta_3,92.36,4.17
15075,2026-01-09 06:16:00,S035,Planta_4,90.37,4.25
15084,2026-01-09 06:17:00,S004,Planta_1,91.75,0.59
15095,2026-01-09 06:17:00,S015,Planta_2,97.38,3.9
15098,2026-01-09 06:17:00,S018,Planta_2,85.56,2.16
15123,2026-01-09 06:18:00,S003,Planta_1,93.55,0.52
15128,2026-01-09 06:18:00,S008,Planta_1,89.15,2.5
15131,2026-01-09 06:18:00,S011,Planta_2,94.3,2.88
15150,2026-01-09 06:18:00,S030,Planta_3,97.69,2.28
15165,2026-01-09 06:19:00,S005,Planta_1,89.17,5.33
15166,2026-01-09 06:19:00,S006,Planta_1,92.14,3.81
15181,2026-01-09 06:19:00,S021,Planta_3,95.73,1.14
15215,2026-01-09 06:20:00,S015,Planta_2,97.97,2.79
15221,2026-01-09 06:20:00,S021,Planta_3,98.48,3.62
15226,2026-01-09 06:20:00,S026,Planta_3,93.01,2.89
15232,2026-01-09 06:20:00,S032,Planta_4,86.26,0.6
15245,2026-01-09 06:21:00,S005,Planta_1,103.66,0.99
15253,2026-01-09 06:21:00,S013,Planta_2,96.51,2.91
15288,2026-01-09 06:22:00,S008,Planta_1,93.65,1.27
15300,2026-01-09 06:22:00,S020,Planta_2,88.58,0.61
15301,2026-01-09 06:22:00,S021,Planta_3,94.52,1.77
15308,2026-01-09 06:22:00,S028,Planta_3,96.31,3.37
15319,2026-01-09 06:22:00,S039,Planta_4,96.28,1.79
15383,2026-01-09 06:24:00,S023,Planta_3,89.5,1.43
15421,2026-01-09 06:25:00,S021,Planta_3,93.07,3.48
15440,2026-01-09 06:25:00,S040,Planta_4,100.08,4.99
15460,2026-01-09 06:26:00,S020,Planta_2,103.83,2.14
15465,2026-01-09 06:26:00,S025,Planta_3,89.32,1.7
15472,2026-01-09 06:26:00,S032,Planta_4,102.49,0.85
15488,2026-01-09 06:27:00,S008,Planta_1,90.36,4.14
15495,2026-01-09 06:27:00,S015,Planta_2,88.09,2.01
15502,2026-01-09 06:27:00,S022,Planta_3,93.78,4.12
15520,2026-01-09 06:27:00,S040,Planta_4,102.85,5.36
15524,2026-01-09 06:28:00,S004,Planta_1,95.24,4.08
15539,2026-01-09 06:28:00,S019,Planta_2,103.59,5.18
15554,2026-01-09 06:28:00,S034,Planta_4,88.95,3.24
15579,2026-01-09 06:29:00,S019,Planta_2,99.52,2.9
15580,2026-01-09 06:29:00,S020,Planta_2,98.17,2.79
15582,2026-01-09 06:29:00,S022,Planta_3,92.46,5.41
15592,2026-01-09 06:29:00,S032,Planta_4,89.07,1.19
15602,2026-01-09 06:30:00,S002,Planta_1,93.17,1.84
15605,2026-01-09 06:30:00,S005,Planta_1,96.93,1.09
15626,2026-01-09 06:30:00,S026,Planta_3,100.58,0.82
15650,2026-01-09 06:31:00,S010,Planta_1,104.44,3.2
15677,2026-01-09 06:31:00,S037,Planta_4,100.18,5.01
15687,2026-01-09 06:32:00,S007,Planta_1,85.89,2.64
15689,2026-01-09 06:32:00,S009,Planta_1,86.98,1.02
15711,2026-01-09 06:32:00,S031,Planta_4,104.92,3.33
15712,2026-01-09 06:32:00,S032,Planta_4,92.86,4.8
15715,2026-01-09 06:32:00,S035,Planta_4,93.37,5.31
15718,2026-01-09 06:32:00,S038,Planta_4,103.58,3.89
15736,2026-01-09 06:33:00,S016,Planta_2,94.56,1.71
15752,2026-01-09 06:33:00,S032,Planta_4,93.82,3.28
15754,2026-01-09 06:33:00,S034,Planta_4,87.64,1.69
15756,2026-01-09 06:33:00,S036,Planta_4,94.73,2.26
15806,2026-01-09 06:35:00,S006,Planta_1,88.23,3.69
15831,2026-01-09 06:35:00,S031,Planta_4,97.93,4.02
15839,2026-01-09 06:35:00,S039,Planta_4,87.35,4.85
15862,2026-01-09 06:36:00,S022,Planta_3,89.34,4.58
15870,2026-01-09 06:36:00,S030,Planta_3,87.37,4.99
15876,2026-01-09 06:36:00,S036,Planta_4,88.49,4.61
15884,2026-01-09 06:37:00,S004,Planta_1,85.62,5.46
15888,2026-01-09 06:37:00,S008,Planta_1,88.76,5.38
15909,2026-01-09 06:37:00,S029,Planta_3,102.7,1.31
15922,2026-01-09 06:38:00,S002,Planta_1,85.63,0.63
15927,2026-01-09 06:38:00,S007,Planta_1,87.27,1.26
15928,2026-01-09 06:38:00,S008,Planta_1,91.07,0.5
15973,2026-01-09 06:39:00,S013,Planta_2,104.7,2.0
15986,2026-01-09 06:39:00,S026,Planta_3,92.81,0.63
15987,2026-01-09 06:39:00,S027,Planta_3,102.67,5.49
16007,2026-01-09 06:40:00,S007,Planta_1,92.1,3.97
16035,2026-01-09 06:40:00,S035,Planta_4,101.46,4.25
16050,2026-01-09 06:41:00,S010,Planta_1,87.98,4.05
16052,2026-01-09 06:41:00,S012,Planta_2,98.88,1.06
16061,2026-01-09 06:41:00,S021,Planta_3,91.3,2.5
16082,2026-01-09 06:42:00,S002,Planta_1,103.4,4.79
16086,2026-01-09 06:42:00,S006,Planta_1,94.35,2.62
16126,2026-01-09 06:43:00,S006,Planta_1,102.72,4.62
16141,2026-01-09 06:43:00,S021,Planta_3,95.57,3.2
16153,2026-01-09 06:43:00,S033,Planta_4,102.25,1.59
16176,2026-01-09 06:44:00,S016,Planta_2,94.53,3.27
16186,2026-01-09 06:44:00,S026,Planta_3,89.55,4.71
16202,2026-01-09 06:45:00,S002,Planta_1,102.65,4.26
16206,2026-01-09 06:45:00,S006,Planta_1,103.24,2.86
16227,2026-01-09 06:45:00,S027,Planta_3,87.89,4.77
16240,2026-01-09 06:45:00,S040,Planta_4,86.98,1.93
16268,2026-01-09 06:46:00,S028,Planta_3,101.15,3.43
16286,2026-01-09 06:47:00,S006,Planta_1,104.44,1.96
16293,2026-01-09 06:47:00,S013,Planta_2,102.2,4.97
16295,2026-01-09 06:47:00,S015,Planta_2,89.94,3.94
16296,2026-01-09 06:47:00,S016,Planta_2,104.86,1.31
16325,2026-01-09 06:48:00,S005,Planta_1,98.71,1.08
16373,2026-01-09 06:49:00,S013,Planta_2,97.56,0.68
16388,2026-01-09 06:49:00,S028,Planta_3,96.5,2.44
16405,2026-01-09 06:50:00,S005,Planta_1,99.28,4.93
16410,2026-01-09 06:50:00,S010,Planta_1,97.55,5.32
16413,2026-01-09 06:50:00,S013,Planta_2,99.19,2.83
16436,2026-01-09 06:50:00,S036,Planta_4,90.07,4.93
16439,2026-01-09 06:50:00,S039,Planta_4,90.93,3.79
16450,2026-01-09 06:51:00,S010,Planta_1,88.88,1.22
16463,2026-01-09 06:51:00,S023,Planta_3,88.49,0.56
16467,2026-01-09 06:51:00,S027,Planta_3,104.44,1.5
16502,2026-01-09 06:52:00,S022,Planta_3,92.95,1.5
16513,2026-01-09 06:52:00,S033,Planta_4,100.62,1.92
16567,2026-01-09 06:54:00,S007,Planta_1,93.95,0.78
16569,2026-01-09 06:54:00,S009,Planta_1,90.51,2.9
16595,2026-01-09 06:54:00,S035,Planta_4,85.27,2.28
16599,2026-01-09 06:54:00,S039,Planta_4,90.49,4.25
16607,2026-01-09 06:55:00,S007,Planta_1,93.62,4.18
16618,2026-01-09 06:55:00,S018,Planta_2,95.56,5.42
16625,2026-01-09 06:55:00,S025,Planta_3,92.73,2.95
16650,2026-01-09 06:56:00,S010,Planta_1,93.01,3.44
16652,2026-01-09 06:56:00,S012,Planta_2,103.91,3.63
16660,2026-01-09 06:56:00,S020,Planta_2,96.38,2.67
16664,2026-01-09 06:56:00,S024,Planta_3,100.18,2.32
16689,2026-01-09 06:57:00,S009,Planta_1,101.26,4.32
16690,2026-01-09 06:57:00,S010,Planta_1,86.71,3.09
16691,2026-01-09 06:57:00,S011,Planta_2,86.54,4.57
16710,2026-01-09 06:57:00,S030,Planta_3,93.21,1.37
16727,2026-01-09 06:58:00,S007,Planta_1,93.89,5.38
16730,2026-01-09 06:58:00,S010,Planta_1,98.98,4.22
16759,2026-01-09 06:58:00,S039,Planta_4,95.33,4.41
16771,2026-01-09 06:59:00,S011,Planta_2,92.25,0.99
16777,2026-01-09 06:59:00,S017,Planta_2,89.78,1.74
16782,2026-01-09 06:59:00,S022,Planta_3,88.92,2.31
16783,2026-01-09 06:59:00,S023,Planta_3,96.48,4.73
16791,2026-01-09 06:59:00,S031,Planta_4,94.61,3.27
16796,2026-01-09 06:59:00,S036,Planta_4,87.28,1.37
16813,2026-01-09 07:00:00,S013,Planta_2,93.65,4.27
16849,2026-01-09 07:01:00,S009,Planta_1,102.71,1.86
16877,2026-01-09 07:01:00,S037,Planta_4,86.66,1.15
16882,2026-01-09 07:02:00,S002,Planta_1,96.74,5.21
16905,2026-01-09 07:02:00,S025,Planta_3,98.3,3.69
16906,2026-01-09 07:02:00,S026,Planta_3,104.98,1.26
16919,2026-01-09 07:02:00,S039,Planta_4,101.68,1.01
16924,2026-01-09 07:03:00,S004,Planta_1,85.73,1.04
16928,2026-01-09 07:03:00,S008,Planta_1,98.24,1.6
16931,2026-01-09 07:03:00,S011,Planta_2,98.59,2.23
16937,2026-01-09 07:03:00,S017,Planta_2,99.77,3.8
16941,2026-01-09 07:03:00,S021,Planta_3,85.34,1.97
16946,2026-01-09 07:03:00,S026,Planta_3,97.19,3.15
17010,2026-01-09 07:05:00,S010,Planta_1,104.69,4.02
17033,2026-01-09 07:05:00,S033,Planta_4,101.45,4.56
17039,2026-01-09 07:05:00,S039,Planta_4,99.34,1.58
17041,2026-01-09 07:06:00,S001,Planta_1,90.1,1.02
17047,2026-01-09 07:06:00,S007,Planta_1,98.13,4.05
17068,2026-01-09 07:06:00,S028,Planta_3,87.25,5.48
17106,2026-01-09 07:07:00,S026,Planta_3,93.92,3.54
17113,2026-01-09 07:07:00,S033,Planta_4,103.38,1.08
17138,2026-01-09 07:08:00,S018,Planta_2,88.31,3.71
17146,2026-01-09 07:08:00,S026,Planta_3,89.75,5.31
17150,2026-01-09 07:08:00,S030,Planta_3,92.99,5.32
17167,2026-01-09 07:09:00,S007,Planta_1,93.27,3.48
17199,2026-01-09 07:09:00,S039,Planta_4,100.8,4.07
17204,2026-01-09 07:10:00,S004,Planta_1,97.9,5.35
17246,2026-01-09 07:11:00,S006,Planta_1,85.55,1.23
17259,2026-01-09 07:11:00,S019,Planta_2,102.6,5.09
17262,2026-01-09 07:11:00,S022,Planta_3,102.45,2.12
17271,2026-01-09 07:11:00,S031,Planta_4,103.72,2.23
17292,2026-01-09 07:12:00,S012,Planta_2,89.26,3.5
17315,2026-01-09 07:12:00,S035,Planta_4,93.51,4.02
17326,2026-01-09 07:13:00,S006,Planta_1,86.11,1.92
17337,2026-01-09 07:13:00,S017,Planta_2,104.27,5.05
17339,2026-01-09 07:13:00,S019,Planta_2,89.39,2.97
17341,2026-01-09 07:13:00,S021,Planta_3,97.22,3.2
17345,2026-01-09 07:13:00,S025,Planta_3,85.77,0.66
17346,2026-01-09 07:13:00,S026,Planta_3,93.66,0.59
17349,2026-01-09 07:13:00,S029,Planta_3,86.05,3.1
17353,2026-01-09 07:13:00,S033,Planta_4,87.69,4.24
17371,2026-01-09 07:14:00,S011,Planta_2,99.36,2.28
17394,2026-01-09 07:14:00,S034,Planta_4,101.93,3.68
17395,2026-01-09 07:14:00,S035,Planta_4,86.07,3.48
17399,2026-01-09 07:14:00,S039,Planta_4,101.48,3.35
17400,2026-01-09 07:14:00,S040,Planta_4,86.59,1.64
17407,2026-01-09 07:15:00,S007,Planta_1,97.52,1.16
17419,2026-01-09 07:15:00,S019,Planta_2,85.18,3.29
17425,2026-01-09 07:15:00,S025,Planta_3,104.51,2.02
17451,2026-01-09 07:16:00,S011,Planta_2,90.08,2.42
17476,2026-01-09 07:16:00,S036,Planta_4,94.4,5.18
17483,2026-01-09 07:17:00,S003,Planta_1,92.59,4.56
17494,2026-01-09 07:17:00,S014,Planta_2,90.07,4.77
17520,2026-01-09 07:17:00,S040,Planta_4,98.07,0.64
17533,2026-01-09 07:18:00,S013,Planta_2,87.55,4.98
17644,2026-01-09 07:21:00,S004,Planta_1,93.95,0.54
17658,2026-01-09 07:21:00,S018,Planta_2,99.53,2.92
17697,2026-01-09 07:22:00,S017,Planta_2,93.29,2.33
17700,2026-01-09 07:22:00,S020,Planta_2,88.31,4.74
17714,2026-01-09 07:22:00,S034,Planta_4,101.47,4.13
17755,2026-01-09 07:23:00,S035,Planta_4,104.74,4.28
17782,2026-01-09 07:24:00,S022,Planta_3,93.11,3.89
17800,2026-01-09 07:24:00,S040,Planta_4,96.52,2.02
17818,2026-01-09 07:25:00,S018,Planta_2,85.57,1.77
17824,2026-01-09 07:25:00,S024,Planta_3,94.88,1.36
17833,2026-01-09 07:25:00,S033,Planta_4,96.18,0.73
17837,2026-01-09 07:25:00,S037,Planta_4,90.41,2.34
17846,2026-01-09 07:26:00,S006,Planta_1,100.62,5.49
17855,2026-01-09 07:26:00,S015,Planta_2,86.75,2.72
17868,2026-01-09 07:26:00,S028,Planta_3,90.39,2.76
17875,2026-01-09 07:26:00,S035,Planta_4,86.78,2.85
17888,2026-01-09 07:27:00,S008,Planta_1,94.27,1.31
17914,2026-01-09 07:27:00,S034,Planta_4,85.85,1.15
17920,2026-01-09 07:27:00,S040,Planta_4,89.2,0.87
17947,2026-01-09 07:28:00,S027,Planta_3,91.98,2.77
17987,2026-01-09 07:29:00,S027,Planta_3,100.48,3.38
18001,2026-01-09 07:30:00,S001,Planta_1,98.27,5.34
18006,2026-01-09 07:30:00,S006,Planta_1,92.41,1.25
18009,2026-01-09 07:30:00,S009,Planta_1,90.51,0.85
18018,2026-01-09 07:30:00,S018,Planta_2,99.3,5.42
18050,2026-01-09 07:31:00,S010,Planta_1,101.68,3.17
18063,2026-01-09 07:31:00,S023,Planta_3,98.03,4.73
18064,2026-01-09 07:31:00,S024,Planta_3,94.49,4.44
18070,2026-01-09 07:31:00,S030,Planta_3,87.49,2.34
18101,2026-01-09 07:32:00,S021,Planta_3,85.04,5.02
18102,2026-01-09 07:32:00,S022,Planta_3,85.62,3.22
18129,2026-01-09 07:33:00,S009,Planta_1,100.61,4.71
18190,2026-01-09 07:34:00,S030,Planta_3,104.25,3.06
18235,2026-01-09 07:35:00,S035,Planta_4,101.95,1.44
18255,2026-01-09 07:36:00,S015,Planta_2,89.74,1.69
18274,2026-01-09 07:36:00,S034,Planta_4,89.68,0.91
18288,2026-01-09 07:37:00,S008,Planta_1,103.88,2.26
18297,2026-01-09 07:37:00,S017,Planta_2,92.34,1.29
18302,2026-01-09 07:37:00,S022,Planta_3,88.26,0.53
18303,2026-01-09 07:37:00,S023,Planta_3,91.37,2.19
18310,2026-01-09 07:37:00,S030,Planta_3,96.43,1.98
18313,2026-01-09 07:37:00,S033,Planta_4,100.99,4.48
18317,2026-01-09 07:37:00,S037,Planta_4,85.1,3.34
18318,2026-01-09 07:37:00,S038,Planta_4,93.85,4.42
18326,2026-01-09 07:38:00,S006,Planta_1,97.39,3.05
18327,2026-01-09 07:38:00,S007,Planta_1,86.85,2.29
18338,2026-01-09 07:38:00,S018,Planta_2,100.21,5.24
18343,2026-01-09 07:38:00,S023,Planta_3,86.88,1.32
18361,2026-01-09 07:39:00,S001,Planta_1,93.24,0.61
18362,2026-01-09 07:39:00,S002,Planta_1,94.04,4.74
18377,2026-01-09 07:39:00,S017,Planta_2,97.27,1.93
18390,2026-01-09 07:39:00,S030,Planta_3,103.1,1.29
18409,2026-01-09 07:40:00,S009,Planta_1,92.32,3.56
18410,2026-01-09 07:40:00,S010,Planta_1,91.05,3.16
18418,2026-01-09 07:40:00,S018,Planta_2,91.75,1.97
18419,2026-01-09 07:40:00,S019,Planta_2,103.79,5.13
18422,2026-01-09 07:40:00,S022,Planta_3,85.61,1.15
18425,2026-01-09 07:40:00,S025,Planta_3,98.34,4.58
18444,2026-01-09 07:41:00,S004,Planta_1,104.66,3.07
18445,2026-01-09 07:41:00,S005,Planta_1,96.84,5.23
18467,2026-01-09 07:41:00,S027,Planta_3,89.32,1.06
18469,2026-01-09 07:41:00,S029,Planta_3,86.39,4.53
18486,2026-01-09 07:42:00,S006,Planta_1,98.95,1.92
18487,2026-01-09 07:42:00,S007,Planta_1,95.52,5.03
18502,2026-01-09 07:42:00,S022,Planta_3,94.13,4.0
18521,2026-01-09 07:43:00,S001,Planta_1,95.71,3.72
18537,2026-01-09 07:43:00,S017,Planta_2,101.6,4.78
18538,2026-01-09 07:43:00,S018,Planta_2,91.5,5.12
18551,2026-01-09 07:43:00,S031,Planta_4,99.2,2.78
18567,2026-01-09 07:44:00,S007,Planta_1,99.96,2.13
18575,2026-01-09 07:44:00,S015,Planta_2,96.23,5.4
18589,2026-01-09 07:44:00,S029,Planta_3,88.57,5.23
18590,2026-01-09 07:44:00,S030,Planta_3,102.02,3.42
18619,2026-01-09 07:45:00,S019,Planta_2,104.62,2.72
18637,2026-01-09 07:45:00,S037,Planta_4,99.85,2.53
18674,2026-01-09 07:46:00,S034,Planta_4,96.8,3.33
18684,2026-01-09 07:47:00,S004,Planta_1,87.33,1.81
18688,2026-01-09 07:47:00,S008,Planta_1,91.18,4.38
18692,2026-01-09 07:47:00,S012,Planta_2,88.88,2.38
18693,2026-01-09 07:47:00,S013,Planta_2,95.82,1.08
18694,2026-01-09 07:47:00,S014,Planta_2,91.43,4.77
18704,2026-01-09 07:47:00,S024,Planta_3,102.75,3.84
18721,2026-01-09 07:48:00,S001,Planta_1,97.81,0.76
18723,2026-01-09 07:48:00,S003,Planta_1,91.46,0.54
18728,2026-01-09 07:48:00,S008,Planta_1,88.1,2.49
18751,2026-01-09 07:48:00,S031,Planta_4,89.12,4.79
18785,2026-01-09 07:49:00,S025,Planta_3,97.17,3.57
18787,2026-01-09 07:49:00,S027,Planta_3,102.83,2.92
18801,2026-01-09 07:50:00,S001,Planta_1,103.32,1.53
18845,2026-01-09 07:51:00,S005,Planta_1,85.83,3.37
18858,2026-01-09 07:51:00,S018,Planta_2,98.45,2.7
18870,2026-01-09 07:51:00,S030,Planta_3,95.53,3.95
18908,2026-01-09 07:52:00,S028,Planta_3,102.54,3.0
18910,2026-01-09 07:52:00,S030,Planta_3,99.66,3.15
18937,2026-01-09 07:53:00,S017,Planta_2,87.8,4.08
18977,2026-01-09 07:54:00,S017,Planta_2,100.22,3.21
19018,2026-01-09 07:55:00,S018,Planta_2,88.16,0.92
19022,2026-01-09 07:55:00,S022,Planta_3,100.42,0.89
19026,2026-01-09 07:55:00,S026,Planta_3,95.98,1.41
19033,2026-01-09 07:55:00,S033,Planta_4,99.73,4.67
19051,2026-01-09 07:56:00,S011,Planta_2,94.55,4.99
19061,2026-01-09 07:56:00,S021,Planta_3,100.3,2.72
19107,2026-01-09 07:57:00,S027,Planta_3,95.42,2.27
19126,2026-01-09 07:58:00,S006,Planta_1,92.97,1.51
19128,2026-01-09 07:58:00,S008,Planta_1,103.13,4.57
19154,2026-01-09 07:58:00,S034,Planta_4,100.25,0.74
19160,2026-01-09 07:58:00,S040,Planta_4,95.06,3.7
19162,2026-01-09 07:59:00,S002,Planta_1,86.56,1.18
19165,2026-01-09 07:59:00,S005,Planta_1,88.58,3.28
19191,2026-01-09 07:59:00,S031,Planta_4,103.46,1.91
19211,2026-01-09 08:00:00,S011,Planta_2,93.56,1.58
19234,2026-01-09 08:00:00,S034,Planta_4,104.95,5.43
19241,2026-01-09 08:01:00,S001,Planta_1,100.49,1.47
19244,2026-01-09 08:01:00,S004,Planta_1,88.58,0.54
19256,2026-01-09 08:01:00,S016,Planta_2,93.57,2.17
19281,2026-01-09 08:02:00,S001,Planta_1,95.87,2.78
19294,2026-01-09 08:02:00,S014,Planta_2,85.52,5.32
19295,2026-01-09 08:02:00,S015,Planta_2,96.5,1.4
19311,2026-01-09 08:02:00,S031,Planta_4,92.89,4.96
19319,2026-01-09 08:02:00,S039,Planta_4,94.73,4.02
19329,2026-01-09 08:03:00,S009,Planta_1,94.85,3.97
19351,2026-01-09 08:03:00,S031,Planta_4,88.12,5.29
19386,2026-01-09 08:04:00,S026,Planta_3,86.28,2.56
19414,2026-01-09 08:05:00,S014,Planta_2,90.35,4.8
19488,2026-01-09 08:07:00,S008,Planta_1,98.16,1.88
19532,2026-01-09 08:08:00,S012,Planta_2,92.41,3.7
19549,2026-01-09 08:08:00,S029,Planta_3,103.85,3.35
19550,2026-01-09 08:08:00,S030,Planta_3,89.88,4.96
19606,2026-01-09 08:10:00,S006,Planta_1,92.76,0.88
19620,2026-01-09 08:10:00,S020,Planta_2,86.57,3.73
19640,2026-01-09 08:10:00,S040,Planta_4,100.54,1.24
19651,2026-01-09 08:11:00,S011,Planta_2,100.71,4.28
19660,2026-01-09 08:11:00,S020,Planta_2,101.82,4.51
19662,2026-01-09 08:11:00,S022,Planta_3,93.69,0.51
19663,2026-01-09 08:11:00,S023,Planta_3,93.51,1.09
19687,2026-01-09 08:12:00,S007,Planta_1,95.46,4.34
19700,2026-01-09 08:12:00,S020,Planta_2,90.16,4.58
19709,2026-01-09 08:12:00,S029,Planta_3,87.88,3.04
19729,2026-01-09 08:13:00,S009,Planta_1,92.29,2.18
19732,2026-01-09 08:13:00,S012,Planta_2,101.92,1.03
19754,2026-01-09 08:13:00,S034,Planta_4,91.58,5.24
19757,2026-01-09 08:13:00,S037,Planta_4,87.56,2.27
19761,2026-01-09 08:14:00,S001,Planta_1,92.02,4.69
19783,2026-01-09 08:14:00,S023,Planta_3,94.62,5.36
19812,2026-01-09 08:15:00,S012,Planta_2,104.83,1.16
19834,2026-01-09 08:15:00,S034,Planta_4,94.33,3.17
19854,2026-01-09 08:16:00,S014,Planta_2,85.32,2.19
19873,2026-01-09 08:16:00,S033,Planta_4,97.87,2.9
19877,2026-01-09 08:16:00,S037,Planta_4,91.72,2.08
19893,2026-01-09 08:17:00,S013,Planta_2,96.26,0.81
19908,2026-01-09 08:17:00,S028,Planta_3,85.87,1.16
19960,2026-01-09 08:18:00,S040,Planta_4,91.24,3.4
19981,2026-01-09 08:19:00,S021,Planta_3,93.57,5.14
19995,2026-01-09 08:19:00,S035,Planta_4,91.39,5.49
19996,2026-01-09 08:19:00,S036,Planta_4,96.24,5.0
19998,2026-01-09 08:19:00,S038,Planta_4,99.89,3.74
20003,2026-01-09 08:20:00,S003,Planta_1,88.72,4.97
20011,2026-01-09 08:20:00,S011,Planta_2,98.22,5.46
20015,2026-01-09 08:20:00,S015,Planta_2,92.86,1.27
20036,2026-01-09 08:20:00,S036,Planta_4,89.37,4.94
20057,2026-01-09 08:21:00,S017,Planta_2,104.28,0.81
20062,2026-01-09 08:21:00,S022,Planta_3,96.12,3.15
20072,2026-01-09 08:21:00,S032,Planta_4,99.68,1.3
20098,2026-01-09 08:22:00,S018,Planta_2,86.62,3.7
20107,2026-01-09 08:22:00,S027,Planta_3,85.78,2.18
20160,2026-01-09 08:23:00,S040,Planta_4,86.5,2.87
20166,2026-01-09 08:24:00,S006,Planta_1,91.43,3.8
20186,2026-01-09 08:24:00,S026,Planta_3,91.08,4.48
20189,2026-01-09 08:24:00,S029,Planta_3,89.75,4.78
20197,2026-01-09 08:24:00,S037,Planta_4,85.67,5.11
20246,2026-01-09 08:26:00,S006,Planta_1,87.18,4.89
20381,2026-01-09 08:29:00,S021,Planta_3,88.71,2.35
20409,2026-01-09 08:30:00,S009,Planta_1,104.65,3.09
20413,2026-01-09 08:30:00,S013,Planta_2,95.52,1.98
20444,2026-01-09 08:31:00,S004,Planta_1,87.85,3.83
20468,2026-01-09 08:31:00,S028,Planta_3,90.25,4.16
20490,2026-01-09 08:32:00,S010,Planta_1,103.55,5.05
20537,2026-01-09 08:33:00,S017,Planta_2,92.34,3.17
20552,2026-01-09 08:33:00,S032,Planta_4,93.21,3.72
20569,2026-01-09 08:34:00,S009,Planta_1,104.8,1.01
20593,2026-01-09 08:34:00,S033,Planta_4,100.61,0.58
20614,2026-01-09 08:35:00,S014,Planta_2,100.03,1.87
20617,2026-01-09 08:35:00,S017,Planta_2,94.32,3.92
20631,2026-01-09 08:35:00,S031,Planta_4,96.34,1.74
20633,2026-01-09 08:35:00,S033,Planta_4,91.99,1.01
20645,2026-01-09 08:36:00,S005,Planta_1,86.37,4.94
20661,2026-01-09 08:36:00,S021,Planta_3,101.04,0.58
20668,2026-01-09 08:36:00,S028,Planta_3,95.71,5.45
20669,2026-01-09 08:36:00,S029,Planta_3,102.14,2.33
20694,2026-01-09 08:37:00,S014,Planta_2,104.35,5.45
20695,2026-01-09 08:37:00,S015,Planta_2,99.59,3.65
20709,2026-01-09 08:37:00,S029,Planta_3,96.51,3.3
20710,2026-01-09 08:37:00,S030,Planta_3,87.35,2.53
20717,2026-01-09 08:37:00,S037,Planta_4,93.35,1.25
20719,2026-01-09 08:37:00,S039,Planta_4,102.49,5.28
20765,2026-01-09 08:39:00,S005,Planta_1,96.69,1.78
20786,2026-01-09 08:39:00,S026,Planta_3,91.33,5.39
20788,2026-01-09 08:39:00,S028,Planta_3,86.08,5.2
20813,2026-01-09 08:40:00,S013,Planta_2,95.99,4.55
20815,2026-01-09 08:40:00,S015,Planta_2,92.65,4.09
20825,2026-01-09 08:40:00,S025,Planta_3,87.75,0.54
20853,2026-01-09 08:41:00,S013,Planta_2,95.88,3.11
20861,2026-01-09 08:41:00,S021,Planta_3,92.43,4.16
20864,2026-01-09 08:41:00,S024,Planta_3,102.43,2.67
20867,2026-01-09 08:41:00,S027,Planta_3,96.8,5.03
20869,2026-01-09 08:41:00,S029,Planta_3,100.88,3.21
20887,2026-01-09 08:42:00,S007,Planta_1,99.7,5.27
20903,2026-01-09 08:42:00,S023,Planta_3,96.89,5.21
20908,2026-01-09 08:42:00,S028,Planta_3,97.11,1.17
20930,2026-01-09 08:43:00,S010,Planta_1,89.54,3.28
20936,2026-01-09 08:43:00,S016,Planta_2,104.28,3.24
20943,2026-01-09 08:43:00,S023,Planta_3,92.57,2.79
20955,2026-01-09 08:43:00,S035,Planta_4,99.95,1.67
20956,2026-01-09 08:43:00,S036,Planta_4,88.34,2.03
20971,2026-01-09 08:44:00,S011,Planta_2,98.24,1.36
20996,2026-01-09 08:44:00,S036,Planta_4,98.42,1.69
21004,2026-01-09 08:45:00,S004,Planta_1,91.78,1.28
21013,2026-01-09 08:45:00,S013,Planta_2,91.56,2.95
21034,2026-01-09 08:45:00,S034,Planta_4,95.89,0.95
21037,2026-01-09 08:45:00,S037,Planta_4,103.74,4.98
21049,2026-01-09 08:46:00,S009,Planta_1,85.9,1.21
21053,2026-01-09 08:46:00,S013,Planta_2,90.9,2.72
21057,2026-01-09 08:46:00,S017,Planta_2,104.11,2.13
21081,2026-01-09 08:47:00,S001,Planta_1,104.16,4.28
21088,2026-01-09 08:47:00,S008,Planta_1,89.61,5.21
21089,2026-01-09 08:47:00,S009,Planta_1,85.2,4.1
21095,2026-01-09 08:47:00,S015,Planta_2,86.05,1.62
21148,2026-01-09 08:48:00,S028,Planta_3,98.97,1.29
21149,2026-01-09 08:48:00,S029,Planta_3,99.89,1.09
21156,2026-01-09 08:48:00,S036,Planta_4,92.69,0.61
21208,2026-01-09 08:50:00,S008,Planta_1,92.51,0.63
21210,2026-01-09 08:50:00,S010,Planta_1,100.08,4.81
21274,2026-01-09 08:51:00,S034,Planta_4,90.88,5.36
21302,2026-01-09 08:52:00,S022,Planta_3,96.4,3.36
21306,2026-01-09 08:52:00,S026,Planta_3,88.26,2.35
21350,2026-01-09 08:53:00,S030,Planta_3,101.92,4.62
21379,2026-01-09 08:54:00,S019,Planta_2,99.52,4.09
21397,2026-01-09 08:54:00,S037,Planta_4,99.86,4.44
21399,2026-01-09 08:54:00,S039,Planta_4,102.13,1.05
21403,2026-01-09 08:55:00,S003,Planta_1,86.16,3.33
21415,2026-01-09 08:55:00,S015,Planta_2,94.07,1.94
21430,2026-01-09 08:55:00,S030,Planta_3,94.36,4.24
21439,2026-01-09 08:55:00,S039,Planta_4,95.75,4.54
21451,2026-01-09 08:56:00,S011,Planta_2,88.16,3.47
21452,2026-01-09 08:56:00,S012,Planta_2,87.37,0.75
21469,2026-01-09 08:56:00,S029,Planta_3,94.17,0.57
21487,2026-01-09 08:57:00,S007,Planta_1,86.7,3.87
21503,2026-01-09 08:57:00,S023,Planta_3,104.6,0.78
21532,2026-01-09 08:58:00,S012,Planta_2,95.98,3.14
21543,2026-01-09 08:58:00,S023,Planta_3,92.05,3.85
21561,2026-01-09 08:59:00,S001,Planta_1,86.4,3.74
21565,2026-01-09 08:59:00,S005,Planta_1,93.06,5.2
21581,2026-01-09 08:59:00,S021,Planta_3,85.83,2.07
21597,2026-01-09 08:59:00,S037,Planta_4,95.28,4.06
21607,2026-01-09 09:00:00,S007,Planta_1,100.74,4.08
21610,2026-01-09 09:00:00,S010,Planta_1,103.56,4.68
21620,2026-01-09 09:00:00,S020,Planta_2,93.41,0.54
21626,2026-01-09 09:00:00,S026,Planta_3,99.0,2.0
21636,2026-01-09 09:00:00,S036,Planta_4,104.08,1.46
21657,2026-01-09 09:01:00,S017,Planta_2,97.21,1.06
21663,2026-01-09 09:01:00,S023,Planta_3,98.49,2.79
21667,2026-01-09 09:01:00,S027,Planta_3,85.38,5.04
21691,2026-01-09 09:02:00,S011,Planta_2,93.09,5.11
21696,2026-01-09 09:02:00,S016,Planta_2,104.74,4.81
21716,2026-01-09 09:02:00,S036,Planta_4,91.69,2.01
21741,2026-01-09 09:03:00,S021,Planta_3,99.87,2.15
21754,2026-01-09 09:03:00,S034,Planta_4,95.52,3.98
21762,2026-01-09 09:04:00,S002,Planta_1,95.61,4.53
21774,2026-01-09 09:04:00,S014,Planta_2,95.67,4.44
21811,2026-01-09 09:05:00,S011,Planta_2,91.25,0.7
21812,2026-01-09 09:05:00,S012,Planta_2,101.3,2.82
21817,2026-01-09 09:05:00,S017,Planta_2,86.14,1.53
21823,2026-01-09 09:05:00,S023,Planta_3,90.5,3.77
21830,2026-01-09 09:05:00,S030,Planta_3,97.68,1.7
21836,2026-01-09 09:05:00,S036,Planta_4,96.96,0.76
21842,2026-01-09 09:06:00,S002,Planta_1,102.32,2.53
21844,2026-01-09 09:06:00,S004,Planta_1,100.49,4.55
21845,2026-01-09 09:06:00,S005,Planta_1,85.65,4.77
21873,2026-01-09 09:06:00,S033,Planta_4,104.22,1.27
21906,2026-01-09 09:07:00,S026,Planta_3,89.52,3.82
21915,2026-01-09 09:07:00,S035,Planta_4,90.69,4.08
21934,2026-01-09 09:08:00,S014,Planta_2,86.06,1.6
21938,2026-01-09 09:08:00,S018,Planta_2,101.64,0.93
21939,2026-01-09 09:08:00,S019,Planta_2,98.23,5.34
21988,2026-01-09 09:09:00,S028,Planta_3,86.0,1.36
21999,2026-01-09 09:09:00,S039,Planta_4,88.5,4.08
22013,2026-01-09 09:10:00,S013,Planta_2,96.79,3.54
22030,2026-01-09 09:10:00,S030,Planta_3,93.7,3.06
22042,2026-01-09 09:11:00,S002,Planta_1,103.94,1.85
22074,2026-01-09 09:11:00,S034,Planta_4,103.54,1.64
22101,2026-01-09 09:12:00,S021,Planta_3,101.86,4.38
22104,2026-01-09 09:12:00,S024,Planta_3,102.16,0.68
22105,2026-01-09 09:12:00,S025,Planta_3,99.38,5.09
22113,2026-01-09 09:12:00,S033,Planta_4,91.87,4.38
22117,2026-01-09 09:12:00,S037,Planta_4,93.26,3.31
22122,2026-01-09 09:13:00,S002,Planta_1,96.31,1.48
22165,2026-01-09 09:14:00,S005,Planta_1,101.01,4.75
22199,2026-01-09 09:14:00,S039,Planta_4,99.28,5.31
22203,2026-01-09 09:15:00,S003,Planta_1,86.48,1.0
22225,2026-01-09 09:15:00,S025,Planta_3,99.19,2.79
22237,2026-01-09 09:15:00,S037,Planta_4,98.39,0.8
22240,2026-01-09 09:15:00,S040,Planta_4,104.35,0.67
22247,2026-01-09 09:16:00,S007,Planta_1,103.67,1.38
22266,2026-01-09 09:16:00,S026,Planta_3,104.74,4.13
22270,2026-01-09 09:16:00,S030,Planta_3,96.72,1.63
22297,2026-01-09 09:17:00,S017,Planta_2,98.61,3.85
22300,2026-01-09 09:17:00,S020,Planta_2,101.35,2.34
22348,2026-01-09 09:18:00,S028,Planta_3,93.32,3.69
22366,2026-01-09 09:19:00,S006,Planta_1,95.41,2.54
22386,2026-01-09 09:19:00,S026,Planta_3,101.55,2.93
22392,2026-01-09 09:19:00,S032,Planta_4,85.91,2.98
22410,2026-01-09 09:20:00,S010,Planta_1,95.36,2.07
22413,2026-01-09 09:20:00,S013,Planta_2,100.64,2.36
22415,2026-01-09 09:20:00,S015,Planta_2,97.79,4.68
22428,2026-01-09 09:20:00,S028,Planta_3,94.26,1.99
22429,2026-01-09 09:20:00,S029,Planta_3,94.08,0.54
22432,2026-01-09 09:20:00,S032,Planta_4,102.82,4.29
22445,2026-01-09 09:21:00,S005,Planta_1,100.12,2.97
22466,2026-01-09 09:21:00,S026,Planta_3,101.94,1.08
22483,2026-01-09 09:22:00,S003,Planta_1,95.42,5.03
22484,2026-01-09 09:22:00,S004,Planta_1,88.83,2.86
22522,2026-01-09 09:23:00,S002,Planta_1,87.04,1.45
22524,2026-01-09 09:23:00,S004,Planta_1,87.69,3.28
22538,2026-01-09 09:23:00,S018,Planta_2,100.99,4.95
22559,2026-01-09 09:23:00,S039,Planta_4,98.17,2.65
22562,2026-01-09 09:24:00,S002,Planta_1,87.83,3.24
22567,2026-01-09 09:24:00,S007,Planta_1,86.99,3.28
22578,2026-01-09 09:24:00,S018,Planta_2,96.58,3.67
22590,2026-01-09 09:24:00,S030,Planta_3,88.28,1.7
22614,2026-01-09 09:25:00,S014,Planta_2,85.44,5.35
22666,2026-01-09 09:26:00,S026,Planta_3,103.51,1.43
22690,2026-01-09 09:27:00,S010,Planta_1,87.72,2.4
22692,2026-01-09 09:27:00,S012,Planta_2,91.65,3.58
22708,2026-01-09 09:27:00,S028,Planta_3,96.53,0.68
22748,2026-01-09 09:28:00,S028,Planta_3,94.39,4.28
22752,2026-01-09 09:28:00,S032,Planta_4,96.56,2.34
22772,2026-01-09 09:29:00,S012,Planta_2,104.93,3.79
22802,2026-01-09 09:30:00,S002,Planta_1,95.98,0.88
22805,2026-01-09 09:30:00,S005,Planta_1,104.82,1.74
22819,2026-01-09 09:30:00,S019,Planta_2,96.34,5.33
22827,2026-01-09 09:30:00,S027,Planta_3,92.54,0.76
22850,2026-01-09 09:31:00,S010,Planta_1,87.58,5.42
22862,2026-01-09 09:31:00,S022,Planta_3,101.27,0.97
22875,2026-01-09 09:31:00,S035,Planta_4,100.58,5.37
22889,2026-01-09 09:32:00,S009,Planta_1,93.39,2.73
22896,2026-01-09 09:32:00,S016,Planta_2,91.01,1.03
22903,2026-01-09 09:32:00,S023,Planta_3,95.26,4.7
22922,2026-01-09 09:33:00,S002,Planta_1,98.57,3.13
22925,2026-01-09 09:33:00,S005,Planta_1,93.86,2.31
22926,2026-01-09 09:33:00,S006,Planta_1,87.91,4.69
22950,2026-01-09 09:33:00,S030,Planta_3,96.94,0.67
22980,2026-01-09 09:34:00,S020,Planta_2,93.46,3.93
22983,2026-01-09 09:34:00,S023,Planta_3,86.18,3.75
22993,2026-01-09 09:34:00,S033,Planta_4,85.4,0.88
23007,2026-01-09 09:35:00,S007,Planta_1,92.15,2.27
23010,2026-01-09 09:35:00,S010,Planta_1,90.94,0.51
23030,2026-01-09 09:35:00,S030,Planta_3,89.75,4.91
23068,2026-01-09 09:36:00,S028,Planta_3,98.72,5.38
23089,2026-01-09 09:37:00,S009,Planta_1,95.96,2.81
23127,2026-01-09 09:38:00,S007,Planta_1,94.27,5.24
23149,2026-01-09 09:38:00,S029,Planta_3,89.66,1.76
23158,2026-01-09 09:38:00,S038,Planta_4,93.7,4.41
23186,2026-01-09 09:39:00,S026,Planta_3,104.2,5.31
23187,2026-01-09 09:39:00,S027,Planta_3,87.02,1.21
23203,2026-01-09 09:40:00,S003,Planta_1,90.25,0.64
23255,2026-01-09 09:41:00,S015,Planta_2,92.37,4.14
23285,2026-01-09 09:42:00,S005,Planta_1,103.79,1.32
23303,2026-01-09 09:42:00,S023,Planta_3,94.57,3.05
23311,2026-01-09 09:42:00,S031,Planta_4,88.59,0.78
23323,2026-01-09 09:43:00,S003,Planta_1,94.77,3.04
23332,2026-01-09 09:43:00,S012,Planta_2,103.87,4.64
23337,2026-01-09 09:43:00,S017,Planta_2,91.69,4.4
23426,2026-01-09 09:45:00,S026,Planta_3,88.0,2.31
23453,2026-01-09 09:46:00,S013,Planta_2,87.42,3.01
23457,2026-01-09 09:46:00,S017,Planta_2,85.67,5.04
23464,2026-01-09 09:46:00,S024,Planta_3,92.42,0.89
23478,2026-01-09 09:46:00,S038,Planta_4,102.45,0.58
23520,2026-01-09 09:47:00,S040,Planta_4,98.06,2.15
23542,2026-01-09 09:48:00,S022,Planta_3,95.36,3.37
23571,2026-01-09 09:49:00,S011,Planta_2,96.41,1.81
23608,2026-01-09 09:50:00,S008,Planta_1,97.61,4.83
23620,2026-01-09 09:50:00,S020,Planta_2,85.66,1.14
23622,2026-01-09 09:50:00,S022,Planta_3,100.78,4.54
23627,2026-01-09 09:50:00,S027,Planta_3,93.27,3.5
23656,2026-01-09 09:51:00,S016,Planta_2,101.24,1.28
23665,2026-01-09 09:51:00,S025,Planta_3,86.54,1.02
23685,2026-01-09 09:52:00,S005,Planta_1,102.83,4.68
23700,2026-01-09 09:52:00,S020,Planta_2,90.38,2.09
23727,2026-01-09 09:53:00,S007,Planta_1,88.24,0.97
23748,2026-01-09 09:53:00,S028,Planta_3,85.49,0.92
23750,2026-01-09 09:53:00,S030,Planta_3,93.04,1.12
23768,2026-01-09 09:54:00,S008,Planta_1,95.44,3.87
23773,2026-01-09 09:54:00,S013,Planta_2,97.89,2.31
23789,2026-01-09 09:54:00,S029,Planta_3,90.46,3.5
23811,2026-01-09 09:55:00,S011,Planta_2,88.77,4.69
23813,2026-01-09 09:55:00,S013,Planta_2,101.42,4.32
23819,2026-01-09 09:55:00,S019,Planta_2,90.28,3.24
23820,2026-01-09 09:55:00,S020,Planta_2,97.25,1.5
23837,2026-01-09 09:55:00,S037,Planta_4,101.51,0.75
23840,2026-01-09 09:55:00,S040,Planta_4,97.66,4.91
23904,2026-01-09 09:57:00,S024,Planta_3,88.47,4.98
23906,2026-01-09 09:57:00,S026,Planta_3,96.37,1.71
23921,2026-01-09 09:58:00,S001,Planta_1,99.61,4.97
23953,2026-01-09 09:58:00,S033,Planta_4,95.97,4.54
23967,2026-01-09 09:59:00,S007,Planta_1,88.84,0.98
23996,2026-01-09 09:59:00,S036,Planta_4,102.7,3.65
23997,2026-01-09 09:59:00,S037,Planta_4,90.47,4.27
23999,2026-01-09 09:59:00,S039,Planta_4,91.5,5.28
24022,2026-01-09 10:00:00,S022,Planta_3,101.9,1.1
24028,2026-01-09 10:00:00,S028,Planta_3,87.84,1.95
24029,2026-01-09 10:00:00,S029,Planta_3,104.1,3.41
24041,2026-01-09 10:01:00,S001,Planta_1,96.4,1.96
24067,2026-01-09 10:01:00,S027,Planta_3,102.71,4.01
24072,2026-01-09 10:01:00,S032,Planta_4,104.02,3.33
24081,2026-01-09 10:02:00,S001,Planta_1,86.32,1.6
24082,2026-01-09 10:02:00,S002,Planta_1,103.42,1.12
24102,2026-01-09 10:02:00,S022,Planta_3,87.11,4.65
24106,2026-01-09 10:02:00,S026,Planta_3,95.43,1.52
24130,2026-01-09 10:03:00,S010,Planta_1,86.33,1.3
24148,2026-01-09 10:03:00,S028,Planta_3,85.62,1.06
24149,2026-01-09 10:03:00,S029,Planta_3,94.6,2.95
24151,2026-01-09 10:03:00,S031,Planta_4,85.18,0.96
24160,2026-01-09 10:03:00,S040,Planta_4,103.03,2.36
24210,2026-01-09 10:05:00,S010,Planta_1,90.55,3.18
24242,2026-01-09 10:06:00,S002,Planta_1,95.8,1.5
24248,2026-01-09 10:06:00,S008,Planta_1,92.57,3.06
24300,2026-01-09 10:07:00,S020,Planta_2,99.78,0.62
24311,2026-01-09 10:07:00,S031,Planta_4,103.29,2.94
24320,2026-01-09 10:07:00,S040,Planta_4,88.28,1.8
24352,2026-01-09 10:08:00,S032,Planta_4,87.39,0.95
24361,2026-01-09 10:09:00,S001,Planta_1,99.7,3.3
24363,2026-01-09 10:09:00,S003,Planta_1,93.55,1.94
24377,2026-01-09 10:09:00,S017,Planta_2,91.71,1.79
24379,2026-01-09 10:09:00,S019,Planta_2,95.38,5.47
24387,2026-01-09 10:09:00,S027,Planta_3,87.72,1.63
24395,2026-01-09 10:09:00,S035,Planta_4,88.57,3.04
24396,2026-01-09 10:09:00,S036,Planta_4,95.5,3.54
24407,2026-01-09 10:10:00,S007,Planta_1,100.95,4.08
24408,2026-01-09 10:10:00,S008,Planta_1,87.42,3.62
24414,2026-01-09 10:10:00,S014,Planta_2,101.98,3.08
24415,2026-01-09 10:10:00,S015,Planta_2,86.83,4.27
24422,2026-01-09 10:10:00,S022,Planta_3,99.77,1.41
24423,2026-01-09 10:10:00,S023,Planta_3,88.43,4.2
24462,2026-01-09 10:11:00,S022,Planta_3,99.03,4.43
24508,2026-01-09 10:12:00,S028,Planta_3,97.95,3.93
24521,2026-01-09 10:13:00,S001,Planta_1,87.98,3.55
24523,2026-01-09 10:13:00,S003,Planta_1,89.44,4.43
24531,2026-01-09 10:13:00,S011,Planta_2,86.34,4.43
24532,2026-01-09 10:13:00,S012,Planta_2,91.32,2.75
24540,2026-01-09 10:13:00,S020,Planta_2,93.85,3.72
24542,2026-01-09 10:13:00,S022,Planta_3,104.76,3.61
24558,2026-01-09 10:13:00,S038,Planta_4,88.78,0.59
24570,2026-01-09 10:14:00,S010,Planta_1,104.83,2.57
24582,2026-01-09 10:14:00,S022,Planta_3,94.45,3.12
24592,2026-01-09 10:14:00,S032,Planta_4,103.06,4.0
24629,2026-01-09 10:15:00,S029,Planta_3,95.54,3.15
24638,2026-01-09 10:15:00,S038,Planta_4,101.43,5.06
24644,2026-01-09 10:16:00,S004,Planta_1,99.31,0.81
24658,2026-01-09 10:16:00,S018,Planta_2,100.97,4.72
24680,2026-01-09 10:16:00,S040,Planta_4,99.89,1.96
24702,2026-01-09 10:17:00,S022,Planta_3,92.95,1.18
24706,2026-01-09 10:17:00,S026,Planta_3,87.42,1.13
24720,2026-01-09 10:17:00,S040,Planta_4,104.06,3.55
24744,2026-01-09 10:18:00,S024,Planta_3,86.44,3.28
24753,2026-01-09 10:18:00,S033,Planta_4,86.05,1.74
24758,2026-01-09 10:18:00,S038,Planta_4,94.58,3.67
24771,2026-01-09 10:19:00,S011,Planta_2,101.38,4.74
24788,2026-01-09 10:19:00,S028,Planta_3,85.62,1.86
24791,2026-01-09 10:19:00,S031,Planta_4,96.5,3.45
24794,2026-01-09 10:19:00,S034,Planta_4,89.29,1.38
24802,2026-01-09 10:20:00,S002,Planta_1,91.94,1.44
24806,2026-01-09 10:20:00,S006,Planta_1,92.31,3.23
24812,2026-01-09 10:20:00,S012,Planta_2,102.98,0.6
24821,2026-01-09 10:20:00,S021,Planta_3,96.33,3.27
24827,2026-01-09 10:20:00,S027,Planta_3,102.04,5.39
24830,2026-01-09 10:20:00,S030,Planta_3,103.83,3.41
24846,2026-01-09 10:21:00,S006,Planta_1,102.75,2.49
24871,2026-01-09 10:21:00,S031,Planta_4,97.68,1.73
24898,2026-01-09 10:22:00,S018,Planta_2,102.34,4.43
24911,2026-01-09 10:22:00,S031,Planta_4,89.27,3.33
24929,2026-01-09 10:23:00,S009,Planta_1,93.0,2.87
24937,2026-01-09 10:23:00,S017,Planta_2,90.85,1.18
24944,2026-01-09 10:23:00,S024,Planta_3,89.33,3.49
24949,2026-01-09 10:23:00,S029,Planta_3,92.04,3.42
24961,2026-01-09 10:24:00,S001,Planta_1,101.98,3.88
24970,2026-01-09 10:24:00,S010,Planta_1,98.2,3.25
24978,2026-01-09 10:24:00,S018,Planta_2,101.01,4.67
24983,2026-01-09 10:24:00,S023,Planta_3,92.6,2.66
24987,2026-01-09 10:24:00,S027,Planta_3,100.39,1.01
24989,2026-01-09 10:24:00,S029,Planta_3,103.24,4.69
25029,2026-01-09 10:25:00,S029,Planta_3,101.34,0.57
25055,2026-01-09 10:26:00,S015,Planta_2,99.07,1.37
25064,2026-01-09 10:26:00,S024,Planta_3,90.51,0.72
25102,2026-01-09 10:27:00,S022,Planta_3,102.96,1.33
25113,2026-01-09 10:27:00,S033,Planta_4,96.98,2.33
25115,2026-01-09 10:27:00,S035,Planta_4,99.85,3.39
25116,2026-01-09 10:27:00,S036,Planta_4,95.91,3.64
25133,2026-01-09 10:28:00,S013,Planta_2,102.45,4.01
25156,2026-01-09 10:28:00,S036,Planta_4,85.25,1.85
25162,2026-01-09 10:29:00,S002,Planta_1,101.99,2.07
25179,2026-01-09 10:29:00,S019,Planta_2,96.49,4.7
25181,2026-01-09 10:29:00,S021,Planta_3,90.94,4.61
25193,2026-01-09 10:29:00,S033,Planta_4,96.52,2.56
25195,2026-01-09 10:29:00,S035,Planta_4,91.77,5.32
25206,2026-01-09 10:30:00,S006,Planta_1,100.75,3.94
25212,2026-01-09 10:30:00,S012,Planta_2,91.04,4.42
25219,2026-01-09 10:30:00,S019,Planta_2,93.49,2.76
25234,2026-01-09 10:30:00,S034,Planta_4,97.01,3.86
25244,2026-01-09 10:31:00,S004,Planta_1,97.31,4.41
25245,2026-01-09 10:31:00,S005,Planta_1,97.02,0.72
25251,2026-01-09 10:31:00,S011,Planta_2,97.47,1.69
25282,2026-01-09 10:32:00,S002,Planta_1,87.07,1.09
25284,2026-01-09 10:32:00,S004,Planta_1,87.45,2.62
25301,2026-01-09 10:32:00,S021,Planta_3,95.6,2.18
25305,2026-01-09 10:32:00,S025,Planta_3,94.1,4.27
25311,2026-01-09 10:32:00,S031,Planta_4,94.04,2.33
25335,2026-01-09 10:33:00,S015,Planta_2,102.22,5.29
25342,2026-01-09 10:33:00,S022,Planta_3,104.88,2.66
25345,2026-01-09 10:33:00,S025,Planta_3,101.3,5.28
25372,2026-01-09 10:34:00,S012,Planta_2,85.31,0.65
25376,2026-01-09 10:34:00,S016,Planta_2,87.19,2.28
25397,2026-01-09 10:34:00,S037,Planta_4,93.68,1.13
25439,2026-01-09 10:35:00,S039,Planta_4,87.99,5.39
25462,2026-01-09 10:36:00,S022,Planta_3,103.61,4.58
25512,2026-01-09 10:37:00,S032,Planta_4,90.97,2.26
25514,2026-01-09 10:37:00,S034,Planta_4,85.63,3.3
25517,2026-01-09 10:37:00,S037,Planta_4,92.02,3.73
25522,2026-01-09 10:38:00,S002,Planta_1,98.13,4.48
25541,2026-01-09 10:38:00,S021,Planta_3,97.98,2.17
25554,2026-01-09 10:38:00,S034,Planta_4,85.54,4.73
25557,2026-01-09 10:38:00,S037,Planta_4,96.22,1.21
25563,2026-01-09 10:39:00,S003,Planta_1,93.53,3.22
25589,2026-01-09 10:39:00,S029,Planta_3,91.61,1.14
25612,2026-01-09 10:40:00,S012,Planta_2,95.72,2.9
25618,2026-01-09 10:40:00,S018,Planta_2,85.93,3.37
25628,2026-01-09 10:40:00,S028,Planta_3,85.49,3.79
25636,2026-01-09 10:40:00,S036,Planta_4,87.05,5.47
25638,2026-01-09 10:40:00,S038,Planta_4,90.85,5.15
25640,2026-01-09 10:40:00,S040,Planta_4,97.1,3.93
25643,2026-01-09 10:41:00,S003,Planta_1,86.0,1.23
25647,2026-01-09 10:41:00,S007,Planta_1,102.23,4.16
25649,2026-01-09 10:41:00,S009,Planta_1,98.87,2.59
25669,2026-01-09 10:41:00,S029,Planta_3,85.15,5.47
25704,2026-01-09 10:42:00,S024,Planta_3,85.04,1.28
25713,2026-01-09 10:42:00,S033,Planta_4,85.28,1.86
25717,2026-01-09 10:42:00,S037,Planta_4,93.52,0.87
25718,2026-01-09 10:42:00,S038,Planta_4,95.51,1.98
25737,2026-01-09 10:43:00,S017,Planta_2,86.85,1.95
25740,2026-01-09 10:43:00,S020,Planta_2,97.3,3.15
25747,2026-01-09 10:43:00,S027,Planta_3,89.54,3.74
25768,2026-01-09 10:44:00,S008,Planta_1,94.34,5.13
25795,2026-01-09 10:44:00,S035,Planta_4,94.92,0.89
25824,2026-01-09 10:45:00,S024,Planta_3,98.48,2.44
25826,2026-01-09 10:45:00,S026,Planta_3,87.27,0.76
25834,2026-01-09 10:45:00,S034,Planta_4,87.5,5.01
25849,2026-01-09 10:46:00,S009,Planta_1,96.36,3.73
25851,2026-01-09 10:46:00,S011,Planta_2,91.35,1.5
25885,2026-01-09 10:47:00,S005,Planta_1,103.58,3.82
25888,2026-01-09 10:47:00,S008,Planta_1,97.27,2.57
25934,2026-01-09 10:48:00,S014,Planta_2,91.53,3.9
25962,2026-01-09 10:49:00,S002,Planta_1,87.28,5.01
25965,2026-01-09 10:49:00,S005,Planta_1,99.33,1.89
25995,2026-01-09 10:49:00,S035,Planta_4,95.91,1.32
25998,2026-01-09 10:49:00,S038,Planta_4,96.69,4.82
26004,2026-01-09 10:50:00,S004,Planta_1,89.55,3.06
26007,2026-01-09 10:50:00,S007,Planta_1,92.05,3.48
26026,2026-01-09 10:50:00,S026,Planta_3,102.88,2.46
26033,2026-01-09 10:50:00,S033,Planta_4,103.86,4.15
26046,2026-01-09 10:51:00,S006,Planta_1,97.28,1.79
26076,2026-01-09 10:51:00,S036,Planta_4,88.05,2.82
26081,2026-01-09 10:52:00,S001,Planta_1,101.65,1.58
26118,2026-01-09 10:52:00,S038,Planta_4,103.07,3.37
26122,2026-01-09 10:53:00,S002,Planta_1,103.48,3.33
26124,2026-01-09 10:53:00,S004,Planta_1,90.21,4.53
26125,2026-01-09 10:53:00,S005,Planta_1,90.93,2.48
26134,2026-01-09 10:53:00,S014,Planta_2,93.72,3.69
26139,2026-01-09 10:53:00,S019,Planta_2,103.82,4.87
26164,2026-01-09 10:54:00,S004,Planta_1,98.39,2.05
26166,2026-01-09 10:54:00,S006,Planta_1,102.32,2.82
26175,2026-01-09 10:54:00,S015,Planta_2,94.78,3.97
26248,2026-01-09 10:56:00,S008,Planta_1,96.94,4.45
26251,2026-01-09 10:56:00,S011,Planta_2,101.67,3.33
26258,2026-01-09 10:56:00,S018,Planta_2,103.56,2.35
26298,2026-01-09 10:57:00,S018,Planta_2,103.16,2.6
26323,2026-01-09 10:58:00,S003,Planta_1,94.42,0.6
26324,2026-01-09 10:58:00,S004,Planta_1,100.44,3.86
26334,2026-01-09 10:58:00,S014,Planta_2,91.78,2.62
26368,2026-01-09 10:59:00,S008,Planta_1,97.63,4.99
26371,2026-01-09 10:59:00,S011,Planta_2,89.19,3.55
26385,2026-01-09 10:59:00,S025,Planta_3,101.54,0.6
26389,2026-01-09 10:59:00,S029,Planta_3,86.24,4.19
26395,2026-01-09 10:59:00,S035,Planta_4,103.47,5.18
26398,2026-01-09 10:59:00,S038,Planta_4,98.65,1.43
26399,2026-01-09 10:59:00,S039,Planta_4,98.98,0.88
26405,2026-01-09 11:00:00,S005,Planta_1,90.27,3.61
26410,2026-01-09 11:00:00,S010,Planta_1,92.71,1.97
26425,2026-01-09 11:00:00,S025,Planta_3,91.4,4.29
26448,2026-01-09 11:01:00,S008,Planta_1,90.78,2.08
26475,2026-01-09 11:01:00,S035,Planta_4,85.53,4.31
26494,2026-01-09 11:02:00,S014,Planta_2,102.59,3.31
26526,2026-01-09 11:03:00,S006,Planta_1,89.16,1.77
26529,2026-01-09 11:03:00,S009,Planta_1,102.46,4.92
26556,2026-01-09 11:03:00,S036,Planta_4,88.81,0.81
26633,2026-01-09 11:05:00,S033,Planta_4,94.2,4.25
26645,2026-01-09 11:06:00,S005,Planta_1,98.66,1.66
26648,2026-01-09 11:06:00,S008,Planta_1,99.14,3.37
26651,2026-01-09 11:06:00,S011,Planta_2,90.09,4.85
26689,2026-01-09 11:07:00,S009,Planta_1,85.95,4.44
26700,2026-01-09 11:07:00,S020,Planta_2,94.82,0.61
26706,2026-01-09 11:07:00,S026,Planta_3,93.75,0.97
26708,2026-01-09 11:07:00,S028,Planta_3,100.3,3.02
26711,2026-01-09 11:07:00,S031,Planta_4,85.2,4.52
26725,2026-01-09 11:08:00,S005,Planta_1,104.9,0.97
26745,2026-01-09 11:08:00,S025,Planta_3,90.56,4.66
26774,2026-01-09 11:09:00,S014,Planta_2,95.37,3.11
26780,2026-01-09 11:09:00,S020,Planta_2,101.76,2.37
26790,2026-01-09 11:09:00,S030,Planta_3,96.12,3.91
26800,2026-01-09 11:09:00,S040,Planta_4,90.65,1.41
26822,2026-01-09 11:10:00,S022,Planta_3,92.28,1.07
26841,2026-01-09 11:11:00,S001,Planta_1,85.35,4.58
26853,2026-01-09 11:11:00,S013,Planta_2,104.2,4.93
26856,2026-01-09 11:11:00,S016,Planta_2,89.16,3.79
26858,2026-01-09 11:11:00,S018,Planta_2,102.72,4.27
26862,2026-01-09 11:11:00,S022,Planta_3,95.6,2.4
26880,2026-01-09 11:11:00,S040,Planta_4,95.98,1.29
26882,2026-01-09 11:12:00,S002,Planta_1,94.35,5.12
26893,2026-01-09 11:12:00,S013,Planta_2,86.9,0.98
26922,2026-01-09 11:13:00,S002,Planta_1,86.99,5.4
26940,2026-01-09 11:13:00,S020,Planta_2,99.65,1.94
26953,2026-01-09 11:13:00,S033,Planta_4,91.72,1.98
26959,2026-01-09 11:13:00,S039,Planta_4,89.26,3.42
26961,2026-01-09 11:14:00,S001,Planta_1,102.44,1.52
26979,2026-01-09 11:14:00,S019,Planta_2,93.3,3.55
26987,2026-01-09 11:14:00,S027,Planta_3,98.61,1.56
27014,2026-01-09 11:15:00,S014,Planta_2,102.14,4.77
27016,2026-01-09 11:15:00,S016,Planta_2,86.85,1.75
27043,2026-01-09 11:16:00,S003,Planta_1,98.84,1.13
27055,2026-01-09 11:16:00,S015,Planta_2,89.91,3.78
27063,2026-01-09 11:16:00,S023,Planta_3,86.26,4.28
27064,2026-01-09 11:16:00,S024,Planta_3,104.16,4.74
27068,2026-01-09 11:16:00,S028,Planta_3,88.99,3.97
27085,2026-01-09 11:17:00,S005,Planta_1,93.97,3.69
27102,2026-01-09 11:17:00,S022,Planta_3,100.95,1.63
27120,2026-01-09 11:17:00,S040,Planta_4,99.06,3.33
27141,2026-01-09 11:18:00,S021,Planta_3,97.56,2.1
27147,2026-01-09 11:18:00,S027,Planta_3,88.51,4.34
27158,2026-01-09 11:18:00,S038,Planta_4,104.04,0.75
27167,2026-01-09 11:19:00,S007,Planta_1,86.07,4.94
27173,2026-01-09 11:19:00,S013,Planta_2,85.81,1.49
27180,2026-01-09 11:19:00,S020,Planta_2,90.81,4.17
27227,2026-01-09 11:20:00,S027,Planta_3,95.72,5.3
27237,2026-01-09 11:20:00,S037,Planta_4,88.11,0.76
27260,2026-01-09 11:21:00,S020,Planta_2,104.0,2.21
27280,2026-01-09 11:21:00,S040,Planta_4,95.08,1.25
27301,2026-01-09 11:22:00,S021,Planta_3,103.22,4.37
27319,2026-01-09 11:22:00,S039,Planta_4,87.22,4.1
27328,2026-01-09 11:23:00,S008,Planta_1,86.55,4.01
27330,2026-01-09 11:23:00,S010,Planta_1,85.73,0.91
27341,2026-01-09 11:23:00,S021,Planta_3,85.72,4.31
27349,2026-01-09 11:23:00,S029,Planta_3,87.67,5.48
27352,2026-01-09 11:23:00,S032,Planta_4,90.96,1.25
27365,2026-01-09 11:24:00,S005,Planta_1,104.64,3.68
27366,2026-01-09 11:24:00,S006,Planta_1,90.7,4.91
27371,2026-01-09 11:24:00,S011,Planta_2,86.03,3.73
27379,2026-01-09 11:24:00,S019,Planta_2,95.22,4.69
27390,2026-01-09 11:24:00,S030,Planta_3,94.45,0.95
27401,2026-01-09 11:25:00,S001,Planta_1,95.93,2.58
27405,2026-01-09 11:25:00,S005,Planta_1,97.97,2.87
27440,2026-01-09 11:25:00,S040,Planta_4,95.53,2.99
27480,2026-01-09 11:26:00,S040,Planta_4,90.07,2.87
27486,2026-01-09 11:27:00,S006,Planta_1,91.78,2.49
27493,2026-01-09 11:27:00,S013,Planta_2,85.4,1.09
27494,2026-01-09 11:27:00,S014,Planta_2,91.95,2.23
27504,2026-01-09 11:27:00,S024,Planta_3,88.43,2.64
27555,2026-01-09 11:28:00,S035,Planta_4,94.34,3.42
27573,2026-01-09 11:29:00,S013,Planta_2,88.72,1.02
27583,2026-01-09 11:29:00,S023,Planta_3,102.63,1.52
27602,2026-01-09 11:30:00,S002,Planta_1,85.98,1.54
27615,2026-01-09 11:30:00,S015,Planta_2,87.27,0.95
27651,2026-01-09 11:31:00,S011,Planta_2,93.15,4.63
27660,2026-01-09 11:31:00,S020,Planta_2,89.24,1.18
27664,2026-01-09 11:31:00,S024,Planta_3,94.55,5.17
27671,2026-01-09 11:31:00,S031,Planta_4,97.66,0.55
27705,2026-01-09 11:32:00,S025,Planta_3,95.24,4.2
27716,2026-01-09 11:32:00,S036,Planta_4,86.16,4.01
27734,2026-01-09 11:33:00,S014,Planta_2,102.95,5.35
27749,2026-01-09 11:33:00,S029,Planta_3,91.48,2.95
27768,2026-01-09 11:34:00,S008,Planta_1,103.73,1.05
27775,2026-01-09 11:34:00,S015,Planta_2,85.34,4.48
27781,2026-01-09 11:34:00,S021,Planta_3,98.34,3.37
27784,2026-01-09 11:34:00,S024,Planta_3,102.77,0.89
27786,2026-01-09 11:34:00,S026,Planta_3,97.09,0.79
27788,2026-01-09 11:34:00,S028,Planta_3,85.5,3.49
27798,2026-01-09 11:34:00,S038,Planta_4,87.74,5.28
27800,2026-01-09 11:34:00,S040,Planta_4,90.82,4.93
27811,2026-01-09 11:35:00,S011,Planta_2,101.94,4.13
27822,2026-01-09 11:35:00,S022,Planta_3,92.46,5.32
27866,2026-01-09 11:36:00,S026,Planta_3,90.07,0.98
27883,2026-01-09 11:37:00,S003,Planta_1,97.62,3.19
27888,2026-01-09 11:37:00,S008,Planta_1,101.83,1.87
27897,2026-01-09 11:37:00,S017,Planta_2,94.5,2.77
27898,2026-01-09 11:37:00,S018,Planta_2,88.7,2.9
27903,2026-01-09 11:37:00,S023,Planta_3,101.91,0.73
27907,2026-01-09 11:37:00,S027,Planta_3,87.85,2.17
27909,2026-01-09 11:37:00,S029,Planta_3,88.5,4.37
27911,2026-01-09 11:37:00,S031,Planta_4,104.13,2.86
27969,2026-01-09 11:39:00,S009,Planta_1,88.03,3.14
27970,2026-01-09 11:39:00,S010,Planta_1,92.08,1.43
27981,2026-01-09 11:39:00,S021,Planta_3,88.88,0.56
28026,2026-01-09 11:40:00,S026,Planta_3,86.42,3.11
28028,2026-01-09 11:40:00,S028,Planta_3,100.83,2.71
28031,2026-01-09 11:40:00,S031,Planta_4,100.03,3.11
28055,2026-01-09 11:41:00,S015,Planta_2,102.41,4.87
28096,2026-01-09 11:42:00,S016,Planta_2,103.98,5.19
28100,2026-01-09 11:42:00,S020,Planta_2,85.76,0.79
28102,2026-01-09 11:42:00,S022,Planta_3,93.91,1.55
28120,2026-01-09 11:42:00,S040,Planta_4,85.4,3.79
28147,2026-01-09 11:43:00,S027,Planta_3,93.79,5.34
28196,2026-01-09 11:44:00,S036,Planta_4,101.2,3.67
28217,2026-01-09 11:45:00,S017,Planta_2,96.21,2.58
28221,2026-01-09 11:45:00,S021,Planta_3,87.54,3.85
28223,2026-01-09 11:45:00,S023,Planta_3,94.69,2.92
28259,2026-01-09 11:46:00,S019,Planta_2,92.15,1.53
28268,2026-01-09 11:46:00,S028,Planta_3,96.75,2.42
28314,2026-01-09 11:47:00,S034,Planta_4,89.22,3.13
28325,2026-01-09 11:48:00,S005,Planta_1,100.63,3.27
28327,2026-01-09 11:48:00,S007,Planta_1,97.84,5.44
28363,2026-01-09 11:49:00,S003,Planta_1,94.91,1.24
28367,2026-01-09 11:49:00,S007,Planta_1,87.13,2.57
28379,2026-01-09 11:49:00,S019,Planta_2,99.32,4.89
28393,2026-01-09 11:49:00,S033,Planta_4,85.5,5.0
28394,2026-01-09 11:49:00,S034,Planta_4,104.09,3.75
28444,2026-01-09 11:51:00,S004,Planta_1,101.24,5.37
28472,2026-01-09 11:51:00,S032,Planta_4,100.05,3.95
28482,2026-01-09 11:52:00,S002,Planta_1,96.75,2.83
28498,2026-01-09 11:52:00,S018,Planta_2,93.53,4.94
28507,2026-01-09 11:52:00,S027,Planta_3,89.54,1.14
28526,2026-01-09 11:53:00,S006,Planta_1,87.49,1.85
28534,2026-01-09 11:53:00,S014,Planta_2,86.17,2.18
28550,2026-01-09 11:53:00,S030,Planta_3,95.54,4.15
28608,2026-01-09 11:55:00,S008,Planta_1,96.0,1.94
28612,2026-01-09 11:55:00,S012,Planta_2,101.18,2.13
28619,2026-01-09 11:55:00,S019,Planta_2,101.94,0.79
28627,2026-01-09 11:55:00,S027,Planta_3,102.78,0.71
28631,2026-01-09 11:55:00,S031,Planta_4,100.23,2.22
28646,2026-01-09 11:56:00,S006,Planta_1,89.35,4.38
28649,2026-01-09 11:56:00,S009,Planta_1,96.81,3.52
28684,2026-01-09 11:57:00,S004,Planta_1,101.54,4.57
28689,2026-01-09 11:57:00,S009,Planta_1,99.58,1.72
28700,2026-01-09 11:57:00,S020,Planta_2,93.25,5.09
28712,2026-01-09 11:57:00,S032,Planta_4,104.9,1.19
28714,2026-01-09 11:57:00,S034,Planta_4,99.74,1.45
28716,2026-01-09 11:57:00,S036,Planta_4,87.2,0.6
28718,2026-01-09 11:57:00,S038,Planta_4,97.43,2.82
28757,2026-01-09 11:58:00,S037,Planta_4,95.33,4.94
28766,2026-01-09 11:59:00,S006,Planta_1,96.88,4.76
28777,2026-01-09 11:59:00,S017,Planta_2,96.19,1.95
28781,2026-01-09 11:59:00,S021,Planta_3,91.79,5.36
28783,2026-01-09 11:59:00,S023,Planta_3,104.23,2.37
28815,2026-01-09 12:00:00,S015,Planta_2,99.96,1.51
28834,2026-01-09 12:00:00,S034,Planta_4,92.6,3.77
28891,2026-01-09 12:02:00,S011,Planta_2,102.69,0.54
28907,2026-01-09 12:02:00,S027,Planta_3,93.45,3.77
28924,2026-01-09 12:03:00,S004,Planta_1,88.54,3.42
28926,2026-01-09 12:03:00,S006,Planta_1,91.3,2.04
28934,2026-01-09 12:03:00,S014,Planta_2,87.56,2.84
28946,2026-01-09 12:03:00,S026,Planta_3,91.6,3.05
28951,2026-01-09 12:03:00,S031,Planta_4,98.18,5.03
28976,2026-01-09 12:04:00,S016,Planta_2,103.62,5.15
28992,2026-01-09 12:04:00,S032,Planta_4,86.25,2.29
29035,2026-01-09 12:05:00,S035,Planta_4,101.37,3.24
29042,2026-01-09 12:06:00,S002,Planta_1,86.98,5.44
29055,2026-01-09 12:06:00,S015,Planta_2,87.46,2.98
29070,2026-01-09 12:06:00,S030,Planta_3,91.67,2.57
29077,2026-01-09 12:06:00,S037,Planta_4,101.21,1.81
29083,2026-01-09 12:07:00,S003,Planta_1,86.61,1.79
29134,2026-01-09 12:08:00,S014,Planta_2,85.51,4.2
29148,2026-01-09 12:08:00,S028,Planta_3,89.17,0.51
29155,2026-01-09 12:08:00,S035,Planta_4,94.8,2.8
29167,2026-01-09 12:09:00,S007,Planta_1,94.2,0.54
29186,2026-01-09 12:09:00,S026,Planta_3,85.34,2.3
29189,2026-01-09 12:09:00,S029,Planta_3,97.75,4.99
29217,2026-01-09 12:10:00,S017,Planta_2,102.26,3.72
29219,2026-01-09 12:10:00,S019,Planta_2,87.35,4.97
29232,2026-01-09 12:10:00,S032,Planta_4,93.24,0.78
29233,2026-01-09 12:10:00,S033,Planta_4,104.49,5.06
29237,2026-01-09 12:10:00,S037,Planta_4,89.93,4.74
29249,2026-01-09 12:11:00,S009,Planta_1,98.4,0.51
29251,2026-01-09 12:11:00,S011,Planta_2,103.82,1.38
29272,2026-01-09 12:11:00,S032,Planta_4,103.12,2.96
29281,2026-01-09 12:12:00,S001,Planta_1,100.35,2.17
29288,2026-01-09 12:12:00,S008,Planta_1,96.8,1.29
29289,2026-01-09 12:12:00,S009,Planta_1,89.51,0.67
29297,2026-01-09 12:12:00,S017,Planta_2,98.54,0.77
29350,2026-01-09 12:13:00,S030,Planta_3,103.66,1.98
29351,2026-01-09 12:13:00,S031,Planta_4,91.49,2.85
29382,2026-01-09 12:14:00,S022,Planta_3,95.74,1.31
29400,2026-01-09 12:14:00,S040,Planta_4,92.48,1.39
29403,2026-01-09 12:15:00,S003,Planta_1,90.17,1.41
29450,2026-01-09 12:16:00,S010,Planta_1,101.83,1.56
29451,2026-01-09 12:16:00,S011,Planta_2,103.47,4.05
29491,2026-01-09 12:17:00,S011,Planta_2,89.46,5.14
29494,2026-01-09 12:17:00,S014,Planta_2,98.84,3.9
29499,2026-01-09 12:17:00,S019,Planta_2,103.7,1.58
29514,2026-01-09 12:17:00,S034,Planta_4,85.08,2.88
29551,2026-01-09 12:18:00,S031,Planta_4,98.14,1.16
29554,2026-01-09 12:18:00,S034,Planta_4,95.4,4.59
29568,2026-01-09 12:19:00,S008,Planta_1,85.35,3.08
29589,2026-01-09 12:19:00,S029,Planta_3,97.09,2.95
29597,2026-01-09 12:19:00,S037,Planta_4,96.61,5.11
29609,2026-01-09 12:20:00,S009,Planta_1,97.69,5.5
29626,2026-01-09 12:20:00,S026,Planta_3,92.18,4.72
29661,2026-01-09 12:21:00,S021,Planta_3,86.9,3.67
29663,2026-01-09 12:21:00,S023,Planta_3,85.47,4.18
29671,2026-01-09 12:21:00,S031,Planta_4,96.95,5.22
29688,2026-01-09 12:22:00,S008,Planta_1,92.4,0.87
29713,2026-01-09 12:22:00,S033,Planta_4,100.78,1.15
29726,2026-01-09 12:23:00,S006,Planta_1,103.67,3.11
29733,2026-01-09 12:23:00,S013,Planta_2,104.73,5.44
29757,2026-01-09 12:23:00,S037,Planta_4,90.81,5.22
29808,2026-01-09 12:25:00,S008,Planta_1,85.38,4.35
29828,2026-01-09 12:25:00,S028,Planta_3,85.99,3.9
29832,2026-01-09 12:25:00,S032,Planta_4,104.56,2.93
29855,2026-01-09 12:26:00,S015,Planta_2,96.85,5.08
29856,2026-01-09 12:26:00,S016,Planta_2,94.31,4.44
29872,2026-01-09 12:26:00,S032,Planta_4,100.91,3.03
29888,2026-01-09 12:27:00,S008,Planta_1,104.57,1.81
29893,2026-01-09 12:27:00,S013,Planta_2,88.05,0.76
29895,2026-01-09 12:27:00,S015,Planta_2,86.11,0.57
29911,2026-01-09 12:27:00,S031,Planta_4,96.13,2.02
29961,2026-01-09 12:29:00,S001,Planta_1,89.08,4.75
29963,2026-01-09 12:29:00,S003,Planta_1,89.37,2.91
29966,2026-01-09 12:29:00,S006,Planta_1,92.77,3.4
30006,2026-01-09 12:30:00,S006,Planta_1,94.79,4.33
30015,2026-01-09 12:30:00,S015,Planta_2,101.5,1.52
30023,2026-01-09 12:30:00,S023,Planta_3,88.12,5.14
30028,2026-01-09 12:30:00,S028,Planta_3,99.5,5.09
30037,2026-01-09 12:30:00,S037,Planta_4,88.26,2.01
30048,2026-01-09 12:31:00,S008,Planta_1,94.6,3.21
30060,2026-01-09 12:31:00,S020,Planta_2,94.07,4.99
30092,2026-01-09 12:32:00,S012,Planta_2,98.3,1.08
30109,2026-01-09 12:32:00,S029,Planta_3,89.75,5.19
30171,2026-01-09 12:34:00,S011,Planta_2,104.72,3.92
30184,2026-01-09 12:34:00,S024,Planta_3,92.89,4.1
30217,2026-01-09 12:35:00,S017,Planta_2,98.35,1.38
30224,2026-01-09 12:35:00,S024,Planta_3,90.48,2.11
30227,2026-01-09 12:35:00,S027,Planta_3,90.9,3.71
30239,2026-01-09 12:35:00,S039,Planta_4,85.84,2.98
30241,2026-01-09 12:36:00,S001,Planta_1,91.61,2.22
30261,2026-01-09 12:36:00,S021,Planta_3,100.08,1.08
30266,2026-01-09 12:36:00,S026,Planta_3,93.9,2.21
30305,2026-01-09 12:37:00,S025,Planta_3,104.68,4.83
30331,2026-01-09 12:38:00,S011,Planta_2,86.29,3.97
30343,2026-01-09 12:38:00,S023,Planta_3,93.5,4.07
30357,2026-01-09 12:38:00,S037,Planta_4,89.61,5.2
30360,2026-01-09 12:38:00,S040,Planta_4,93.78,3.64
30369,2026-01-09 12:39:00,S009,Planta_1,91.99,3.77
30383,2026-01-09 12:39:00,S023,Planta_3,102.71,0.74
30390,2026-01-09 12:39:00,S030,Planta_3,99.68,1.58
30414,2026-01-09 12:40:00,S014,Planta_2,98.73,1.4
30455,2026-01-09 12:41:00,S015,Planta_2,91.7,2.68
30492,2026-01-09 12:42:00,S012,Planta_2,94.07,3.2
30502,2026-01-09 12:42:00,S022,Planta_3,94.39,1.45
30524,2026-01-09 12:43:00,S004,Planta_1,95.82,2.44
30536,2026-01-09 12:43:00,S016,Planta_2,90.82,3.68
30543,2026-01-09 12:43:00,S023,Planta_3,94.65,3.31
30548,2026-01-09 12:43:00,S028,Planta_3,100.43,2.44
30560,2026-01-09 12:43:00,S040,Planta_4,97.73,4.62
30569,2026-01-09 12:44:00,S009,Planta_1,97.43,0.67
30575,2026-01-09 12:44:00,S015,Planta_2,103.29,5.05
30591,2026-01-09 12:44:00,S031,Planta_4,87.1,1.95
30600,2026-01-09 12:44:00,S040,Planta_4,103.73,1.26
30603,2026-01-09 12:45:00,S003,Planta_1,101.78,2.54
30606,2026-01-09 12:45:00,S006,Planta_1,88.98,4.93
30618,2026-01-09 12:45:00,S018,Planta_2,88.87,3.8
30665,2026-01-09 12:46:00,S025,Planta_3,95.64,5.27
30675,2026-01-09 12:46:00,S035,Planta_4,88.31,2.59
30679,2026-01-09 12:46:00,S039,Planta_4,87.78,5.41
30694,2026-01-09 12:47:00,S014,Planta_2,103.3,0.77
30703,2026-01-09 12:47:00,S023,Planta_3,102.96,2.11
30707,2026-01-09 12:47:00,S027,Planta_3,86.39,2.41
30720,2026-01-09 12:47:00,S040,Planta_4,88.49,2.48
30727,2026-01-09 12:48:00,S007,Planta_1,91.59,0.61
30728,2026-01-09 12:48:00,S008,Planta_1,86.24,3.12
30754,2026-01-09 12:48:00,S034,Planta_4,94.6,5.11
30772,2026-01-09 12:49:00,S012,Planta_2,88.47,5.28
30792,2026-01-09 12:49:00,S032,Planta_4,85.47,3.77
30812,2026-01-09 12:50:00,S012,Planta_2,95.66,1.42
30818,2026-01-09 12:50:00,S018,Planta_2,99.12,1.11
30851,2026-01-09 12:51:00,S011,Planta_2,85.64,0.58
30883,2026-01-09 12:52:00,S003,Planta_1,87.28,2.87
30886,2026-01-09 12:52:00,S006,Planta_1,91.29,3.42
30897,2026-01-09 12:52:00,S017,Planta_2,86.41,0.57
30910,2026-01-09 12:52:00,S030,Planta_3,94.41,1.88
30969,2026-01-09 12:54:00,S009,Planta_1,97.97,2.86
30975,2026-01-09 12:54:00,S015,Planta_2,90.71,3.71
30987,2026-01-09 12:54:00,S027,Planta_3,94.41,4.34
30999,2026-01-09 12:54:00,S039,Planta_4,102.59,5.23
31009,2026-01-09 12:55:00,S009,Planta_1,104.13,1.43
31053,2026-01-09 12:56:00,S013,Planta_2,96.84,1.41
31065,2026-01-09 12:56:00,S025,Planta_3,96.5,1.3
31072,2026-01-09 12:56:00,S032,Planta_4,86.4,3.38
31112,2026-01-09 12:57:00,S032,Planta_4,104.43,3.84
31120,2026-01-09 12:57:00,S040,Planta_4,96.68,0.59
31122,2026-01-09 12:58:00,S002,Planta_1,86.63,2.44
31126,2026-01-09 12:58:00,S006,Planta_1,86.85,4.01
31136,2026-01-09 12:58:00,S016,Planta_2,91.99,2.15
31190,2026-01-09 12:59:00,S030,Planta_3,91.14,1.94
31196,2026-01-09 12:59:00,S036,Planta_4,103.79,3.22
31224,2026-01-09 13:00:00,S024,Planta_3,88.83,2.09
31239,2026-01-09 13:00:00,S039,Planta_4,88.53,1.62
31244,2026-01-09 13:01:00,S004,Planta_1,100.94,5.21
31261,2026-01-09 13:01:00,S021,Planta_3,85.73,1.51
31276,2026-01-09 13:01:00,S036,Planta_4,93.82,4.83
31279,2026-01-09 13:01:00,S039,Planta_4,100.27,2.12
31286,2026-01-09 13:02:00,S006,Planta_1,100.36,4.94
31316,2026-01-09 13:02:00,S036,Planta_4,93.51,3.27
31353,2026-01-09 13:03:00,S033,Planta_4,100.04,1.06
31380,2026-01-09 13:04:00,S020,Planta_2,89.73,3.48
31392,2026-01-09 13:04:00,S032,Planta_4,85.73,4.66
31401,2026-01-09 13:05:00,S001,Planta_1,96.73,1.47
31413,2026-01-09 13:05:00,S013,Planta_2,90.92,2.51
31428,2026-01-09 13:05:00,S028,Planta_3,97.44,5.06
31431,2026-01-09 13:05:00,S031,Planta_4,98.87,0.68
31442,2026-01-09 13:06:00,S002,Planta_1,86.47,0.57
31465,2026-01-09 13:06:00,S025,Planta_3,103.64,1.18
31470,2026-01-09 13:06:00,S030,Planta_3,92.04,4.65
31472,2026-01-09 13:06:00,S032,Planta_4,102.14,5.0
31480,2026-01-09 13:06:00,S040,Planta_4,86.05,1.11
31501,2026-01-09 13:07:00,S021,Planta_3,86.71,1.02
31545,2026-01-09 13:08:00,S025,Planta_3,97.69,4.74
31579,2026-01-09 13:09:00,S019,Planta_2,88.18,3.23
31580,2026-01-09 13:09:00,S020,Planta_2,99.07,4.44
31583,2026-01-09 13:09:00,S023,Planta_3,104.55,0.88
31622,2026-01-09 13:10:00,S022,Planta_3,96.21,1.1
31647,2026-01-09 13:11:00,S007,Planta_1,89.0,3.02
31655,2026-01-09 13:11:00,S015,Planta_2,100.2,3.53
31659,2026-01-09 13:11:00,S019,Planta_2,102.79,3.15
31664,2026-01-09 13:11:00,S024,Planta_3,103.83,4.25
31672,2026-01-09 13:11:00,S032,Planta_4,86.98,2.54
31695,2026-01-09 13:12:00,S015,Planta_2,91.13,1.97
31727,2026-01-09 13:13:00,S007,Planta_1,93.11,3.2
31759,2026-01-09 13:13:00,S039,Planta_4,92.99,1.89
31766,2026-01-09 13:14:00,S006,Planta_1,92.49,3.17
31774,2026-01-09 13:14:00,S014,Planta_2,100.66,1.6
31781,2026-01-09 13:14:00,S021,Planta_3,103.26,3.4
31792,2026-01-09 13:14:00,S032,Planta_4,93.96,4.65
31796,2026-01-09 13:14:00,S036,Planta_4,97.96,4.91
31809,2026-01-09 13:15:00,S009,Planta_1,99.02,5.01
31831,2026-01-09 13:15:00,S031,Planta_4,95.66,1.1
31843,2026-01-09 13:16:00,S003,Planta_1,86.35,2.13
31846,2026-01-09 13:16:00,S006,Planta_1,94.88,0.86
31855,2026-01-09 13:16:00,S015,Planta_2,94.26,2.08
31889,2026-01-09 13:17:00,S009,Planta_1,100.09,0.53
31898,2026-01-09 13:17:00,S018,Planta_2,97.73,4.24
31910,2026-01-09 13:17:00,S030,Planta_3,92.67,4.2
31914,2026-01-09 13:17:00,S034,Planta_4,103.37,4.88
31964,2026-01-09 13:19:00,S004,Planta_1,91.01,1.06
31983,2026-01-09 13:19:00,S023,Planta_3,87.23,2.91
32016,2026-01-09 13:20:00,S016,Planta_2,100.86,5.26
32029,2026-01-09 13:20:00,S029,Planta_3,100.23,2.05
32049,2026-01-09 13:21:00,S009,Planta_1,91.22,3.61
32110,2026-01-09 13:22:00,S030,Planta_3,90.02,2.9
32113,2026-01-09 13:22:00,S033,Planta_4,99.45,4.22
32127,2026-01-09 13:23:00,S007,Planta_1,88.94,4.92
32140,2026-01-09 13:23:00,S020,Planta_2,97.88,2.15
32145,2026-01-09 13:23:00,S025,Planta_3,104.49,3.85
32154,2026-01-09 13:23:00,S034,Planta_4,101.53,2.45
32157,2026-01-09 13:23:00,S037,Planta_4,96.74,1.15
32179,2026-01-09 13:24:00,S019,Planta_2,92.78,1.12
32187,2026-01-09 13:24:00,S027,Planta_3,87.3,1.63
32194,2026-01-09 13:24:00,S034,Planta_4,94.61,0.89
32218,2026-01-09 13:25:00,S018,Planta_2,89.26,4.8
32229,2026-01-09 13:25:00,S029,Planta_3,92.78,4.47
32234,2026-01-09 13:25:00,S034,Planta_4,96.74,2.8
32254,2026-01-09 13:26:00,S014,Planta_2,94.2,4.58
32287,2026-01-09 13:27:00,S007,Planta_1,95.83,5.5
32296,2026-01-09 13:27:00,S016,Planta_2,92.35,3.39
32299,2026-01-09 13:27:00,S019,Planta_2,91.59,2.04
32320,2026-01-09 13:27:00,S040,Planta_4,85.29,1.95
32322,2026-01-09 13:28:00,S002,Planta_1,101.17,3.77
32336,2026-01-09 13:28:00,S016,Planta_2,92.36,2.95
32352,2026-01-09 13:28:00,S032,Planta_4,99.15,4.19
32354,2026-01-09 13:28:00,S034,Planta_4,85.9,4.45
32358,2026-01-09 13:28:00,S038,Planta_4,99.6,4.73
32363,2026-01-09 13:29:00,S003,Planta_1,89.86,5.46
32368,2026-01-09 13:29:00,S008,Planta_1,94.92,5.23
32381,2026-01-09 13:29:00,S021,Planta_3,103.54,1.45
32385,2026-01-09 13:29:00,S025,Planta_3,93.05,1.52
32416,2026-01-09 13:30:00,S016,Planta_2,86.43,4.18
32431,2026-01-09 13:30:00,S031,Planta_4,86.24,3.73
32455,2026-01-09 13:31:00,S015,Planta_2,102.04,1.16
32461,2026-01-09 13:31:00,S021,Planta_3,96.52,1.79
32477,2026-01-09 13:31:00,S037,Planta_4,87.77,0.94
32499,2026-01-09 13:32:00,S019,Planta_2,95.56,1.74
32507,2026-01-09 13:32:00,S027,Planta_3,97.56,4.99
32521,2026-01-09 13:33:00,S001,Planta_1,100.87,4.36
32524,2026-01-09 13:33:00,S004,Planta_1,103.04,1.86
32531,2026-01-09 13:33:00,S011,Planta_2,90.68,0.59
32555,2026-01-09 13:33:00,S035,Planta_4,88.96,4.1
32582,2026-01-09 13:34:00,S022,Planta_3,99.61,2.24
32585,2026-01-09 13:34:00,S025,Planta_3,104.63,2.01
32593,2026-01-09 13:34:00,S033,Planta_4,97.18,2.96
32607,2026-01-09 13:35:00,S007,Planta_1,102.25,3.26
32613,2026-01-09 13:35:00,S013,Planta_2,104.67,4.78
32623,2026-01-09 13:35:00,S023,Planta_3,101.93,2.45
32625,2026-01-09 13:35:00,S025,Planta_3,91.47,2.65
32628,2026-01-09 13:35:00,S028,Planta_3,104.72,3.78
32644,2026-01-09 13:36:00,S004,Planta_1,87.79,1.98
32646,2026-01-09 13:36:00,S006,Planta_1,90.17,4.72
32653,2026-01-09 13:36:00,S013,Planta_2,90.86,1.85
32660,2026-01-09 13:36:00,S020,Planta_2,97.48,1.64
32664,2026-01-09 13:36:00,S024,Planta_3,94.35,4.42
32669,2026-01-09 13:36:00,S029,Planta_3,87.09,1.54
32673,2026-01-09 13:36:00,S033,Planta_4,95.61,0.87
32769,2026-01-09 13:39:00,S009,Planta_1,88.14,4.56
32773,2026-01-09 13:39:00,S013,Planta_2,102.73,3.56
32781,2026-01-09 13:39:00,S021,Planta_3,91.37,5.41
32784,2026-01-09 13:39:00,S024,Planta_3,101.29,1.74
32850,2026-01-09 13:41:00,S010,Planta_1,94.42,2.34
32852,2026-01-09 13:41:00,S012,Planta_2,86.71,2.36
32862,2026-01-09 13:41:00,S022,Planta_3,93.16,3.57
32869,2026-01-09 13:41:00,S029,Planta_3,94.06,1.76
32872,2026-01-09 13:41:00,S032,Planta_4,103.23,3.36
32878,2026-01-09 13:41:00,S038,Planta_4,86.41,1.56
32898,2026-01-09 13:42:00,S018,Planta_2,89.58,1.12
32910,2026-01-09 13:42:00,S030,Planta_3,95.34,5.47
32931,2026-01-09 13:43:00,S011,Planta_2,89.01,3.59
32947,2026-01-09 13:43:00,S027,Planta_3,99.46,3.55
32951,2026-01-09 13:43:00,S031,Planta_4,91.36,2.92
32969,2026-01-09 13:44:00,S009,Planta_1,96.32,3.41
32972,2026-01-09 13:44:00,S012,Planta_2,93.94,0.99
32976,2026-01-09 13:44:00,S016,Planta_2,90.89,2.25
33005,2026-01-09 13:45:00,S005,Planta_1,97.86,2.4
33012,2026-01-09 13:45:00,S012,Planta_2,97.65,3.29
33032,2026-01-09 13:45:00,S032,Planta_4,93.56,5.17
33038,2026-01-09 13:45:00,S038,Planta_4,89.7,3.44
33040,2026-01-09 13:45:00,S040,Planta_4,97.06,5.22
33046,2026-01-09 13:46:00,S006,Planta_1,87.39,4.68
33053,2026-01-09 13:46:00,S013,Planta_2,99.53,4.22
33105,2026-01-09 13:47:00,S025,Planta_3,93.7,2.79
33126,2026-01-09 13:48:00,S006,Planta_1,102.01,2.94
33127,2026-01-09 13:48:00,S007,Planta_1,88.68,5.01
33128,2026-01-09 13:48:00,S008,Planta_1,90.67,5.28
33138,2026-01-09 13:48:00,S018,Planta_2,92.56,5.24
33158,2026-01-09 13:48:00,S038,Planta_4,103.48,3.66
33161,2026-01-09 13:49:00,S001,Planta_1,86.18,2.4
33169,2026-01-09 13:49:00,S009,Planta_1,88.61,3.08
33187,2026-01-09 13:49:00,S027,Planta_3,86.87,3.76
33215,2026-01-09 13:50:00,S015,Planta_2,96.9,2.25
33241,2026-01-09 13:51:00,S001,Planta_1,85.52,4.11
33269,2026-01-09 13:51:00,S029,Planta_3,99.83,4.2
33277,2026-01-09 13:51:00,S037,Planta_4,86.52,3.26
33282,2026-01-09 13:52:00,S002,Planta_1,96.72,4.53
33323,2026-01-09 13:53:00,S003,Planta_1,93.02,4.42
33327,2026-01-09 13:53:00,S007,Planta_1,87.0,3.63
33336,2026-01-09 13:53:00,S016,Planta_2,90.72,2.16
33340,2026-01-09 13:53:00,S020,Planta_2,95.21,5.31
33350,2026-01-09 13:53:00,S030,Planta_3,94.78,1.81
33352,2026-01-09 13:53:00,S032,Planta_4,99.22,0.7
33381,2026-01-09 13:54:00,S021,Planta_3,99.2,5.33
33393,2026-01-09 13:54:00,S033,Planta_4,100.9,3.33
33407,2026-01-09 13:55:00,S007,Planta_1,103.46,2.31
33415,2026-01-09 13:55:00,S015,Planta_2,93.48,1.82
33446,2026-01-09 13:56:00,S006,Planta_1,89.18,5.13
33490,2026-01-09 13:57:00,S010,Planta_1,95.53,1.66
33491,2026-01-09 13:57:00,S011,Planta_2,100.47,2.13
33530,2026-01-09 13:58:00,S010,Planta_1,87.32,3.73
33565,2026-01-09 13:59:00,S005,Planta_1,88.1,4.58
33575,2026-01-09 13:59:00,S015,Planta_2,88.14,4.25
33593,2026-01-09 13:59:00,S033,Planta_4,87.04,3.6
33603,2026-01-09 14:00:00,S003,Planta_1,103.18,3.45
33641,2026-01-09 14:01:00,S001,Planta_1,91.59,1.74
33664,2026-01-09 14:01:00,S024,Planta_3,97.45,1.8
33675,2026-01-09 14:01:00,S035,Planta_4,98.71,1.71
33686,2026-01-09 14:02:00,S006,Planta_1,92.59,3.83
33707,2026-01-09 14:02:00,S027,Planta_3,93.09,5.28
33714,2026-01-09 14:02:00,S034,Planta_4,88.17,4.17
33718,2026-01-09 14:02:00,S038,Planta_4,90.04,5.37
33732,2026-01-09 14:03:00,S012,Planta_2,87.18,4.76
33751,2026-01-09 14:03:00,S031,Planta_4,90.27,5.23
33760,2026-01-09 14:03:00,S040,Planta_4,104.94,4.45
33793,2026-01-09 14:04:00,S033,Planta_4,85.57,5.35
33809,2026-01-09 14:05:00,S009,Planta_1,90.17,3.72
33813,2026-01-09 14:05:00,S013,Planta_2,96.95,5.47
33860,2026-01-09 14:06:00,S020,Planta_2,96.4,1.66
33872,2026-01-09 14:06:00,S032,Planta_4,103.18,5.11
33910,2026-01-09 14:07:00,S030,Planta_3,94.29,4.37
33913,2026-01-09 14:07:00,S033,Planta_4,97.86,3.28
33919,2026-01-09 14:07:00,S039,Planta_4,88.08,3.95
33923,2026-01-09 14:08:00,S003,Planta_1,100.89,3.93
33933,2026-01-09 14:08:00,S013,Planta_2,92.58,0.98
33950,2026-01-09 14:08:00,S030,Planta_3,94.9,3.83
33954,2026-01-09 14:08:00,S034,Planta_4,98.31,0.67
33961,2026-01-09 14:09:00,S001,Planta_1,93.2,1.42
33971,2026-01-09 14:09:00,S011,Planta_2,94.73,4.91
33987,2026-01-09 14:09:00,S027,Planta_3,92.04,3.78
33996,2026-01-09 14:09:00,S036,Planta_4,86.49,0.94
34001,2026-01-09 14:10:00,S001,Planta_1,89.46,2.99
34009,2026-01-09 14:10:00,S009,Planta_1,88.14,0.98
34030,2026-01-09 14:10:00,S030,Planta_3,86.01,4.74
34034,2026-01-09 14:10:00,S034,Planta_4,95.65,5.46
34044,2026-01-09 14:11:00,S004,Planta_1,89.45,1.46
34046,2026-01-09 14:11:00,S006,Planta_1,89.24,0.78
34056,2026-01-09 14:11:00,S016,Planta_2,92.35,2.78
34057,2026-01-09 14:11:00,S017,Planta_2,101.69,1.31
34062,2026-01-09 14:11:00,S022,Planta_3,101.16,2.37
34064,2026-01-09 14:11:00,S024,Planta_3,91.64,2.42
34087,2026-01-09 14:12:00,S007,Planta_1,93.73,0.98
34092,2026-01-09 14:12:00,S012,Planta_2,100.08,0.98
34096,2026-01-09 14:12:00,S016,Planta_2,91.97,2.8
34116,2026-01-09 14:12:00,S036,Planta_4,85.2,4.95
34144,2026-01-09 14:13:00,S024,Planta_3,94.59,5.41
34148,2026-01-09 14:13:00,S028,Planta_3,87.84,1.69
34150,2026-01-09 14:13:00,S030,Planta_3,88.0,0.74
34194,2026-01-09 14:14:00,S034,Planta_4,100.75,4.36
34195,2026-01-09 14:14:00,S035,Planta_4,98.64,1.62
34197,2026-01-09 14:14:00,S037,Planta_4,103.82,4.97
34244,2026-01-09 14:16:00,S004,Planta_1,96.97,0.94
34246,2026-01-09 14:16:00,S006,Planta_1,96.84,4.7
34247,2026-01-09 14:16:00,S007,Planta_1,103.97,5.11
34254,2026-01-09 14:16:00,S014,Planta_2,101.3,4.03
34262,2026-01-09 14:16:00,S022,Planta_3,102.95,3.88
34284,2026-01-09 14:17:00,S004,Planta_1,100.24,5.17
34296,2026-01-09 14:17:00,S016,Planta_2,102.14,4.18
34314,2026-01-09 14:17:00,S034,Planta_4,102.39,2.65
34318,2026-01-09 14:17:00,S038,Planta_4,87.92,1.86
34334,2026-01-09 14:18:00,S014,Planta_2,87.49,3.82
34370,2026-01-09 14:19:00,S010,Planta_1,98.35,4.44
34383,2026-01-09 14:19:00,S023,Planta_3,91.8,4.16
34387,2026-01-09 14:19:00,S027,Planta_3,90.54,5.45
34425,2026-01-09 14:20:00,S025,Planta_3,91.55,3.25
34432,2026-01-09 14:20:00,S032,Planta_4,89.68,4.18
34485,2026-01-09 14:22:00,S005,Planta_1,90.06,5.09
34497,2026-01-09 14:22:00,S017,Planta_2,99.34,5.11
34504,2026-01-09 14:22:00,S024,Planta_3,90.04,1.85
34516,2026-01-09 14:22:00,S036,Planta_4,95.98,1.56
34534,2026-01-09 14:23:00,S014,Planta_2,87.35,3.29
34539,2026-01-09 14:23:00,S019,Planta_2,94.86,2.84
34547,2026-01-09 14:23:00,S027,Planta_3,101.05,1.47
34548,2026-01-09 14:23:00,S028,Planta_3,90.44,4.53
34554,2026-01-09 14:23:00,S034,Planta_4,93.94,1.25
34562,2026-01-09 14:24:00,S002,Planta_1,101.88,1.94
34563,2026-01-09 14:24:00,S003,Planta_1,96.17,2.21
34573,2026-01-09 14:24:00,S013,Planta_2,93.46,2.79
34593,2026-01-09 14:24:00,S033,Planta_4,88.75,3.69
34597,2026-01-09 14:24:00,S037,Planta_4,93.11,3.78
34607,2026-01-09 14:25:00,S007,Planta_1,92.22,1.22
34630,2026-01-09 14:25:00,S030,Planta_3,92.39,3.07
34645,2026-01-09 14:26:00,S005,Planta_1,97.39,5.35
34648,2026-01-09 14:26:00,S008,Planta_1,90.98,3.13
34656,2026-01-09 14:26:00,S016,Planta_2,101.99,0.66
34661,2026-01-09 14:26:00,S021,Planta_3,100.89,2.41
34695,2026-01-09 14:27:00,S015,Planta_2,103.77,3.22
34697,2026-01-09 14:27:00,S017,Planta_2,95.36,3.54
34704,2026-01-09 14:27:00,S024,Planta_3,87.82,2.83
34715,2026-01-09 14:27:00,S035,Planta_4,104.91,4.87
34724,2026-01-09 14:28:00,S004,Planta_1,93.78,1.78
34734,2026-01-09 14:28:00,S014,Planta_2,89.51,2.27
34740,2026-01-09 14:28:00,S020,Planta_2,101.26,3.98
34756,2026-01-09 14:28:00,S036,Planta_4,95.33,4.38
34776,2026-01-09 14:29:00,S016,Planta_2,87.78,3.45
34793,2026-01-09 14:29:00,S033,Planta_4,103.44,3.3
34795,2026-01-09 14:29:00,S035,Planta_4,91.9,1.36
34820,2026-01-09 14:30:00,S020,Planta_2,86.09,2.0
34821,2026-01-09 14:30:00,S021,Planta_3,102.51,2.62
34843,2026-01-09 14:31:00,S003,Planta_1,98.87,2.05
34851,2026-01-09 14:31:00,S011,Planta_2,92.5,2.13
34860,2026-01-09 14:31:00,S020,Planta_2,99.6,2.16
34890,2026-01-09 14:32:00,S010,Planta_1,102.31,2.18
34912,2026-01-09 14:32:00,S032,Planta_4,90.88,0.57
34937,2026-01-09 14:33:00,S017,Planta_2,95.94,4.9
34943,2026-01-09 14:33:00,S023,Planta_3,99.73,0.64
34946,2026-01-09 14:33:00,S026,Planta_3,93.59,1.17
34951,2026-01-09 14:33:00,S031,Planta_4,87.47,1.48
34958,2026-01-09 14:33:00,S038,Planta_4,96.7,1.36
34959,2026-01-09 14:33:00,S039,Planta_4,95.64,1.85
34960,2026-01-09 14:33:00,S040,Planta_4,102.36,1.77
34970,2026-01-09 14:34:00,S010,Planta_1,92.39,1.88
34972,2026-01-09 14:34:00,S012,Planta_2,104.93,4.68
35001,2026-01-09 14:35:00,S001,Planta_1,104.37,5.04
35002,2026-01-09 14:35:00,S002,Planta_1,95.02,2.71
35018,2026-01-09 14:35:00,S018,Planta_2,91.79,4.41
35053,2026-01-09 14:36:00,S013,Planta_2,103.88,3.9
35054,2026-01-09 14:36:00,S014,Planta_2,100.57,2.55
35055,2026-01-09 14:36:00,S015,Planta_2,91.44,1.54
35064,2026-01-09 14:36:00,S024,Planta_3,92.85,3.32
35072,2026-01-09 14:36:00,S032,Planta_4,97.03,1.0
35079,2026-01-09 14:36:00,S039,Planta_4,97.44,5.47
35080,2026-01-09 14:36:00,S040,Planta_4,85.14,3.4
35096,2026-01-09 14:37:00,S016,Planta_2,85.81,4.71
35116,2026-01-09 14:37:00,S036,Planta_4,89.59,2.72
35121,2026-01-09 14:38:00,S001,Planta_1,100.05,5.19
35129,2026-01-09 14:38:00,S009,Planta_1,89.6,3.0
35146,2026-01-09 14:38:00,S026,Planta_3,102.93,0.72
35158,2026-01-09 14:38:00,S038,Planta_4,91.46,0.51
35208,2026-01-09 14:40:00,S008,Planta_1,86.08,4.14
35232,2026-01-09 14:40:00,S032,Planta_4,90.4,3.6
35234,2026-01-09 14:40:00,S034,Planta_4,90.86,2.54
35289,2026-01-09 14:42:00,S009,Planta_1,94.17,0.54
35309,2026-01-09 14:42:00,S029,Planta_3,99.41,3.58
35328,2026-01-09 14:43:00,S008,Planta_1,90.74,1.78
35329,2026-01-09 14:43:00,S009,Planta_1,88.04,1.17
35347,2026-01-09 14:43:00,S027,Planta_3,97.68,1.64
35351,2026-01-09 14:43:00,S031,Planta_4,93.46,0.73
35353,2026-01-09 14:43:00,S033,Planta_4,94.95,2.1
35390,2026-01-09 14:44:00,S030,Planta_3,91.61,3.54
35424,2026-01-09 14:45:00,S024,Planta_3,102.82,2.16
35427,2026-01-09 14:45:00,S027,Planta_3,85.98,2.27
35440,2026-01-09 14:45:00,S040,Planta_4,103.12,3.1
35475,2026-01-09 14:46:00,S035,Planta_4,102.49,1.87
35484,2026-01-09 14:47:00,S004,Planta_1,94.07,2.63
35486,2026-01-09 14:47:00,S006,Planta_1,100.73,3.2
35512,2026-01-09 14:47:00,S032,Planta_4,91.69,5.35
35526,2026-01-09 14:48:00,S006,Planta_1,92.69,1.25
35529,2026-01-09 14:48:00,S009,Planta_1,104.8,4.86
35560,2026-01-09 14:48:00,S040,Planta_4,97.45,3.94
35573,2026-01-09 14:49:00,S013,Planta_2,90.93,1.72
35586,2026-01-09 14:49:00,S026,Planta_3,104.78,2.05
35587,2026-01-09 14:49:00,S027,Planta_3,88.15,1.25
35601,2026-01-09 14:50:00,S001,Planta_1,88.07,4.61
35610,2026-01-09 14:50:00,S010,Planta_1,85.68,4.12
35621,2026-01-09 14:50:00,S021,Planta_3,98.86,3.23
35632,2026-01-09 14:50:00,S032,Planta_4,104.88,1.24
35652,2026-01-09 14:51:00,S012,Planta_2,87.41,3.22
35667,2026-01-09 14:51:00,S027,Planta_3,87.46,0.83
35686,2026-01-09 14:52:00,S006,Planta_1,103.3,0.77
35705,2026-01-09 14:52:00,S025,Planta_3,88.24,1.92
35717,2026-01-09 14:52:00,S037,Planta_4,93.59,0.79
35720,2026-01-09 14:52:00,S040,Planta_4,90.79,4.13
35727,2026-01-09 14:53:00,S007,Planta_1,91.75,3.1
35755,2026-01-09 14:53:00,S035,Planta_4,104.1,4.69
35786,2026-01-09 14:54:00,S026,Planta_3,97.91,0.69
35791,2026-01-09 14:54:00,S031,Planta_4,91.32,1.55
35797,2026-01-09 14:54:00,S037,Planta_4,104.61,2.53
35805,2026-01-09 14:55:00,S005,Planta_1,89.77,3.04
35812,2026-01-09 14:55:00,S012,Planta_2,93.58,2.73
35823,2026-01-09 14:55:00,S023,Planta_3,94.84,1.24
35826,2026-01-09 14:55:00,S026,Planta_3,86.23,4.49
35838,2026-01-09 14:55:00,S038,Planta_4,91.41,4.94
35841,2026-01-09 14:56:00,S001,Planta_1,94.55,5.34
35849,2026-01-09 14:56:00,S009,Planta_1,88.13,5.24
35876,2026-01-09 14:56:00,S036,Planta_4,99.26,5.28
35878,2026-01-09 14:56:00,S038,Planta_4,86.93,1.07
35926,2026-01-09 14:58:00,S006,Planta_1,101.78,3.53
35942,2026-01-09 14:58:00,S022,Planta_3,94.87,1.65
35947,2026-01-09 14:58:00,S027,Planta_3,92.14,3.84
35951,2026-01-09 14:58:00,S031,Planta_4,86.55,3.18
35966,2026-01-09 14:59:00,S006,Planta_1,104.82,2.62
35971,2026-01-09 14:59:00,S011,Planta_2,98.39,4.18
35982,2026-01-09 14:59:00,S022,Planta_3,101.75,4.74
36003,2026-01-09 15:00:00,S003,Planta_1,88.86,1.99
36006,2026-01-09 15:00:00,S006,Planta_1,88.54,1.0
36009,2026-01-09 15:00:00,S009,Planta_1,101.74,3.08
36025,2026-01-09 15:00:00,S025,Planta_3,103.43,2.81
36033,2026-01-09 15:00:00,S033,Planta_4,101.74,3.43
36045,2026-01-09 15:01:00,S005,Planta_1,99.25,2.87
36049,2026-01-09 15:01:00,S009,Planta_1,89.01,2.86
36061,2026-01-09 15:01:00,S021,Planta_3,104.24,0.51
36068,2026-01-09 15:01:00,S028,Planta_3,96.69,4.63
36070,2026-01-09 15:01:00,S030,Planta_3,88.85,4.59
36111,2026-01-09 15:02:00,S031,Planta_4,99.55,0.89
36145,2026-01-09 15:03:00,S025,Planta_3,88.24,4.44
36170,2026-01-09 15:04:00,S010,Planta_1,92.72,2.13
36187,2026-01-09 15:04:00,S027,Planta_3,89.57,4.09
36196,2026-01-09 15:04:00,S036,Planta_4,88.76,2.64
36220,2026-01-09 15:05:00,S020,Planta_2,99.99,2.62
36221,2026-01-09 15:05:00,S021,Planta_3,94.41,1.43
36272,2026-01-09 15:06:00,S032,Planta_4,95.98,1.76
36277,2026-01-09 15:06:00,S037,Planta_4,104.33,0.78
36280,2026-01-09 15:06:00,S040,Planta_4,102.44,0.8
36293,2026-01-09 15:07:00,S013,Planta_2,99.04,1.68
36320,2026-01-09 15:07:00,S040,Planta_4,91.18,0.63
36323,2026-01-09 15:08:00,S003,Planta_1,89.47,4.71
36346,2026-01-09 15:08:00,S026,Planta_3,90.26,2.57
36352,2026-01-09 15:08:00,S032,Planta_4,91.61,5.39
36364,2026-01-09 15:09:00,S004,Planta_1,103.94,3.32
36381,2026-01-09 15:09:00,S021,Planta_3,88.3,3.92
36390,2026-01-09 15:09:00,S030,Planta_3,92.21,0.57
36396,2026-01-09 15:09:00,S036,Planta_4,99.4,1.52
36416,2026-01-09 15:10:00,S016,Planta_2,92.77,3.79
36425,2026-01-09 15:10:00,S025,Planta_3,87.44,3.98
36430,2026-01-09 15:10:00,S030,Planta_3,93.14,4.9
36432,2026-01-09 15:10:00,S032,Planta_4,94.77,1.94
36461,2026-01-09 15:11:00,S021,Planta_3,99.34,0.98
36495,2026-01-09 15:12:00,S015,Planta_2,92.38,2.05
36501,2026-01-09 15:12:00,S021,Planta_3,90.63,2.89
36530,2026-01-09 15:13:00,S010,Planta_1,89.24,0.77
36545,2026-01-09 15:13:00,S025,Planta_3,90.72,3.23
36586,2026-01-09 15:14:00,S026,Planta_3,100.52,0.62
36638,2026-01-09 15:15:00,S038,Planta_4,86.07,3.12
36641,2026-01-09 15:16:00,S001,Planta_1,92.82,4.43
36671,2026-01-09 15:16:00,S031,Planta_4,97.12,1.1
36684,2026-01-09 15:17:00,S004,Planta_1,98.65,5.38
36695,2026-01-09 15:17:00,S015,Planta_2,96.37,4.92
36717,2026-01-09 15:17:00,S037,Planta_4,93.08,3.67
36767,2026-01-09 15:19:00,S007,Planta_1,96.71,3.47
36772,2026-01-09 15:19:00,S012,Planta_2,101.43,4.3
36775,2026-01-09 15:19:00,S015,Planta_2,102.2,2.12
36781,2026-01-09 15:19:00,S021,Planta_3,97.99,1.64
36809,2026-01-09 15:20:00,S009,Planta_1,100.25,2.09
36812,2026-01-09 15:20:00,S012,Planta_2,103.92,1.87
36840,2026-01-09 15:20:00,S040,Planta_4,88.32,2.64
36841,2026-01-09 15:21:00,S001,Planta_1,98.31,2.69
36864,2026-01-09 15:21:00,S024,Planta_3,98.15,3.62
36932,2026-01-09 15:23:00,S012,Planta_2,99.79,1.12
36980,2026-01-09 15:24:00,S020,Planta_2,94.78,3.23
36999,2026-01-09 15:24:00,S039,Planta_4,94.7,1.83
37004,2026-01-09 15:25:00,S004,Planta_1,90.1,3.9
37026,2026-01-09 15:25:00,S026,Planta_3,87.9,0.87
37030,2026-01-09 15:25:00,S030,Planta_3,95.1,1.11
37040,2026-01-09 15:25:00,S040,Planta_4,90.62,3.05
37051,2026-01-09 15:26:00,S011,Planta_2,100.4,0.77
37104,2026-01-09 15:27:00,S024,Planta_3,93.67,2.48
37105,2026-01-09 15:27:00,S025,Planta_3,103.29,5.45
37114,2026-01-09 15:27:00,S034,Planta_4,101.61,2.79
37122,2026-01-09 15:28:00,S002,Planta_1,102.91,4.79
37141,2026-01-09 15:28:00,S021,Planta_3,99.76,2.82
37146,2026-01-09 15:28:00,S026,Planta_3,92.92,1.87
37208,2026-01-09 15:30:00,S008,Planta_1,94.28,4.27
37209,2026-01-09 15:30:00,S009,Planta_1,89.69,3.56
37210,2026-01-09 15:30:00,S010,Planta_1,104.3,2.19
37277,2026-01-09 15:31:00,S037,Planta_4,85.17,5.43
37285,2026-01-09 15:32:00,S005,Planta_1,104.71,4.11
37287,2026-01-09 15:32:00,S007,Planta_1,92.23,3.73
37319,2026-01-09 15:32:00,S039,Planta_4,88.05,3.21
37332,2026-01-09 15:33:00,S012,Planta_2,94.78,1.12
37344,2026-01-09 15:33:00,S024,Planta_3,102.9,2.71
37381,2026-01-09 15:34:00,S021,Planta_3,104.3,5.33
37387,2026-01-09 15:34:00,S027,Planta_3,103.29,3.9
37390,2026-01-09 15:34:00,S030,Planta_3,101.95,0.62
37391,2026-01-09 15:34:00,S031,Planta_4,99.01,1.66
37412,2026-01-09 15:35:00,S012,Planta_2,94.88,4.77
37419,2026-01-09 15:35:00,S019,Planta_2,90.47,2.18
37420,2026-01-09 15:35:00,S020,Planta_2,104.09,1.97
37440,2026-01-09 15:35:00,S040,Planta_4,91.22,0.62
37452,2026-01-09 15:36:00,S012,Planta_2,85.72,2.43
37454,2026-01-09 15:36:00,S014,Planta_2,90.96,3.72
37455,2026-01-09 15:36:00,S015,Planta_2,91.23,1.84
37461,2026-01-09 15:36:00,S021,Planta_3,94.58,3.37
37477,2026-01-09 15:36:00,S037,Planta_4,86.15,5.27
37481,2026-01-09 15:37:00,S001,Planta_1,91.42,3.67
37491,2026-01-09 15:37:00,S011,Planta_2,101.24,2.21
37522,2026-01-09 15:38:00,S002,Planta_1,102.05,1.78
37581,2026-01-09 15:39:00,S021,Planta_3,92.81,4.59
37627,2026-01-09 15:40:00,S027,Planta_3,100.59,5.31
37638,2026-01-09 15:40:00,S038,Planta_4,103.46,0.8
37651,2026-01-09 15:41:00,S011,Planta_2,93.66,0.53
37673,2026-01-09 15:41:00,S033,Planta_4,95.24,3.76
37697,2026-01-09 15:42:00,S017,Planta_2,92.87,4.63
37702,2026-01-09 15:42:00,S022,Planta_3,95.56,1.11
37708,2026-01-09 15:42:00,S028,Planta_3,102.07,4.14
37721,2026-01-09 15:43:00,S001,Planta_1,102.37,1.07
37722,2026-01-09 15:43:00,S002,Planta_1,100.1,1.14
37724,2026-01-09 15:43:00,S004,Planta_1,92.02,1.49
37758,2026-01-09 15:43:00,S038,Planta_4,97.03,5.02
37775,2026-01-09 15:44:00,S015,Planta_2,89.63,2.27
37796,2026-01-09 15:44:00,S036,Planta_4,90.48,3.79
37799,2026-01-09 15:44:00,S039,Planta_4,103.31,0.66
37856,2026-01-09 15:46:00,S016,Planta_2,103.3,5.1
37861,2026-01-09 15:46:00,S021,Planta_3,87.57,2.8
37870,2026-01-09 15:46:00,S030,Planta_3,104.43,3.59
37879,2026-01-09 15:46:00,S039,Planta_4,104.46,1.85
37898,2026-01-09 15:47:00,S018,Planta_2,93.96,4.93
37903,2026-01-09 15:47:00,S023,Planta_3,97.25,4.48
37907,2026-01-09 15:47:00,S027,Planta_3,99.98,4.89
37914,2026-01-09 15:47:00,S034,Planta_4,86.09,4.69
37923,2026-01-09 15:48:00,S003,Planta_1,88.42,2.43
37927,2026-01-09 15:48:00,S007,Planta_1,99.77,2.62
37938,2026-01-09 15:48:00,S018,Planta_2,98.51,2.87
37960,2026-01-09 15:48:00,S040,Planta_4,101.79,4.69
37975,2026-01-09 15:49:00,S015,Planta_2,103.32,2.61
37993,2026-01-09 15:49:00,S033,Planta_4,100.84,1.58
38003,2026-01-09 15:50:00,S003,Planta_1,100.59,1.04
38015,2026-01-09 15:50:00,S015,Planta_2,93.84,3.04
38020,2026-01-09 15:50:00,S020,Planta_2,104.15,4.16
38033,2026-01-09 15:50:00,S033,Planta_4,88.99,0.68
38067,2026-01-09 15:51:00,S027,Planta_3,96.33,2.0
38073,2026-01-09 15:51:00,S033,Planta_4,95.05,4.7
38094,2026-01-09 15:52:00,S014,Planta_2,96.98,1.62
38116,2026-01-09 15:52:00,S036,Planta_4,98.17,3.03
38124,2026-01-09 15:53:00,S004,Planta_1,104.63,5.14
38138,2026-01-09 15:53:00,S018,Planta_2,95.13,4.0
38164,2026-01-09 15:54:00,S004,Planta_1,89.74,1.03
38172,2026-01-09 15:54:00,S012,Planta_2,95.4,1.44
38196,2026-01-09 15:54:00,S036,Planta_4,101.84,5.15
38199,2026-01-09 15:54:00,S039,Planta_4,88.59,4.8
38200,2026-01-09 15:54:00,S040,Planta_4,85.87,2.27
38236,2026-01-09 15:55:00,S036,Planta_4,96.86,1.49
38266,2026-01-09 15:56:00,S026,Planta_3,104.07,2.53
38275,2026-01-09 15:56:00,S035,Planta_4,99.09,1.75
38287,2026-01-09 15:57:00,S007,Planta_1,101.36,1.59
38344,2026-01-09 15:58:00,S024,Planta_3,99.63,2.8
38364,2026-01-09 15:59:00,S004,Planta_1,94.38,4.54
38373,2026-01-09 15:59:00,S013,Planta_2,93.97,1.25
38393,2026-01-09 15:59:00,S033,Planta_4,94.38,2.89
38424,2026-01-09 16:00:00,S024,Planta_3,99.57,2.29
38440,2026-01-09 16:00:00,S040,Planta_4,100.14,2.52
38443,2026-01-09 16:01:00,S003,Planta_1,97.77,1.17
38472,2026-01-09 16:01:00,S032,Planta_4,85.55,3.86
38479,2026-01-09 16:01:00,S039,Planta_4,94.93,2.05
38483,2026-01-09 16:02:00,S003,Planta_1,87.19,1.15
38485,2026-01-09 16:02:00,S005,Planta_1,95.91,2.56
38487,2026-01-09 16:02:00,S007,Planta_1,104.13,3.81
38488,2026-01-09 16:02:00,S008,Planta_1,96.91,5.3
38509,2026-01-09 16:02:00,S029,Planta_3,98.62,1.18
38528,2026-01-09 16:03:00,S008,Planta_1,104.72,4.98
38529,2026-01-09 16:03:00,S009,Planta_1,103.89,2.28
38545,2026-01-09 16:03:00,S025,Planta_3,98.06,1.19
38548,2026-01-09 16:03:00,S028,Planta_3,97.49,5.44
38554,2026-01-09 16:03:00,S034,Planta_4,91.4,5.25
38560,2026-01-09 16:03:00,S040,Planta_4,90.29,2.89
38582,2026-01-09 16:04:00,S022,Planta_3,91.87,1.3
38587,2026-01-09 16:04:00,S027,Planta_3,93.09,3.5
38594,2026-01-09 16:04:00,S034,Planta_4,87.19,4.94
38596,2026-01-09 16:04:00,S036,Planta_4,97.15,2.86
38621,2026-01-09 16:05:00,S021,Planta_3,90.34,3.07
38629,2026-01-09 16:05:00,S029,Planta_3,102.54,2.39
38636,2026-01-09 16:05:00,S036,Planta_4,104.63,2.82
38640,2026-01-09 16:05:00,S040,Planta_4,100.06,0.6
38688,2026-01-09 16:07:00,S008,Planta_1,93.41,5.49
38689,2026-01-09 16:07:00,S009,Planta_1,85.72,3.86
38722,2026-01-09 16:08:00,S002,Planta_1,93.56,5.24
38773,2026-01-09 16:09:00,S013,Planta_2,85.65,3.12
38786,2026-01-09 16:09:00,S026,Planta_3,85.03,3.25
38791,2026-01-09 16:09:00,S031,Planta_4,98.44,2.13
38805,2026-01-09 16:10:00,S005,Planta_1,91.41,1.67
38807,2026-01-09 16:10:00,S007,Planta_1,85.08,3.81
38809,2026-01-09 16:10:00,S009,Planta_1,85.02,4.15
38813,2026-01-09 16:10:00,S013,Planta_2,99.83,5.19
38819,2026-01-09 16:10:00,S019,Planta_2,103.0,2.67
38825,2026-01-09 16:10:00,S025,Planta_3,98.59,2.8
38835,2026-01-09 16:10:00,S035,Planta_4,99.97,3.17
38922,2026-01-09 16:13:00,S002,Planta_1,104.61,2.38
38951,2026-01-09 16:13:00,S031,Planta_4,102.52,2.43
38956,2026-01-09 16:13:00,S036,Planta_4,98.36,3.98
38959,2026-01-09 16:13:00,S039,Planta_4,95.97,1.47
39008,2026-01-09 16:15:00,S008,Planta_1,101.33,4.23
39033,2026-01-09 16:15:00,S033,Planta_4,96.61,3.42
39036,2026-01-09 16:15:00,S036,Planta_4,97.12,2.08
39072,2026-01-09 16:16:00,S032,Planta_4,85.95,1.47
39087,2026-01-09 16:17:00,S007,Planta_1,104.72,0.9
39102,2026-01-09 16:17:00,S022,Planta_3,97.26,1.12
39109,2026-01-09 16:17:00,S029,Planta_3,89.8,4.31
39114,2026-01-09 16:17:00,S034,Planta_4,94.96,4.24
39122,2026-01-09 16:18:00,S002,Planta_1,94.36,0.71
39128,2026-01-09 16:18:00,S008,Planta_1,95.74,3.92
39135,2026-01-09 16:18:00,S015,Planta_2,94.78,4.22
39150,2026-01-09 16:18:00,S030,Planta_3,92.89,4.62
39154,2026-01-09 16:18:00,S034,Planta_4,91.81,1.63
39155,2026-01-09 16:18:00,S035,Planta_4,89.01,2.55
39159,2026-01-09 16:18:00,S039,Planta_4,91.52,0.58
39178,2026-01-09 16:19:00,S018,Planta_2,89.26,2.81
39181,2026-01-09 16:19:00,S021,Planta_3,93.92,3.09
39229,2026-01-09 16:20:00,S029,Planta_3,87.3,4.26
39233,2026-01-09 16:20:00,S033,Planta_4,103.58,5.13
39234,2026-01-09 16:20:00,S034,Planta_4,96.56,3.07
39260,2026-01-09 16:21:00,S020,Planta_2,102.12,5.23
39269,2026-01-09 16:21:00,S029,Planta_3,89.31,3.05
39281,2026-01-09 16:22:00,S001,Planta_1,92.05,1.85
39301,2026-01-09 16:22:00,S021,Planta_3,88.73,2.23
39304,2026-01-09 16:22:00,S024,Planta_3,91.79,2.64
39316,2026-01-09 16:22:00,S036,Planta_4,96.23,4.71
39317,2026-01-09 16:22:00,S037,Planta_4,103.79,2.05
39345,2026-01-09 16:23:00,S025,Planta_3,88.33,2.53
39379,2026-01-09 16:24:00,S019,Planta_2,94.25,0.74
39381,2026-01-09 16:24:00,S021,Planta_3,104.93,0.68
39409,2026-01-09 16:25:00,S009,Planta_1,86.81,3.54
39410,2026-01-09 16:25:00,S010,Planta_1,104.39,4.79
39443,2026-01-09 16:26:00,S003,Planta_1,97.02,4.21
39478,2026-01-09 16:26:00,S038,Planta_4,86.04,1.01
39483,2026-01-09 16:27:00,S003,Planta_1,96.93,2.93
39485,2026-01-09 16:27:00,S005,Planta_1,103.66,1.97
39495,2026-01-09 16:27:00,S015,Planta_2,98.75,0.61
39497,2026-01-09 16:27:00,S017,Planta_2,94.95,4.61
39514,2026-01-09 16:27:00,S034,Planta_4,100.79,2.48
39524,2026-01-09 16:28:00,S004,Planta_1,98.25,3.23
39526,2026-01-09 16:28:00,S006,Planta_1,89.08,4.48
39528,2026-01-09 16:28:00,S008,Planta_1,93.7,1.86
39566,2026-01-09 16:29:00,S006,Planta_1,99.82,3.25
39570,2026-01-09 16:29:00,S010,Planta_1,97.59,4.21
39577,2026-01-09 16:29:00,S017,Planta_2,96.14,2.99
39584,2026-01-09 16:29:00,S024,Planta_3,90.89,4.6
39585,2026-01-09 16:29:00,S025,Planta_3,103.51,5.35
39586,2026-01-09 16:29:00,S026,Planta_3,86.31,5.19
39594,2026-01-09 16:29:00,S034,Planta_4,87.15,0.94
39632,2026-01-09 16:30:00,S032,Planta_4,85.06,1.55
39634,2026-01-09 16:30:00,S034,Planta_4,85.09,2.52
39639,2026-01-09 16:30:00,S039,Planta_4,86.43,4.15
39644,2026-01-09 16:31:00,S004,Planta_1,89.06,4.79
39657,2026-01-09 16:31:00,S017,Planta_2,104.94,4.71
39687,2026-01-09 16:32:00,S007,Planta_1,90.71,5.45
39702,2026-01-09 16:32:00,S022,Planta_3,94.31,0.72
39719,2026-01-09 16:32:00,S039,Planta_4,90.19,2.28
39724,2026-01-09 16:33:00,S004,Planta_1,99.62,3.17
39735,2026-01-09 16:33:00,S015,Planta_2,97.41,3.22
39747,2026-01-09 16:33:00,S027,Planta_3,97.85,4.69
39758,2026-01-09 16:33:00,S038,Planta_4,88.74,4.34
39772,2026-01-09 16:34:00,S012,Planta_2,102.54,3.99
39786,2026-01-09 16:34:00,S026,Planta_3,96.63,2.66
39787,2026-01-09 16:34:00,S027,Planta_3,94.91,2.38
39800,2026-01-09 16:34:00,S040,Planta_4,91.4,4.09
39804,2026-01-09 16:35:00,S004,Planta_1,90.32,1.72
39852,2026-01-09 16:36:00,S012,Planta_2,85.55,1.11
39860,2026-01-09 16:36:00,S020,Planta_2,87.85,3.42
39866,2026-01-09 16:36:00,S026,Planta_3,95.34,2.99
39867,2026-01-09 16:36:00,S027,Planta_3,99.84,3.95
39888,2026-01-09 16:37:00,S008,Planta_1,91.68,2.66
39890,2026-01-09 16:37:00,S010,Planta_1,96.86,4.04
39906,2026-01-09 16:37:00,S026,Planta_3,96.0,1.47
39918,2026-01-09 16:37:00,S038,Planta_4,99.53,2.42
39935,2026-01-09 16:38:00,S015,Planta_2,99.38,3.62
39946,2026-01-09 16:38:00,S026,Planta_3,95.98,4.68
39948,2026-01-09 16:38:00,S028,Planta_3,100.46,3.64
39976,2026-01-09 16:39:00,S016,Planta_2,99.29,4.17
39989,2026-01-09 16:39:00,S029,Planta_3,90.01,1.84
40005,2026-01-09 16:40:00,S005,Planta_1,92.03,2.77
40018,2026-01-09 16:40:00,S018,Planta_2,93.81,3.18
40031,2026-01-09 16:40:00,S031,Planta_4,102.5,2.95
40042,2026-01-09 16:41:00,S002,Planta_1,95.02,1.59
40064,2026-01-09 16:41:00,S024,Planta_3,96.33,4.99
40080,2026-01-09 16:41:00,S040,Planta_4,95.72,3.31
40095,2026-01-09 16:42:00,S015,Planta_2,87.5,1.71
40100,2026-01-09 16:42:00,S020,Planta_2,99.2,3.8
40107,2026-01-09 16:42:00,S027,Planta_3,94.04,0.61
40159,2026-01-09 16:43:00,S039,Planta_4,94.28,5.28
40167,2026-01-09 16:44:00,S007,Planta_1,87.88,4.92
40198,2026-01-09 16:44:00,S038,Planta_4,96.6,2.73
40216,2026-01-09 16:45:00,S016,Planta_2,90.17,4.88
40255,2026-01-09 16:46:00,S015,Planta_2,87.95,4.97
40273,2026-01-09 16:46:00,S033,Planta_4,100.8,3.4
40290,2026-01-09 16:47:00,S010,Planta_1,99.46,3.98
40310,2026-01-09 16:47:00,S030,Planta_3,95.8,3.85
40321,2026-01-09 16:48:00,S001,Planta_1,104.91,5.35
40322,2026-01-09 16:48:00,S002,Planta_1,97.91,2.23
40335,2026-01-09 16:48:00,S015,Planta_2,97.31,1.98
40340,2026-01-09 16:48:00,S020,Planta_2,102.43,4.69
40353,2026-01-09 16:48:00,S033,Planta_4,103.79,1.11
40358,2026-01-09 16:48:00,S038,Planta_4,97.3,3.37
40365,2026-01-09 16:49:00,S005,Planta_1,91.49,2.86
40366,2026-01-09 16:49:00,S006,Planta_1,88.93,4.0
40380,2026-01-09 16:49:00,S020,Planta_2,103.46,3.9
40383,2026-01-09 16:49:00,S023,Planta_3,100.11,2.23
40394,2026-01-09 16:49:00,S034,Planta_4,93.47,5.13
40430,2026-01-09 16:50:00,S030,Planta_3,85.43,2.49
40441,2026-01-09 16:51:00,S001,Planta_1,91.91,3.68
40442,2026-01-09 16:51:00,S002,Planta_1,100.26,1.65
40449,2026-01-09 16:51:00,S009,Planta_1,101.09,3.09
40451,2026-01-09 16:51:00,S011,Planta_2,99.09,4.21
40458,2026-01-09 16:51:00,S018,Planta_2,101.93,3.28
40466,2026-01-09 16:51:00,S026,Planta_3,88.19,1.96
40498,2026-01-09 16:52:00,S018,Planta_2,100.03,1.11
40507,2026-01-09 16:52:00,S027,Planta_3,95.39,2.38
40519,2026-01-09 16:52:00,S039,Planta_4,91.24,2.91
40534,2026-01-09 16:53:00,S014,Planta_2,98.52,2.8
40545,2026-01-09 16:53:00,S025,Planta_3,104.32,2.19
40552,2026-01-09 16:53:00,S032,Planta_4,93.16,1.43
40558,2026-01-09 16:53:00,S038,Planta_4,87.75,4.81
40590,2026-01-09 16:54:00,S030,Planta_3,97.96,2.94
40599,2026-01-09 16:54:00,S039,Planta_4,91.91,4.55
40609,2026-01-09 16:55:00,S009,Planta_1,95.82,4.44
40611,2026-01-09 16:55:00,S011,Planta_2,104.97,1.72
40625,2026-01-09 16:55:00,S025,Planta_3,99.74,2.76
40629,2026-01-09 16:55:00,S029,Planta_3,91.98,4.62
40640,2026-01-09 16:55:00,S040,Planta_4,102.67,1.83
40644,2026-01-09 16:56:00,S004,Planta_1,88.77,0.63
40664,2026-01-09 16:56:00,S024,Planta_3,95.23,2.72
40680,2026-01-09 16:56:00,S040,Planta_4,98.16,3.76
40722,2026-01-09 16:58:00,S002,Planta_1,88.46,0.58
40779,2026-01-09 16:59:00,S019,Planta_2,100.1,3.43
40785,2026-01-09 16:59:00,S025,Planta_3,85.29,2.23
40807,2026-01-09 17:00:00,S007,Planta_1,104.37,2.19
40843,2026-01-09 17:01:00,S003,Planta_1,86.87,3.72
40844,2026-01-09 17:01:00,S004,Planta_1,94.54,1.45
40865,2026-01-09 17:01:00,S025,Planta_3,96.75,2.14
40882,2026-01-09 17:02:00,S002,Planta_1,103.34,1.5
40910,2026-01-09 17:02:00,S030,Planta_3,97.72,3.03
40940,2026-01-09 17:03:00,S020,Planta_2,98.78,5.01
40962,2026-01-09 17:04:00,S002,Planta_1,97.42,1.96
40963,2026-01-09 17:04:00,S003,Planta_1,98.53,0.57
40971,2026-01-09 17:04:00,S011,Planta_2,85.56,4.47
40976,2026-01-09 17:04:00,S016,Planta_2,95.76,2.3
40980,2026-01-09 17:04:00,S020,Planta_2,87.99,2.76
40993,2026-01-09 17:04:00,S033,Planta_4,89.21,2.67
41002,2026-01-09 17:05:00,S002,Planta_1,101.94,1.93
41003,2026-01-09 17:05:00,S003,Planta_1,86.17,4.43
41010,2026-01-09 17:05:00,S010,Planta_1,96.03,0.9
41029,2026-01-09 17:05:00,S029,Planta_3,103.97,3.15
41082,2026-01-09 17:07:00,S002,Planta_1,96.94,4.36
41083,2026-01-09 17:07:00,S003,Planta_1,99.85,3.01
41096,2026-01-09 17:07:00,S016,Planta_2,100.68,3.32
41097,2026-01-09 17:07:00,S017,Planta_2,91.75,4.78
41134,2026-01-09 17:08:00,S014,Planta_2,97.14,1.58
41141,2026-01-09 17:08:00,S021,Planta_3,92.82,4.82
41147,2026-01-09 17:08:00,S027,Planta_3,85.53,3.94
41148,2026-01-09 17:08:00,S028,Planta_3,88.13,4.28
41150,2026-01-09 17:08:00,S030,Planta_3,104.58,4.88
41195,2026-01-09 17:09:00,S035,Planta_4,97.02,5.37
41228,2026-01-09 17:10:00,S028,Planta_3,85.53,0.87
41229,2026-01-09 17:10:00,S029,Planta_3,98.7,3.5
41234,2026-01-09 17:10:00,S034,Planta_4,93.4,1.65
41244,2026-01-09 17:11:00,S004,Planta_1,87.89,1.21
41275,2026-01-09 17:11:00,S035,Planta_4,90.41,3.83
41280,2026-01-09 17:11:00,S040,Planta_4,100.35,3.23
41298,2026-01-09 17:12:00,S018,Planta_2,103.11,1.91
41301,2026-01-09 17:12:00,S021,Planta_3,87.33,1.65
41306,2026-01-09 17:12:00,S026,Planta_3,92.05,0.52
41336,2026-01-09 17:13:00,S016,Planta_2,102.21,3.79
41354,2026-01-09 17:13:00,S034,Planta_4,99.27,2.43
41362,2026-01-09 17:14:00,S002,Planta_1,97.14,2.45
41378,2026-01-09 17:14:00,S018,Planta_2,96.03,1.14
41381,2026-01-09 17:14:00,S021,Planta_3,88.36,2.71
41418,2026-01-09 17:15:00,S018,Planta_2,98.22,2.33
41419,2026-01-09 17:15:00,S019,Planta_2,89.45,0.91
41427,2026-01-09 17:15:00,S027,Planta_3,90.34,4.46
41445,2026-01-09 17:16:00,S005,Planta_1,88.27,2.91
41452,2026-01-09 17:16:00,S012,Planta_2,91.04,1.61
41470,2026-01-09 17:16:00,S030,Planta_3,86.06,4.78
41496,2026-01-09 17:17:00,S016,Planta_2,98.27,4.8
41505,2026-01-09 17:17:00,S025,Planta_3,100.05,4.15
41517,2026-01-09 17:17:00,S037,Planta_4,100.44,5.29
41529,2026-01-09 17:18:00,S009,Planta_1,93.52,3.45
41536,2026-01-09 17:18:00,S016,Planta_2,91.28,3.34
41539,2026-01-09 17:18:00,S019,Planta_2,86.16,3.57
41576,2026-01-09 17:19:00,S016,Planta_2,99.12,4.63
41577,2026-01-09 17:19:00,S017,Planta_2,100.34,3.56
41593,2026-01-09 17:19:00,S033,Planta_4,97.53,1.34
41594,2026-01-09 17:19:00,S034,Planta_4,86.97,3.54
41595,2026-01-09 17:19:00,S035,Planta_4,87.36,5.2
41605,2026-01-09 17:20:00,S005,Planta_1,87.75,3.49
41617,2026-01-09 17:20:00,S017,Planta_2,89.36,3.54
41630,2026-01-09 17:20:00,S030,Planta_3,101.41,0.84
41653,2026-01-09 17:21:00,S013,Planta_2,93.52,1.4
41656,2026-01-09 17:21:00,S016,Planta_2,94.17,3.23
41658,2026-01-09 17:21:00,S018,Planta_2,101.95,1.32
41684,2026-01-09 17:22:00,S004,Planta_1,93.07,4.0
41689,2026-01-09 17:22:00,S009,Planta_1,99.27,2.82
41691,2026-01-09 17:22:00,S011,Planta_2,101.68,3.64
41694,2026-01-09 17:22:00,S014,Planta_2,90.63,1.36
41697,2026-01-09 17:22:00,S017,Planta_2,85.52,5.36
41710,2026-01-09 17:22:00,S030,Planta_3,85.8,4.39
41715,2026-01-09 17:22:00,S035,Planta_4,92.36,3.58
41721,2026-01-09 17:23:00,S001,Planta_1,102.06,3.66
41733,2026-01-09 17:23:00,S013,Planta_2,85.72,5.02
41738,2026-01-09 17:23:00,S018,Planta_2,95.74,3.5
41744,2026-01-09 17:23:00,S024,Planta_3,89.3,3.73
41745,2026-01-09 17:23:00,S025,Planta_3,99.66,1.63
41762,2026-01-09 17:24:00,S002,Planta_1,88.5,2.83
41793,2026-01-09 17:24:00,S033,Planta_4,93.31,2.05
41819,2026-01-09 17:25:00,S019,Planta_2,87.97,1.8
41826,2026-01-09 17:25:00,S026,Planta_3,103.37,3.32
41846,2026-01-09 17:26:00,S006,Planta_1,88.28,2.46
41851,2026-01-09 17:26:00,S011,Planta_2,86.8,4.83
41874,2026-01-09 17:26:00,S034,Planta_4,87.42,5.1
41878,2026-01-09 17:26:00,S038,Planta_4,98.93,5.17
41893,2026-01-09 17:27:00,S013,Planta_2,103.92,2.55
41905,2026-01-09 17:27:00,S025,Planta_3,104.22,2.15
41910,2026-01-09 17:27:00,S030,Planta_3,96.64,1.93
41915,2026-01-09 17:27:00,S035,Planta_4,98.64,2.07
41938,2026-01-09 17:28:00,S018,Planta_2,100.04,4.74
41943,2026-01-09 17:28:00,S023,Planta_3,91.71,4.58
41950,2026-01-09 17:28:00,S030,Planta_3,92.21,4.5
41953,2026-01-09 17:28:00,S033,Planta_4,92.3,4.09
41957,2026-01-09 17:28:00,S037,Planta_4,93.3,5.02
41959,2026-01-09 17:28:00,S039,Planta_4,97.84,2.75
41961,2026-01-09 17:29:00,S001,Planta_1,94.41,3.96
41971,2026-01-09 17:29:00,S011,Planta_2,97.37,2.83
42014,2026-01-09 17:30:00,S014,Planta_2,85.23,2.8
42022,2026-01-09 17:30:00,S022,Planta_3,102.27,3.1
42034,2026-01-09 17:30:00,S034,Planta_4,103.73,4.63
42039,2026-01-09 17:30:00,S039,Planta_4,94.98,4.68
42045,2026-01-09 17:31:00,S005,Planta_1,89.77,5.37
42055,2026-01-09 17:31:00,S015,Planta_2,95.73,1.65
42059,2026-01-09 17:31:00,S019,Planta_2,93.29,3.7
42067,2026-01-09 17:31:00,S027,Planta_3,97.11,3.84
42085,2026-01-09 17:32:00,S005,Planta_1,91.3,3.08
42118,2026-01-09 17:32:00,S038,Planta_4,95.02,3.32
42120,2026-01-09 17:32:00,S040,Planta_4,91.62,3.25
42146,2026-01-09 17:33:00,S026,Planta_3,87.52,2.97
42148,2026-01-09 17:33:00,S028,Planta_3,98.43,2.68
42168,2026-01-09 17:34:00,S008,Planta_1,104.37,3.98
42187,2026-01-09 17:34:00,S027,Planta_3,102.9,2.79
42194,2026-01-09 17:34:00,S034,Planta_4,90.31,4.95
42205,2026-01-09 17:35:00,S005,Planta_1,90.96,3.66
42219,2026-01-09 17:35:00,S019,Planta_2,85.13,3.38
42231,2026-01-09 17:35:00,S031,Planta_4,92.27,4.22
42237,2026-01-09 17:35:00,S037,Planta_4,85.63,3.11
42261,2026-01-09 17:36:00,S021,Planta_3,85.09,5.14
42262,2026-01-09 17:36:00,S022,Planta_3,86.34,1.12
42263,2026-01-09 17:36:00,S023,Planta_3,101.8,1.07
42276,2026-01-09 17:36:00,S036,Planta_4,94.91,0.53
42285,2026-01-09 17:37:00,S005,Planta_1,87.58,3.69
42298,2026-01-09 17:37:00,S018,Planta_2,92.23,0.73
42300,2026-01-09 17:37:00,S020,Planta_2,91.4,4.3
42306,2026-01-09 17:37:00,S026,Planta_3,92.9,1.52
42314,2026-01-09 17:37:00,S034,Planta_4,101.69,1.2
42345,2026-01-09 17:38:00,S025,Planta_3,101.0,2.37
42374,2026-01-09 17:39:00,S014,Planta_2,94.11,3.76
42414,2026-01-09 17:40:00,S014,Planta_2,86.34,3.15
42422,2026-01-09 17:40:00,S022,Planta_3,99.1,0.86
42440,2026-01-09 17:40:00,S040,Planta_4,103.76,0.55
42445,2026-01-09 17:41:00,S005,Planta_1,91.52,2.19
42457,2026-01-09 17:41:00,S017,Planta_2,102.38,2.69
42483,2026-01-09 17:42:00,S003,Planta_1,99.95,2.34
42490,2026-01-09 17:42:00,S010,Planta_1,87.1,4.65
42526,2026-01-09 17:43:00,S006,Planta_1,95.07,1.53
42531,2026-01-09 17:43:00,S011,Planta_2,92.38,4.71
42583,2026-01-09 17:44:00,S023,Planta_3,89.98,3.89
42591,2026-01-09 17:44:00,S031,Planta_4,91.17,2.03
42596,2026-01-09 17:44:00,S036,Planta_4,88.46,5.25
42633,2026-01-09 17:45:00,S033,Planta_4,103.7,2.09
42638,2026-01-09 17:45:00,S038,Planta_4,102.98,3.2
42659,2026-01-09 17:46:00,S019,Planta_2,94.41,5.01
42665,2026-01-09 17:46:00,S025,Planta_3,93.53,4.97
42677,2026-01-09 17:46:00,S037,Planta_4,94.44,3.72
42702,2026-01-09 17:47:00,S022,Planta_3,99.5,0.86
42704,2026-01-09 17:47:00,S024,Planta_3,85.91,1.71
42725,2026-01-09 17:48:00,S005,Planta_1,90.21,3.39
42749,2026-01-09 17:48:00,S029,Planta_3,92.09,3.41
42760,2026-01-09 17:48:00,S040,Planta_4,94.95,0.98
42766,2026-01-09 17:49:00,S006,Planta_1,89.85,1.39
42794,2026-01-09 17:49:00,S034,Planta_4,89.42,0.7
42834,2026-01-09 17:50:00,S034,Planta_4,103.78,5.16
42858,2026-01-09 17:51:00,S018,Planta_2,99.31,1.09
42869,2026-01-09 17:51:00,S029,Planta_3,89.42,3.18
42870,2026-01-09 17:51:00,S030,Planta_3,94.24,0.77
42879,2026-01-09 17:51:00,S039,Planta_4,103.15,2.73
42884,2026-01-09 17:52:00,S004,Planta_1,104.86,5.24
42909,2026-01-09 17:52:00,S029,Planta_3,97.05,2.64
42914,2026-01-09 17:52:00,S034,Planta_4,88.35,3.79
42920,2026-01-09 17:52:00,S040,Planta_4,101.56,4.5
42923,2026-01-09 17:53:00,S003,Planta_1,100.65,5.01
42948,2026-01-09 17:53:00,S028,Planta_3,95.92,1.28
42953,2026-01-09 17:53:00,S033,Planta_4,101.82,4.01
42972,2026-01-09 17:54:00,S012,Planta_2,104.26,1.79
42975,2026-01-09 17:54:00,S015,Planta_2,99.16,1.54
42979,2026-01-09 17:54:00,S019,Planta_2,97.74,4.93
42984,2026-01-09 17:54:00,S024,Planta_3,91.46,2.61
43015,2026-01-09 17:55:00,S015,Planta_2,103.21,3.33
43029,2026-01-09 17:55:00,S029,Planta_3,99.72,5.12
43054,2026-01-09 17:56:00,S014,Planta_2,89.7,3.75
43064,2026-01-09 17:56:00,S024,Planta_3,101.75,2.09
43066,2026-01-09 17:56:00,S026,Planta_3,89.71,3.75
43070,2026-01-09 17:56:00,S030,Planta_3,88.62,3.92
43085,2026-01-09 17:57:00,S005,Planta_1,96.42,4.5
43116,2026-01-09 17:57:00,S036,Planta_4,99.47,3.02
43118,2026-01-09 17:57:00,S038,Planta_4,85.82,5.27
43138,2026-01-09 17:58:00,S018,Planta_2,103.56,1.55
43141,2026-01-09 17:58:00,S021,Planta_3,97.09,5.38
43164,2026-01-09 17:59:00,S004,Planta_1,104.35,4.81
43174,2026-01-09 17:59:00,S014,Planta_2,96.17,4.92
43189,2026-01-09 17:59:00,S029,Planta_3,94.68,4.45
43194,2026-01-09 17:59:00,S034,Planta_4,94.62,0.81
43205,2026-01-09 18:00:00,S005,Planta_1,87.89,3.27
43206,2026-01-09 18:00:00,S006,Planta_1,92.23,5.48
43209,2026-01-09 18:00:00,S009,Planta_1,99.58,0.79
43229,2026-01-09 18:00:00,S029,Planta_3,99.44,2.69
43235,2026-01-09 18:00:00,S035,Planta_4,90.15,1.08
43281,2026-01-09 18:02:00,S001,Planta_1,85.13,3.92
43295,2026-01-09 18:02:00,S015,Planta_2,92.92,4.56
43301,2026-01-09 18:02:00,S021,Planta_3,101.95,5.38
43313,2026-01-09 18:02:00,S033,Planta_4,92.38,1.28
43324,2026-01-09 18:03:00,S004,Planta_1,87.71,0.93
43328,2026-01-09 18:03:00,S008,Planta_1,90.84,4.83
43348,2026-01-09 18:03:00,S028,Planta_3,100.01,3.38
43350,2026-01-09 18:03:00,S030,Planta_3,92.83,1.94
43356,2026-01-09 18:03:00,S036,Planta_4,97.57,2.07
43362,2026-01-09 18:04:00,S002,Planta_1,100.95,1.42
43400,2026-01-09 18:04:00,S040,Planta_4,101.56,4.35
43406,2026-01-09 18:05:00,S006,Planta_1,87.86,1.73
43428,2026-01-09 18:05:00,S028,Planta_3,100.85,0.73
43453,2026-01-09 18:06:00,S013,Planta_2,89.45,1.2
43472,2026-01-09 18:06:00,S032,Planta_4,89.0,0.7
43507,2026-01-09 18:07:00,S027,Planta_3,100.42,1.66
43553,2026-01-09 18:08:00,S033,Planta_4,103.91,5.47
43589,2026-01-09 18:09:00,S029,Planta_3,98.81,3.2
43633,2026-01-09 18:10:00,S033,Planta_4,93.79,2.45
43644,2026-01-09 18:11:00,S004,Planta_1,99.27,2.13
43662,2026-01-09 18:11:00,S022,Planta_3,89.85,3.77
43674,2026-01-09 18:11:00,S034,Planta_4,97.72,2.05
43692,2026-01-09 18:12:00,S012,Planta_2,85.45,4.56
43701,2026-01-09 18:12:00,S021,Planta_3,94.77,1.57
43703,2026-01-09 18:12:00,S023,Planta_3,86.66,2.84
43748,2026-01-09 18:13:00,S028,Planta_3,93.46,1.03
43761,2026-01-09 18:14:00,S001,Planta_1,100.15,0.83
43771,2026-01-09 18:14:00,S011,Planta_2,89.77,5.24
43779,2026-01-09 18:14:00,S019,Planta_2,92.78,2.3
43780,2026-01-09 18:14:00,S020,Planta_2,101.89,1.74
43835,2026-01-09 18:15:00,S035,Planta_4,96.12,2.84
43884,2026-01-09 18:17:00,S004,Planta_1,88.15,3.39
43893,2026-01-09 18:17:00,S013,Planta_2,91.35,5.16
43908,2026-01-09 18:17:00,S028,Planta_3,100.8,1.59
43936,2026-01-09 18:18:00,S016,Planta_2,99.51,0.65
43943,2026-01-09 18:18:00,S023,Planta_3,99.0,3.66
43946,2026-01-09 18:18:00,S026,Planta_3,101.68,3.57
43968,2026-01-09 18:19:00,S008,Planta_1,92.37,4.32
43984,2026-01-09 18:19:00,S024,Planta_3,86.28,2.48
43994,2026-01-09 18:19:00,S034,Planta_4,85.87,5.13
44011,2026-01-09 18:20:00,S011,Planta_2,91.3,2.53
44021,2026-01-09 18:20:00,S021,Planta_3,97.61,2.66
44027,2026-01-09 18:20:00,S027,Planta_3,90.52,3.72
44028,2026-01-09 18:20:00,S028,Planta_3,89.1,1.36
44034,2026-01-09 18:20:00,S034,Planta_4,90.43,1.92
44039,2026-01-09 18:20:00,S039,Planta_4,89.64,2.98
44060,2026-01-09 18:21:00,S020,Planta_2,91.65,2.74
44063,2026-01-09 18:21:00,S023,Planta_3,92.38,4.14
44065,2026-01-09 18:21:00,S025,Planta_3,95.01,2.16
44094,2026-01-09 18:22:00,S014,Planta_2,103.82,2.38
44095,2026-01-09 18:22:00,S015,Planta_2,99.81,4.69
44104,2026-01-09 18:22:00,S024,Planta_3,95.5,1.36
44113,2026-01-09 18:22:00,S033,Planta_4,98.03,1.94
44115,2026-01-09 18:22:00,S035,Planta_4,89.6,5.21
44141,2026-01-09 18:23:00,S021,Planta_3,98.61,1.58
44142,2026-01-09 18:23:00,S022,Planta_3,91.52,2.09
44200,2026-01-09 18:24:00,S040,Planta_4,93.79,1.73
44231,2026-01-09 18:25:00,S031,Planta_4,92.25,2.65
44239,2026-01-09 18:25:00,S039,Planta_4,92.88,2.87
44281,2026-01-09 18:27:00,S001,Planta_1,87.5,5.49
44287,2026-01-09 18:27:00,S007,Planta_1,94.67,3.71
44301,2026-01-09 18:27:00,S021,Planta_3,96.01,3.34
44302,2026-01-09 18:27:00,S022,Planta_3,85.85,1.86
44311,2026-01-09 18:27:00,S031,Planta_4,98.91,2.53
44322,2026-01-09 18:28:00,S002,Planta_1,103.27,1.42
44323,2026-01-09 18:28:00,S003,Planta_1,85.91,3.29
44334,2026-01-09 18:28:00,S014,Planta_2,88.76,2.78
44354,2026-01-09 18:28:00,S034,Planta_4,88.87,4.47
44357,2026-01-09 18:28:00,S037,Planta_4,88.53,3.73
44375,2026-01-09 18:29:00,S015,Planta_2,103.59,1.02
44384,2026-01-09 18:29:00,S024,Planta_3,93.6,2.74
44406,2026-01-09 18:30:00,S006,Planta_1,99.66,2.08
44412,2026-01-09 18:30:00,S012,Planta_2,95.4,5.34
44421,2026-01-09 18:30:00,S021,Planta_3,97.0,3.84
44422,2026-01-09 18:30:00,S022,Planta_3,99.8,3.78
44427,2026-01-09 18:30:00,S027,Planta_3,91.99,3.43
44431,2026-01-09 18:30:00,S031,Planta_4,92.58,3.68
44437,2026-01-09 18:30:00,S037,Planta_4,101.12,3.07
44458,2026-01-09 18:31:00,S018,Planta_2,92.93,0.75
44533,2026-01-09 18:33:00,S013,Planta_2,90.18,4.66
44539,2026-01-09 18:33:00,S019,Planta_2,102.73,0.73
44542,2026-01-09 18:33:00,S022,Planta_3,98.22,3.22
44545,2026-01-09 18:33:00,S025,Planta_3,100.26,1.99
44565,2026-01-09 18:34:00,S005,Planta_1,93.44,4.7
44569,2026-01-09 18:34:00,S009,Planta_1,87.5,0.92
44598,2026-01-09 18:34:00,S038,Planta_4,100.11,2.74
44600,2026-01-09 18:34:00,S040,Planta_4,99.0,2.67
44616,2026-01-09 18:35:00,S016,Planta_2,86.27,0.83
44679,2026-01-09 18:36:00,S039,Planta_4,95.6,1.47
44683,2026-01-09 18:37:00,S003,Planta_1,87.3,5.2
44691,2026-01-09 18:37:00,S011,Planta_2,89.14,2.52
44693,2026-01-09 18:37:00,S013,Planta_2,91.42,2.95
44712,2026-01-09 18:37:00,S032,Planta_4,99.34,1.91
44713,2026-01-09 18:37:00,S033,Planta_4,101.47,2.17
44775,2026-01-09 18:39:00,S015,Planta_2,94.68,4.4
44789,2026-01-09 18:39:00,S029,Planta_3,86.57,2.93
44793,2026-01-09 18:39:00,S033,Planta_4,85.22,1.52
44803,2026-01-09 18:40:00,S003,Planta_1,91.96,2.26
44815,2026-01-09 18:40:00,S015,Planta_2,101.58,0.54
44836,2026-01-09 18:40:00,S036,Planta_4,92.22,4.96
44844,2026-01-09 18:41:00,S004,Planta_1,91.84,3.33
44857,2026-01-09 18:41:00,S017,Planta_2,98.41,3.55
44869,2026-01-09 18:41:00,S029,Planta_3,87.03,4.67
44884,2026-01-09 18:42:00,S004,Planta_1,94.76,0.93
44947,2026-01-09 18:43:00,S027,Planta_3,103.76,3.59
44966,2026-01-09 18:44:00,S006,Planta_1,86.01,3.76
44978,2026-01-09 18:44:00,S018,Planta_2,93.43,5.35
45000,2026-01-09 18:44:00,S040,Planta_4,100.75,3.15
45015,2026-01-09 18:45:00,S015,Planta_2,95.31,0.52
45022,2026-01-09 18:45:00,S022,Planta_3,89.8,0.79
45059,2026-01-09 18:46:00,S019,Planta_2,101.26,2.43
45081,2026-01-09 18:47:00,S001,Planta_1,99.27,4.91
45084,2026-01-09 18:47:00,S004,Planta_1,99.08,3.06
45106,2026-01-09 18:47:00,S026,Planta_3,92.43,3.97
45107,2026-01-09 18:47:00,S027,Planta_3,87.92,4.11
45110,2026-01-09 18:47:00,S030,Planta_3,91.97,1.46
45124,2026-01-09 18:48:00,S004,Planta_1,98.76,5.26
45147,2026-01-09 18:48:00,S027,Planta_3,97.89,5.39
45202,2026-01-09 18:50:00,S002,Planta_1,92.35,3.37
45214,2026-01-09 18:50:00,S014,Planta_2,97.74,3.85
45239,2026-01-09 18:50:00,S039,Planta_4,96.45,3.63
45267,2026-01-09 18:51:00,S027,Planta_3,96.93,2.5
45278,2026-01-09 18:51:00,S038,Planta_4,89.91,4.64
45286,2026-01-09 18:52:00,S006,Planta_1,85.55,4.17
45292,2026-01-09 18:52:00,S012,Planta_2,100.46,2.28
45302,2026-01-09 18:52:00,S022,Planta_3,99.85,1.74
45308,2026-01-09 18:52:00,S028,Planta_3,102.29,3.39
45309,2026-01-09 18:52:00,S029,Planta_3,95.43,3.81
45313,2026-01-09 18:52:00,S033,Planta_4,98.49,2.08
45351,2026-01-09 18:53:00,S031,Planta_4,97.35,5.25
45358,2026-01-09 18:53:00,S038,Planta_4,103.23,2.64
45361,2026-01-09 18:54:00,S001,Planta_1,100.03,3.91
45369,2026-01-09 18:54:00,S009,Planta_1,103.72,3.85
45371,2026-01-09 18:54:00,S011,Planta_2,100.32,1.27
45396,2026-01-09 18:54:00,S036,Planta_4,86.21,3.43
45397,2026-01-09 18:54:00,S037,Planta_4,97.46,1.46
45402,2026-01-09 18:55:00,S002,Planta_1,91.36,1.42
45460,2026-01-09 18:56:00,S020,Planta_2,94.48,5.35
45467,2026-01-09 18:56:00,S027,Planta_3,99.62,1.34
45497,2026-01-09 18:57:00,S017,Planta_2,90.74,0.86
45500,2026-01-09 18:57:00,S020,Planta_2,95.62,2.42
45508,2026-01-09 18:57:00,S028,Planta_3,92.76,5.38
45517,2026-01-09 18:57:00,S037,Planta_4,86.56,3.86
45518,2026-01-09 18:57:00,S038,Planta_4,88.13,1.97
45523,2026-01-09 18:58:00,S003,Planta_1,97.14,4.39
45526,2026-01-09 18:58:00,S006,Planta_1,90.55,4.11
45537,2026-01-09 18:58:00,S017,Planta_2,103.93,4.68
45564,2026-01-09 18:59:00,S004,Planta_1,88.48,0.62
45595,2026-01-09 18:59:00,S035,Planta_4,90.14,3.43
45606,2026-01-09 19:00:00,S006,Planta_1,93.85,1.68
45656,2026-01-09 19:01:00,S016,Planta_2,86.3,5.0
45668,2026-01-09 19:01:00,S028,Planta_3,95.03,2.9
45671,2026-01-09 19:01:00,S031,Planta_4,96.25,1.54
45704,2026-01-09 19:02:00,S024,Planta_3,96.46,2.04
45707,2026-01-09 19:02:00,S027,Planta_3,98.31,1.32
45710,2026-01-09 19:02:00,S030,Planta_3,92.32,0.78
45714,2026-01-09 19:02:00,S034,Planta_4,86.56,4.11
45739,2026-01-09 19:03:00,S019,Planta_2,90.79,3.82
45753,2026-01-09 19:03:00,S033,Planta_4,88.9,4.86
45781,2026-01-09 19:04:00,S021,Planta_3,97.35,3.52
45867,2026-01-09 19:06:00,S027,Planta_3,90.5,4.35
45873,2026-01-09 19:06:00,S033,Planta_4,91.92,5.41
45880,2026-01-09 19:06:00,S040,Planta_4,95.07,4.96
45884,2026-01-09 19:07:00,S004,Planta_1,89.49,4.81
45891,2026-01-09 19:07:00,S011,Planta_2,101.36,4.62
45892,2026-01-09 19:07:00,S012,Planta_2,90.33,4.57
45897,2026-01-09 19:07:00,S017,Planta_2,87.89,3.09
45919,2026-01-09 19:07:00,S039,Planta_4,87.4,0.65
45935,2026-01-09 19:08:00,S015,Planta_2,94.11,2.65
45949,2026-01-09 19:08:00,S029,Planta_3,91.29,2.27
45993,2026-01-09 19:09:00,S033,Planta_4,85.66,2.52
46000,2026-01-09 19:09:00,S040,Planta_4,90.36,3.62
46003,2026-01-09 19:10:00,S003,Planta_1,97.48,1.55
46035,2026-01-09 19:10:00,S035,Planta_4,92.48,1.8
46042,2026-01-09 19:11:00,S002,Planta_1,101.31,3.77
46044,2026-01-09 19:11:00,S004,Planta_1,88.74,1.61
46060,2026-01-09 19:11:00,S020,Planta_2,101.04,1.72
46062,2026-01-09 19:11:00,S022,Planta_3,94.67,0.88
46066,2026-01-09 19:11:00,S026,Planta_3,98.96,1.87
46081,2026-01-09 19:12:00,S001,Planta_1,101.86,3.12
46095,2026-01-09 19:12:00,S015,Planta_2,91.93,3.89
46100,2026-01-09 19:12:00,S020,Planta_2,97.12,3.62
46103,2026-01-09 19:12:00,S023,Planta_3,101.73,2.69
46121,2026-01-09 19:13:00,S001,Planta_1,101.71,2.88
46131,2026-01-09 19:13:00,S011,Planta_2,103.18,1.96
46133,2026-01-09 19:13:00,S013,Planta_2,103.66,1.34
46139,2026-01-09 19:13:00,S019,Planta_2,92.76,2.31
46140,2026-01-09 19:13:00,S020,Planta_2,87.59,1.94
46144,2026-01-09 19:13:00,S024,Planta_3,102.37,1.94
46149,2026-01-09 19:13:00,S029,Planta_3,100.8,3.36
46183,2026-01-09 19:14:00,S023,Planta_3,101.8,4.29
46198,2026-01-09 19:14:00,S038,Planta_4,86.68,4.16
46208,2026-01-09 19:15:00,S008,Planta_1,104.43,4.16
46209,2026-01-09 19:15:00,S009,Planta_1,86.98,5.17
46214,2026-01-09 19:15:00,S014,Planta_2,87.01,2.82
46219,2026-01-09 19:15:00,S019,Planta_2,94.19,0.92
46251,2026-01-09 19:16:00,S011,Planta_2,93.26,5.25
46256,2026-01-09 19:16:00,S016,Planta_2,89.25,0.89
46269,2026-01-09 19:16:00,S029,Planta_3,102.73,3.75
46275,2026-01-09 19:16:00,S035,Planta_4,103.82,2.91
46305,2026-01-09 19:17:00,S025,Planta_3,89.66,0.82
46327,2026-01-09 19:18:00,S007,Planta_1,95.1,1.69
46339,2026-01-09 19:18:00,S019,Planta_2,92.24,3.66
46342,2026-01-09 19:18:00,S022,Planta_3,97.28,1.35
46369,2026-01-09 19:19:00,S009,Planta_1,93.95,4.76
46391,2026-01-09 19:19:00,S031,Planta_4,96.69,1.4
46401,2026-01-09 19:20:00,S001,Planta_1,93.2,4.37
46402,2026-01-09 19:20:00,S002,Planta_1,90.22,4.94
46407,2026-01-09 19:20:00,S007,Planta_1,99.29,3.85
46421,2026-01-09 19:20:00,S021,Planta_3,97.23,3.69
46433,2026-01-09 19:20:00,S033,Planta_4,91.58,4.56
46446,2026-01-09 19:21:00,S006,Planta_1,102.86,4.79
46457,2026-01-09 19:21:00,S017,Planta_2,97.67,4.3
46460,2026-01-09 19:21:00,S020,Planta_2,88.67,5.37
46462,2026-01-09 19:21:00,S022,Planta_3,85.47,1.2
46518,2026-01-09 19:22:00,S038,Planta_4,96.82,3.48
46545,2026-01-09 19:23:00,S025,Planta_3,100.27,4.09
46568,2026-01-09 19:24:00,S008,Planta_1,85.17,5.05
46594,2026-01-09 19:24:00,S034,Planta_4,87.62,4.5
46603,2026-01-09 19:25:00,S003,Planta_1,85.88,1.91
46622,2026-01-09 19:25:00,S022,Planta_3,98.7,4.87
46623,2026-01-09 19:25:00,S023,Planta_3,90.48,3.34
46643,2026-01-09 19:26:00,S003,Planta_1,94.07,1.82
46683,2026-01-09 19:27:00,S003,Planta_1,90.36,1.04
46696,2026-01-09 19:27:00,S016,Planta_2,86.5,5.21
46702,2026-01-09 19:27:00,S022,Planta_3,101.93,0.77
46726,2026-01-09 19:28:00,S006,Planta_1,89.99,1.62
46728,2026-01-09 19:28:00,S008,Planta_1,95.42,1.78
46732,2026-01-09 19:28:00,S012,Planta_2,97.55,1.63
46734,2026-01-09 19:28:00,S014,Planta_2,87.92,2.22
46749,2026-01-09 19:28:00,S029,Planta_3,101.41,4.68
46768,2026-01-09 19:29:00,S008,Planta_1,85.64,1.67
46769,2026-01-09 19:29:00,S009,Planta_1,94.11,4.6
46786,2026-01-09 19:29:00,S026,Planta_3,94.32,4.84
46790,2026-01-09 19:29:00,S030,Planta_3,93.48,4.77
46792,2026-01-09 19:29:00,S032,Planta_4,89.44,5.39
46799,2026-01-09 19:29:00,S039,Planta_4,99.38,3.98
46819,2026-01-09 19:30:00,S019,Planta_2,99.87,4.78
46837,2026-01-09 19:30:00,S037,Planta_4,95.05,2.53
46842,2026-01-09 19:31:00,S002,Planta_1,87.2,1.57
46846,2026-01-09 19:31:00,S006,Planta_1,90.36,2.06
46855,2026-01-09 19:31:00,S015,Planta_2,86.46,4.72
46882,2026-01-09 19:32:00,S002,Planta_1,88.34,2.85
46888,2026-01-09 19:32:00,S008,Planta_1,88.3,4.26
46907,2026-01-09 19:32:00,S027,Planta_3,87.1,4.98
46928,2026-01-09 19:33:00,S008,Planta_1,94.93,3.68
46944,2026-01-09 19:33:00,S024,Planta_3,99.12,2.99
46950,2026-01-09 19:33:00,S030,Planta_3,97.07,0.95
46961,2026-01-09 19:34:00,S001,Planta_1,90.27,2.1
46969,2026-01-09 19:34:00,S009,Planta_1,89.96,0.65
47005,2026-01-09 19:35:00,S005,Planta_1,94.58,1.11
47013,2026-01-09 19:35:00,S013,Planta_2,89.6,1.92
47015,2026-01-09 19:35:00,S015,Planta_2,104.07,4.87
47030,2026-01-09 19:35:00,S030,Planta_3,103.79,1.46
47037,2026-01-09 19:35:00,S037,Planta_4,99.38,2.78
47040,2026-01-09 19:35:00,S040,Planta_4,94.62,1.98
47052,2026-01-09 19:36:00,S012,Planta_2,101.37,4.33
47056,2026-01-09 19:36:00,S016,Planta_2,102.7,1.39
47085,2026-01-09 19:37:00,S005,Planta_1,85.63,2.29
47095,2026-01-09 19:37:00,S015,Planta_2,93.77,3.83
47106,2026-01-09 19:37:00,S026,Planta_3,85.57,1.3
47116,2026-01-09 19:37:00,S036,Planta_4,94.15,4.54
47121,2026-01-09 19:38:00,S001,Planta_1,95.17,4.21
47122,2026-01-09 19:38:00,S002,Planta_1,96.64,4.88
47130,2026-01-09 19:38:00,S010,Planta_1,98.56,0.55
47142,2026-01-09 19:38:00,S022,Planta_3,85.19,3.15
47144,2026-01-09 19:38:00,S024,Planta_3,85.92,3.54
47145,2026-01-09 19:38:00,S025,Planta_3,88.05,3.21
47150,2026-01-09 19:38:00,S030,Planta_3,87.96,2.0
47152,2026-01-09 19:38:00,S032,Planta_4,97.41,1.87
47171,2026-01-09 19:39:00,S011,Planta_2,100.14,5.4
47181,2026-01-09 19:39:00,S021,Planta_3,93.23,3.25
47184,2026-01-09 19:39:00,S024,Planta_3,94.6,2.13
47225,2026-01-09 19:40:00,S025,Planta_3,93.87,2.26
47236,2026-01-09 19:40:00,S036,Planta_4,89.78,5.11
47237,2026-01-09 19:40:00,S037,Planta_4,91.59,0.77
47244,2026-01-09 19:41:00,S004,Planta_1,104.8,5.18
47249,2026-01-09 19:41:00,S009,Planta_1,88.18,3.66
47257,2026-01-09 19:41:00,S017,Planta_2,85.74,3.19
47271,2026-01-09 19:41:00,S031,Planta_4,93.92,3.04
47278,2026-01-09 19:41:00,S038,Planta_4,101.14,1.02
47282,2026-01-09 19:42:00,S002,Planta_1,94.72,2.54
47307,2026-01-09 19:42:00,S027,Planta_3,88.51,2.54
47338,2026-01-09 19:43:00,S018,Planta_2,103.84,4.07
47347,2026-01-09 19:43:00,S027,Planta_3,86.83,2.99
47380,2026-01-09 19:44:00,S020,Planta_2,88.72,3.74
47392,2026-01-09 19:44:00,S032,Planta_4,94.85,2.12
47395,2026-01-09 19:44:00,S035,Planta_4,94.68,3.48
47427,2026-01-09 19:45:00,S027,Planta_3,91.11,3.15
47453,2026-01-09 19:46:00,S013,Planta_2,92.51,3.31
47463,2026-01-09 19:46:00,S023,Planta_3,97.64,3.94
47474,2026-01-09 19:46:00,S034,Planta_4,89.4,3.26
47507,2026-01-09 19:47:00,S027,Planta_3,91.78,4.97
47525,2026-01-09 19:48:00,S005,Planta_1,103.18,0.96
47544,2026-01-09 19:48:00,S024,Planta_3,99.38,2.88
47568,2026-01-09 19:49:00,S008,Planta_1,90.9,4.26
47581,2026-01-09 19:49:00,S021,Planta_3,90.2,2.54
47629,2026-01-09 19:50:00,S029,Planta_3,97.25,2.42
47638,2026-01-09 19:50:00,S038,Planta_4,90.26,1.53
47657,2026-01-09 19:51:00,S017,Planta_2,95.24,1.79
47658,2026-01-09 19:51:00,S018,Planta_2,87.1,4.57
47673,2026-01-09 19:51:00,S033,Planta_4,98.7,4.54
47679,2026-01-09 19:51:00,S039,Planta_4,99.04,3.7
47696,2026-01-09 19:52:00,S016,Planta_2,95.19,3.88
47699,2026-01-09 19:52:00,S019,Planta_2,93.37,2.3
47706,2026-01-09 19:52:00,S026,Planta_3,88.36,3.36
47707,2026-01-09 19:52:00,S027,Planta_3,101.7,0.71
47708,2026-01-09 19:52:00,S028,Planta_3,100.06,2.46
47709,2026-01-09 19:52:00,S029,Planta_3,97.08,1.17
47711,2026-01-09 19:52:00,S031,Planta_4,92.82,4.83
47723,2026-01-09 19:53:00,S003,Planta_1,89.06,2.51
47728,2026-01-09 19:53:00,S008,Planta_1,95.0,1.67
47729,2026-01-09 19:53:00,S009,Planta_1,89.74,4.18
47750,2026-01-09 19:53:00,S030,Planta_3,103.59,2.21
47776,2026-01-09 19:54:00,S016,Planta_2,92.29,2.35
47784,2026-01-09 19:54:00,S024,Planta_3,95.55,4.3
47800,2026-01-09 19:54:00,S040,Planta_4,85.78,0.82
47809,2026-01-09 19:55:00,S009,Planta_1,87.41,4.85
47810,2026-01-09 19:55:00,S010,Planta_1,88.77,2.66
47824,2026-01-09 19:55:00,S024,Planta_3,101.56,4.92
47883,2026-01-09 19:57:00,S003,Planta_1,99.61,1.96
47909,2026-01-09 19:57:00,S029,Planta_3,88.2,2.49
47919,2026-01-09 19:57:00,S039,Planta_4,85.09,3.85
47943,2026-01-09 19:58:00,S023,Planta_3,85.02,3.82
47944,2026-01-09 19:58:00,S024,Planta_3,89.29,2.45
47964,2026-01-09 19:59:00,S004,Planta_1,102.26,1.35
47967,2026-01-09 19:59:00,S007,Planta_1,91.33,0.65
47987,2026-01-09 19:59:00,S027,Planta_3,92.46,4.59
48021,2026-01-09 20:00:00,S021,Planta_3,89.18,4.13
48023,2026-01-09 20:00:00,S023,Planta_3,102.01,3.59
48032,2026-01-09 20:00:00,S032,Planta_4,94.37,0.54
48094,2026-01-09 20:02:00,S014,Planta_2,97.33,1.89
48109,2026-01-09 20:02:00,S029,Planta_3,87.02,4.66
48114,2026-01-09 20:02:00,S034,Planta_4,96.68,4.66
48164,2026-01-09 20:04:00,S004,Planta_1,93.67,4.3
48170,2026-01-09 20:04:00,S010,Planta_1,96.7,1.83
48184,2026-01-09 20:04:00,S024,Planta_3,86.49,0.62
48190,2026-01-09 20:04:00,S030,Planta_3,96.22,3.89
48196,2026-01-09 20:04:00,S036,Planta_4,104.6,5.16
48246,2026-01-09 20:06:00,S006,Planta_1,89.07,1.02
48252,2026-01-09 20:06:00,S012,Planta_2,101.49,1.76
48253,2026-01-09 20:06:00,S013,Planta_2,95.89,4.95
48312,2026-01-09 20:07:00,S032,Planta_4,86.74,4.04
48321,2026-01-09 20:08:00,S001,Planta_1,87.22,2.93
48333,2026-01-09 20:08:00,S013,Planta_2,103.98,1.94
48334,2026-01-09 20:08:00,S014,Planta_2,88.45,4.68
48351,2026-01-09 20:08:00,S031,Planta_4,95.39,5.24
48395,2026-01-09 20:09:00,S035,Planta_4,104.59,5.34
48410,2026-01-09 20:10:00,S010,Planta_1,104.76,4.46
48413,2026-01-09 20:10:00,S013,Planta_2,101.42,1.85
48414,2026-01-09 20:10:00,S014,Planta_2,104.58,1.45
48418,2026-01-09 20:10:00,S018,Planta_2,97.92,1.48
48426,2026-01-09 20:10:00,S026,Planta_3,90.7,2.65
48440,2026-01-09 20:10:00,S040,Planta_4,94.65,3.26
48451,2026-01-09 20:11:00,S011,Planta_2,97.37,4.07
48504,2026-01-09 20:12:00,S024,Planta_3,104.78,0.8
48550,2026-01-09 20:13:00,S030,Planta_3,93.93,2.83
48581,2026-01-09 20:14:00,S021,Planta_3,90.49,1.85
48645,2026-01-09 20:16:00,S005,Planta_1,89.4,3.13
48664,2026-01-09 20:16:00,S024,Planta_3,91.63,4.75
48680,2026-01-09 20:16:00,S040,Planta_4,86.75,3.76
48685,2026-01-09 20:17:00,S005,Planta_1,94.88,1.58
48689,2026-01-09 20:17:00,S009,Planta_1,87.97,4.43
48708,2026-01-09 20:17:00,S028,Planta_3,100.18,3.77
48724,2026-01-09 20:18:00,S004,Planta_1,89.62,3.07
48734,2026-01-09 20:18:00,S014,Planta_2,102.74,1.06
48740,2026-01-09 20:18:00,S020,Planta_2,97.93,1.17
48757,2026-01-09 20:18:00,S037,Planta_4,104.9,1.2
48784,2026-01-09 20:19:00,S024,Planta_3,89.16,0.89
48792,2026-01-09 20:19:00,S032,Planta_4,86.17,1.1
48806,2026-01-09 20:20:00,S006,Planta_1,97.39,5.11
48832,2026-01-09 20:20:00,S032,Planta_4,87.57,5.33
48834,2026-01-09 20:20:00,S034,Planta_4,99.58,1.11
48837,2026-01-09 20:20:00,S037,Planta_4,104.92,1.64
48852,2026-01-09 20:21:00,S012,Planta_2,100.41,2.26
48870,2026-01-09 20:21:00,S030,Planta_3,97.81,3.34
48875,2026-01-09 20:21:00,S035,Planta_4,88.36,5.02
48887,2026-01-09 20:22:00,S007,Planta_1,102.4,4.65
48893,2026-01-09 20:22:00,S013,Planta_2,86.93,4.32
48897,2026-01-09 20:22:00,S017,Planta_2,85.65,1.75
48915,2026-01-09 20:22:00,S035,Planta_4,104.68,4.93
48918,2026-01-09 20:22:00,S038,Planta_4,91.94,1.62
48921,2026-01-09 20:23:00,S001,Planta_1,87.64,2.57
48922,2026-01-09 20:23:00,S002,Planta_1,94.01,0.93
48946,2026-01-09 20:23:00,S026,Planta_3,88.83,0.74
48954,2026-01-09 20:23:00,S034,Planta_4,85.52,4.22
48980,2026-01-09 20:24:00,S020,Planta_2,97.81,0.7
49017,2026-01-09 20:25:00,S017,Planta_2,96.18,5.29
49026,2026-01-09 20:25:00,S026,Planta_3,91.5,0.52
49087,2026-01-09 20:27:00,S007,Planta_1,85.44,0.6
49097,2026-01-09 20:27:00,S017,Planta_2,100.34,1.03
49110,2026-01-09 20:27:00,S030,Planta_3,99.76,1.0
49139,2026-01-09 20:28:00,S019,Planta_2,94.0,2.88
49142,2026-01-09 20:28:00,S022,Planta_3,88.56,1.43
49174,2026-01-09 20:29:00,S014,Planta_2,97.32,5.1
49176,2026-01-09 20:29:00,S016,Planta_2,88.46,1.31
49178,2026-01-09 20:29:00,S018,Planta_2,91.09,4.39
49184,2026-01-09 20:29:00,S024,Planta_3,97.39,0.61
49200,2026-01-09 20:29:00,S040,Planta_4,95.81,3.64
49204,2026-01-09 20:30:00,S004,Planta_1,100.98,1.58
49217,2026-01-09 20:30:00,S017,Planta_2,104.66,4.4
49266,2026-01-09 20:31:00,S026,Planta_3,88.56,2.72
49290,2026-01-09 20:32:00,S010,Planta_1,89.43,4.27
49337,2026-01-09 20:33:00,S017,Planta_2,93.97,5.1
49375,2026-01-09 20:34:00,S015,Planta_2,86.16,5.42
49386,2026-01-09 20:34:00,S026,Planta_3,92.85,5.47
49396,2026-01-09 20:34:00,S036,Planta_4,99.8,3.39
49398,2026-01-09 20:34:00,S038,Planta_4,104.53,3.85
49432,2026-01-09 20:35:00,S032,Planta_4,91.51,2.53
49438,2026-01-09 20:35:00,S038,Planta_4,97.55,0.84
49471,2026-01-09 20:36:00,S031,Planta_4,102.56,0.96
49479,2026-01-09 20:36:00,S039,Planta_4,94.67,3.37
49507,2026-01-09 20:37:00,S027,Planta_3,91.35,1.63
49520,2026-01-09 20:37:00,S040,Planta_4,103.45,4.26
49522,2026-01-09 20:38:00,S002,Planta_1,90.51,5.2
49543,2026-01-09 20:38:00,S023,Planta_3,88.66,5.12
49552,2026-01-09 20:38:00,S032,Planta_4,94.53,2.08
49566,2026-01-09 20:39:00,S006,Planta_1,99.28,3.16
49602,2026-01-09 20:40:00,S002,Planta_1,85.91,2.55
49606,2026-01-09 20:40:00,S006,Planta_1,93.48,1.49
49640,2026-01-09 20:40:00,S040,Planta_4,92.83,2.34
49650,2026-01-09 20:41:00,S010,Planta_1,98.04,2.66
49661,2026-01-09 20:41:00,S021,Planta_3,93.09,1.79
49680,2026-01-09 20:41:00,S040,Planta_4,87.47,1.86
49696,2026-01-09 20:42:00,S016,Planta_2,94.09,0.86
49713,2026-01-09 20:42:00,S033,Planta_4,95.1,4.58
49755,2026-01-09 20:43:00,S035,Planta_4,103.66,5.19
49782,2026-01-09 20:44:00,S022,Planta_3,98.42,5.42
49806,2026-01-09 20:45:00,S006,Planta_1,92.19,3.29
49814,2026-01-09 20:45:00,S014,Planta_2,101.42,4.82
49831,2026-01-09 20:45:00,S031,Planta_4,94.51,3.5
49835,2026-01-09 20:45:00,S035,Planta_4,96.77,3.03
49845,2026-01-09 20:46:00,S005,Planta_1,103.99,4.84
49858,2026-01-09 20:46:00,S018,Planta_2,86.73,5.19
49859,2026-01-09 20:46:00,S019,Planta_2,95.44,2.26
49864,2026-01-09 20:46:00,S024,Planta_3,86.88,2.19
49869,2026-01-09 20:46:00,S029,Planta_3,87.9,2.31
49915,2026-01-09 20:47:00,S035,Planta_4,100.29,4.48
49924,2026-01-09 20:48:00,S004,Planta_1,99.98,2.08
49926,2026-01-09 20:48:00,S006,Planta_1,86.04,1.97
49939,2026-01-09 20:48:00,S019,Planta_2,92.99,4.98
49972,2026-01-09 20:49:00,S012,Planta_2,102.41,1.18
49984,2026-01-09 20:49:00,S024,Planta_3,92.81,1.58
49997,2026-01-09 20:49:00,S037,Planta_4,97.93,4.74
50001,2026-01-09 20:50:00,S001,Planta_1,98.88,3.41
50012,2026-01-09 20:50:00,S012,Planta_2,101.6,2.53
50014,2026-01-09 20:50:00,S014,Planta_2,101.85,1.48
50019,2026-01-09 20:50:00,S019,Planta_2,90.33,4.34
50057,2026-01-09 20:51:00,S017,Planta_2,96.65,4.02
50088,2026-01-09 20:52:00,S008,Planta_1,102.83,3.64
50109,2026-01-09 20:52:00,S029,Planta_3,88.13,3.02
50121,2026-01-09 20:53:00,S001,Planta_1,98.97,0.61
50124,2026-01-09 20:53:00,S004,Planta_1,96.09,4.14
50133,2026-01-09 20:53:00,S013,Planta_2,102.63,0.8
50155,2026-01-09 20:53:00,S035,Planta_4,95.48,2.36
50163,2026-01-09 20:54:00,S003,Planta_1,90.3,2.4
50168,2026-01-09 20:54:00,S008,Planta_1,90.01,3.64
50177,2026-01-09 20:54:00,S017,Planta_2,104.59,3.57
50178,2026-01-09 20:54:00,S018,Planta_2,102.83,5.1
50179,2026-01-09 20:54:00,S019,Planta_2,87.69,3.3
50208,2026-01-09 20:55:00,S008,Planta_1,92.57,1.29
50228,2026-01-09 20:55:00,S028,Planta_3,90.66,1.85
50230,2026-01-09 20:55:00,S030,Planta_3,85.14,1.49
50234,2026-01-09 20:55:00,S034,Planta_4,89.95,1.18
50257,2026-01-09 20:56:00,S017,Planta_2,91.73,4.86
50260,2026-01-09 20:56:00,S020,Planta_2,96.02,1.3
50271,2026-01-09 20:56:00,S031,Planta_4,85.8,3.54
50316,2026-01-09 20:57:00,S036,Planta_4,90.19,4.51
50334,2026-01-09 20:58:00,S014,Planta_2,96.35,4.68
50368,2026-01-09 20:59:00,S008,Planta_1,100.23,4.11
50374,2026-01-09 20:59:00,S014,Planta_2,101.79,1.36
50385,2026-01-09 20:59:00,S025,Planta_3,93.0,5.27
50405,2026-01-09 21:00:00,S005,Planta_1,93.63,3.11
50415,2026-01-09 21:00:00,S015,Planta_2,97.82,4.39
50423,2026-01-09 21:00:00,S023,Planta_3,85.75,4.55
50443,2026-01-09 21:01:00,S003,Planta_1,88.69,1.2
50465,2026-01-09 21:01:00,S025,Planta_3,92.44,4.89
50482,2026-01-09 21:02:00,S002,Planta_1,85.31,4.83
50534,2026-01-09 21:03:00,S014,Planta_2,104.59,3.01
50542,2026-01-09 21:03:00,S022,Planta_3,98.44,1.17
50552,2026-01-09 21:03:00,S032,Planta_4,102.81,5.05
50555,2026-01-09 21:03:00,S035,Planta_4,103.03,4.9
50579,2026-01-09 21:04:00,S019,Planta_2,100.96,3.01
50585,2026-01-09 21:04:00,S025,Planta_3,101.68,4.92
50587,2026-01-09 21:04:00,S027,Planta_3,93.53,2.29
50588,2026-01-09 21:04:00,S028,Planta_3,96.91,0.98
50621,2026-01-09 21:05:00,S021,Planta_3,89.86,3.03
50632,2026-01-09 21:05:00,S032,Planta_4,104.21,0.66
50658,2026-01-09 21:06:00,S018,Planta_2,98.5,2.61
50700,2026-01-09 21:07:00,S020,Planta_2,91.32,5.13
50702,2026-01-09 21:07:00,S022,Planta_3,98.76,3.86
50703,2026-01-09 21:07:00,S023,Planta_3,94.31,2.9
50723,2026-01-09 21:08:00,S003,Planta_1,98.89,3.74
50731,2026-01-09 21:08:00,S011,Planta_2,89.11,1.14
50732,2026-01-09 21:08:00,S012,Planta_2,93.47,2.73
50733,2026-01-09 21:08:00,S013,Planta_2,95.25,4.39
50735,2026-01-09 21:08:00,S015,Planta_2,93.99,4.55
50759,2026-01-09 21:08:00,S039,Planta_4,91.74,4.19
50800,2026-01-09 21:09:00,S040,Planta_4,92.75,3.08
50823,2026-01-09 21:10:00,S023,Planta_3,92.23,3.6
50828,2026-01-09 21:10:00,S028,Planta_3,91.4,4.06
50838,2026-01-09 21:10:00,S038,Planta_4,95.21,5.34
50845,2026-01-09 21:11:00,S005,Planta_1,95.48,4.41
50849,2026-01-09 21:11:00,S009,Planta_1,100.36,2.41
50877,2026-01-09 21:11:00,S037,Planta_4,92.1,4.43
50887,2026-01-09 21:12:00,S007,Planta_1,86.45,0.73
50904,2026-01-09 21:12:00,S024,Planta_3,100.97,2.45
50928,2026-01-09 21:13:00,S008,Planta_1,102.41,4.4
50945,2026-01-09 21:13:00,S025,Planta_3,98.48,0.52
50948,2026-01-09 21:13:00,S028,Planta_3,95.6,2.69
50981,2026-01-09 21:14:00,S021,Planta_3,102.54,1.31
51023,2026-01-09 21:15:00,S023,Planta_3,92.43,2.16
51030,2026-01-09 21:15:00,S030,Planta_3,97.57,1.38
51041,2026-01-09 21:16:00,S001,Planta_1,92.27,4.92
51078,2026-01-09 21:16:00,S038,Planta_4,85.97,2.16
51084,2026-01-09 21:17:00,S004,Planta_1,97.66,1.37
51094,2026-01-09 21:17:00,S014,Planta_2,103.39,5.46
51102,2026-01-09 21:17:00,S022,Planta_3,101.84,4.7
51116,2026-01-09 21:17:00,S036,Planta_4,95.02,1.41
51119,2026-01-09 21:17:00,S039,Planta_4,103.86,1.31
51132,2026-01-09 21:18:00,S012,Planta_2,100.81,3.98
51138,2026-01-09 21:18:00,S018,Planta_2,104.9,1.81
51140,2026-01-09 21:18:00,S020,Planta_2,92.76,1.0
51141,2026-01-09 21:18:00,S021,Planta_3,92.37,0.55
51149,2026-01-09 21:18:00,S029,Planta_3,98.12,3.55
51161,2026-01-09 21:19:00,S001,Planta_1,104.32,2.88
51189,2026-01-09 21:19:00,S029,Planta_3,86.12,1.83
51192,2026-01-09 21:19:00,S032,Planta_4,93.06,1.07
51205,2026-01-09 21:20:00,S005,Planta_1,93.57,1.69
51216,2026-01-09 21:20:00,S016,Planta_2,97.96,1.32
51221,2026-01-09 21:20:00,S021,Planta_3,102.13,2.95
51239,2026-01-09 21:20:00,S039,Planta_4,86.2,4.65
51277,2026-01-09 21:21:00,S037,Planta_4,90.34,3.02
51291,2026-01-09 21:22:00,S011,Planta_2,104.51,3.69
51296,2026-01-09 21:22:00,S016,Planta_2,97.03,4.43
51305,2026-01-09 21:22:00,S025,Planta_3,85.16,3.57
51321,2026-01-09 21:23:00,S001,Planta_1,90.47,2.58
51334,2026-01-09 21:23:00,S014,Planta_2,101.55,3.2
51348,2026-01-09 21:23:00,S028,Planta_3,90.51,4.04
51360,2026-01-09 21:23:00,S040,Planta_4,86.37,5.14
51405,2026-01-09 21:25:00,S005,Planta_1,88.11,2.51
51425,2026-01-09 21:25:00,S025,Planta_3,96.81,0.53
51439,2026-01-09 21:25:00,S039,Planta_4,103.15,4.2
51458,2026-01-09 21:26:00,S018,Planta_2,93.29,3.16
51476,2026-01-09 21:26:00,S036,Planta_4,93.55,4.9
51481,2026-01-09 21:27:00,S001,Planta_1,99.57,3.56
51493,2026-01-09 21:27:00,S013,Planta_2,89.87,2.06
51507,2026-01-09 21:27:00,S027,Planta_3,85.64,4.64
51526,2026-01-09 21:28:00,S006,Planta_1,95.43,4.57
51556,2026-01-09 21:28:00,S036,Planta_4,97.25,1.24
51571,2026-01-09 21:29:00,S011,Planta_2,95.39,1.63
51573,2026-01-09 21:29:00,S013,Planta_2,90.89,3.0
51577,2026-01-09 21:29:00,S017,Planta_2,97.38,1.94
51579,2026-01-09 21:29:00,S019,Planta_2,97.85,4.86
51584,2026-01-09 21:29:00,S024,Planta_3,93.05,2.74
51597,2026-01-09 21:29:00,S037,Planta_4,91.65,4.77
51599,2026-01-09 21:29:00,S039,Planta_4,93.4,5.0
51621,2026-01-09 21:30:00,S021,Planta_3,92.62,3.35
51659,2026-01-09 21:31:00,S019,Planta_2,102.49,2.59
51674,2026-01-09 21:31:00,S034,Planta_4,91.03,0.75
51695,2026-01-09 21:32:00,S015,Planta_2,87.94,3.42
51707,2026-01-09 21:32:00,S027,Planta_3,91.85,4.4
51721,2026-01-09 21:33:00,S001,Planta_1,88.98,2.15
51747,2026-01-09 21:33:00,S027,Planta_3,94.56,1.26
51762,2026-01-09 21:34:00,S002,Planta_1,90.84,3.15
51766,2026-01-09 21:34:00,S006,Planta_1,98.79,3.84
51774,2026-01-09 21:34:00,S014,Planta_2,94.79,3.76
51787,2026-01-09 21:34:00,S027,Planta_3,93.52,1.01
51792,2026-01-09 21:34:00,S032,Planta_4,100.34,1.76
51794,2026-01-09 21:34:00,S034,Planta_4,90.07,2.94
51811,2026-01-09 21:35:00,S011,Planta_2,96.37,4.26
51830,2026-01-09 21:35:00,S030,Planta_3,94.31,3.64
51840,2026-01-09 21:35:00,S040,Planta_4,102.61,4.32
51851,2026-01-09 21:36:00,S011,Planta_2,85.56,4.42
51854,2026-01-09 21:36:00,S014,Planta_2,89.58,3.8
51913,2026-01-09 21:37:00,S033,Planta_4,97.24,5.14
51927,2026-01-09 21:38:00,S007,Planta_1,99.0,4.5
51930,2026-01-09 21:38:00,S010,Planta_1,89.74,1.61
51931,2026-01-09 21:38:00,S011,Planta_2,104.78,3.55
51949,2026-01-09 21:38:00,S029,Planta_3,86.88,5.39
51950,2026-01-09 21:38:00,S030,Planta_3,100.59,2.44
51964,2026-01-09 21:39:00,S004,Planta_1,86.71,3.2
51981,2026-01-09 21:39:00,S021,Planta_3,95.05,1.99
51992,2026-01-09 21:39:00,S032,Planta_4,103.97,3.84
52006,2026-01-09 21:40:00,S006,Planta_1,101.99,3.16
52020,2026-01-09 21:40:00,S020,Planta_2,95.7,0.7
52031,2026-01-09 21:40:00,S031,Planta_4,103.34,2.54
52047,2026-01-09 21:41:00,S007,Planta_1,87.75,4.53
52058,2026-01-09 21:41:00,S018,Planta_2,91.62,2.07
52064,2026-01-09 21:41:00,S024,Planta_3,95.06,2.6
52068,2026-01-09 21:41:00,S028,Planta_3,104.74,4.76
52092,2026-01-09 21:42:00,S012,Planta_2,99.57,3.23
52118,2026-01-09 21:42:00,S038,Planta_4,97.53,4.01
52139,2026-01-09 21:43:00,S019,Planta_2,97.46,2.27
52146,2026-01-09 21:43:00,S026,Planta_3,103.62,4.0
52149,2026-01-09 21:43:00,S029,Planta_3,103.71,2.88
52167,2026-01-09 21:44:00,S007,Planta_1,97.92,1.85
52173,2026-01-09 21:44:00,S013,Planta_2,97.45,5.2
52212,2026-01-09 21:45:00,S012,Planta_2,101.02,5.16
52222,2026-01-09 21:45:00,S022,Planta_3,96.2,2.93
52228,2026-01-09 21:45:00,S028,Planta_3,100.11,1.74
52234,2026-01-09 21:45:00,S034,Planta_4,88.77,0.51
52248,2026-01-09 21:46:00,S008,Planta_1,103.92,4.5
52249,2026-01-09 21:46:00,S009,Planta_1,97.68,2.22
52250,2026-01-09 21:46:00,S010,Planta_1,95.92,3.55
52293,2026-01-09 21:47:00,S013,Planta_2,102.77,1.87
52303,2026-01-09 21:47:00,S023,Planta_3,92.93,2.54
52307,2026-01-09 21:47:00,S027,Planta_3,101.57,2.29
52324,2026-01-09 21:48:00,S004,Planta_1,88.66,3.71
52337,2026-01-09 21:48:00,S017,Planta_2,97.25,5.0
52351,2026-01-09 21:48:00,S031,Planta_4,86.77,1.37
52353,2026-01-09 21:48:00,S033,Planta_4,89.09,5.05
52360,2026-01-09 21:48:00,S040,Planta_4,101.27,0.74
52372,2026-01-09 21:49:00,S012,Planta_2,99.0,2.06
52377,2026-01-09 21:49:00,S017,Planta_2,98.34,4.55
52384,2026-01-09 21:49:00,S024,Planta_3,101.08,1.46
52401,2026-01-09 21:50:00,S001,Planta_1,86.51,1.37
52416,2026-01-09 21:50:00,S016,Planta_2,101.63,1.81
52438,2026-01-09 21:50:00,S038,Planta_4,104.96,3.56
52439,2026-01-09 21:50:00,S039,Planta_4,92.51,1.82
52441,2026-01-09 21:51:00,S001,Planta_1,100.74,3.25
52445,2026-01-09 21:51:00,S005,Planta_1,90.4,3.99
52559,2026-01-09 21:53:00,S039,Planta_4,96.15,3.4
52561,2026-01-09 21:54:00,S001,Planta_1,87.07,3.13
52592,2026-01-09 21:54:00,S032,Planta_4,85.81,2.54
52593,2026-01-09 21:54:00,S033,Planta_4,97.02,3.23
52609,2026-01-09 21:55:00,S009,Planta_1,93.79,2.78
52629,2026-01-09 21:55:00,S029,Planta_3,99.37,4.88
52640,2026-01-09 21:55:00,S040,Planta_4,96.18,1.66
52671,2026-01-09 21:56:00,S031,Planta_4,88.59,4.05
52685,2026-01-09 21:57:00,S005,Planta_1,103.99,1.21
52689,2026-01-09 21:57:00,S009,Planta_1,104.47,3.06
52742,2026-01-09 21:58:00,S022,Planta_3,94.68,2.6
52751,2026-01-09 21:58:00,S031,Planta_4,91.64,4.62
52785,2026-01-09 21:59:00,S025,Planta_3,92.2,1.19
52787,2026-01-09 21:59:00,S027,Planta_3,94.79,3.89
52806,2026-01-09 22:00:00,S006,Planta_1,98.66,1.13
52824,2026-01-09 22:00:00,S024,Planta_3,85.64,4.51
52830,2026-01-09 22:00:00,S030,Planta_3,98.51,3.21
52871,2026-01-09 22:01:00,S031,Planta_4,98.34,2.84
52872,2026-01-09 22:01:00,S032,Planta_4,93.26,0.96
52878,2026-01-09 22:01:00,S038,Planta_4,102.65,1.99
52931,2026-01-09 22:03:00,S011,Planta_2,99.81,1.68
52933,2026-01-09 22:03:00,S013,Planta_2,102.5,3.95
52944,2026-01-09 22:03:00,S024,Planta_3,101.69,5.18
52947,2026-01-09 22:03:00,S027,Planta_3,97.39,2.44
52951,2026-01-09 22:03:00,S031,Planta_4,87.39,5.47
52984,2026-01-09 22:04:00,S024,Planta_3,102.28,5.08
52990,2026-01-09 22:04:00,S030,Planta_3,93.19,2.76
52992,2026-01-09 22:04:00,S032,Planta_4,104.02,2.53
52997,2026-01-09 22:04:00,S037,Planta_4,91.58,0.9
53006,2026-01-09 22:05:00,S006,Planta_1,91.91,4.81
53024,2026-01-09 22:05:00,S024,Planta_3,96.71,1.14
53050,2026-01-09 22:06:00,S010,Planta_1,87.05,2.63
53079,2026-01-09 22:06:00,S039,Planta_4,92.97,3.17
53080,2026-01-09 22:06:00,S040,Planta_4,99.38,1.71
53091,2026-01-09 22:07:00,S011,Planta_2,101.52,1.32
53093,2026-01-09 22:07:00,S013,Planta_2,102.89,3.21
53094,2026-01-09 22:07:00,S014,Planta_2,92.38,0.7
53095,2026-01-09 22:07:00,S015,Planta_2,98.36,1.03
53101,2026-01-09 22:07:00,S021,Planta_3,99.6,5.18
53112,2026-01-09 22:07:00,S032,Planta_4,93.64,0.79
53126,2026-01-09 22:08:00,S006,Planta_1,91.76,4.99
53138,2026-01-09 22:08:00,S018,Planta_2,94.8,4.01
53143,2026-01-09 22:08:00,S023,Planta_3,94.06,4.56
53147,2026-01-09 22:08:00,S027,Planta_3,96.36,4.64
53166,2026-01-09 22:09:00,S006,Planta_1,104.66,2.11
53180,2026-01-09 22:09:00,S020,Planta_2,88.62,0.96
53218,2026-01-09 22:10:00,S018,Planta_2,93.16,1.56
53222,2026-01-09 22:10:00,S022,Planta_3,90.08,4.27
53226,2026-01-09 22:10:00,S026,Planta_3,86.99,2.18
53237,2026-01-09 22:10:00,S037,Planta_4,89.54,3.7
53238,2026-01-09 22:10:00,S038,Planta_4,85.01,4.32
53239,2026-01-09 22:10:00,S039,Planta_4,91.11,3.85
53241,2026-01-09 22:11:00,S001,Planta_1,89.39,2.76
53245,2026-01-09 22:11:00,S005,Planta_1,90.35,2.58
53250,2026-01-09 22:11:00,S010,Planta_1,102.22,3.31
53253,2026-01-09 22:11:00,S013,Planta_2,86.55,3.66
53264,2026-01-09 22:11:00,S024,Planta_3,102.95,0.9
53278,2026-01-09 22:11:00,S038,Planta_4,95.01,3.81
53281,2026-01-09 22:12:00,S001,Planta_1,91.57,2.95
53305,2026-01-09 22:12:00,S025,Planta_3,86.97,1.67
53307,2026-01-09 22:12:00,S027,Planta_3,100.6,2.6
53314,2026-01-09 22:12:00,S034,Planta_4,101.0,2.23
53318,2026-01-09 22:12:00,S038,Planta_4,99.19,2.68
53339,2026-01-09 22:13:00,S019,Planta_2,91.45,1.86
53341,2026-01-09 22:13:00,S021,Planta_3,93.06,0.69
53347,2026-01-09 22:13:00,S027,Planta_3,95.67,3.52
53355,2026-01-09 22:13:00,S035,Planta_4,86.67,3.45
53357,2026-01-09 22:13:00,S037,Planta_4,94.82,0.66
53366,2026-01-09 22:14:00,S006,Planta_1,88.78,1.56
53434,2026-01-09 22:15:00,S034,Planta_4,96.66,4.18
53448,2026-01-09 22:16:00,S008,Planta_1,90.89,5.27
53451,2026-01-09 22:16:00,S011,Planta_2,95.53,2.72
53482,2026-01-09 22:17:00,S002,Planta_1,89.54,3.95
53488,2026-01-09 22:17:00,S008,Planta_1,103.83,3.74
53496,2026-01-09 22:17:00,S016,Planta_2,101.62,3.57
53504,2026-01-09 22:17:00,S024,Planta_3,87.55,3.15
53527,2026-01-09 22:18:00,S007,Planta_1,100.08,1.42
53555,2026-01-09 22:18:00,S035,Planta_4,88.82,2.82
53557,2026-01-09 22:18:00,S037,Planta_4,85.75,4.62
53653,2026-01-09 22:21:00,S013,Planta_2,97.67,2.81
53680,2026-01-09 22:21:00,S040,Planta_4,90.7,4.14
53727,2026-01-09 22:23:00,S007,Planta_1,88.62,4.7
53734,2026-01-09 22:23:00,S014,Planta_2,87.48,0.76
53743,2026-01-09 22:23:00,S023,Planta_3,104.99,5.07
53744,2026-01-09 22:23:00,S024,Planta_3,102.02,2.61
53781,2026-01-09 22:24:00,S021,Planta_3,85.25,2.46
53816,2026-01-09 22:25:00,S016,Planta_2,99.54,3.26
53820,2026-01-09 22:25:00,S020,Planta_2,100.62,2.64
53822,2026-01-09 22:25:00,S022,Planta_3,90.07,1.53
53825,2026-01-09 22:25:00,S025,Planta_3,88.75,5.03
53835,2026-01-09 22:25:00,S035,Planta_4,85.65,5.19
53869,2026-01-09 22:26:00,S029,Planta_3,94.48,0.51
53896,2026-01-09 22:27:00,S016,Planta_2,100.25,4.29
53910,2026-01-09 22:27:00,S030,Planta_3,90.28,1.46
53913,2026-01-09 22:27:00,S033,Planta_4,85.5,1.47
53918,2026-01-09 22:27:00,S038,Planta_4,102.07,3.83
53922,2026-01-09 22:28:00,S002,Planta_1,100.3,1.04
53928,2026-01-09 22:28:00,S008,Planta_1,88.56,3.56
53934,2026-01-09 22:28:00,S014,Planta_2,87.97,5.3
53938,2026-01-09 22:28:00,S018,Planta_2,97.77,2.24
53944,2026-01-09 22:28:00,S024,Planta_3,86.53,3.11
53947,2026-01-09 22:28:00,S027,Planta_3,89.53,5.09
53952,2026-01-09 22:28:00,S032,Planta_4,91.08,2.07
53967,2026-01-09 22:29:00,S007,Planta_1,99.48,0.59
53975,2026-01-09 22:29:00,S015,Planta_2,101.27,1.78
53994,2026-01-09 22:29:00,S034,Planta_4,92.76,0.85
53995,2026-01-09 22:29:00,S035,Planta_4,92.24,2.22
54006,2026-01-09 22:30:00,S006,Planta_1,92.55,4.91
54026,2026-01-09 22:30:00,S026,Planta_3,93.7,3.65
54038,2026-01-09 22:30:00,S038,Planta_4,100.59,4.29
54055,2026-01-09 22:31:00,S015,Planta_2,88.32,4.42
54074,2026-01-09 22:31:00,S034,Planta_4,99.86,2.64
54085,2026-01-09 22:32:00,S005,Planta_1,92.06,1.05
54096,2026-01-09 22:32:00,S016,Planta_2,86.69,1.99
54104,2026-01-09 22:32:00,S024,Planta_3,92.96,1.86
54106,2026-01-09 22:32:00,S026,Planta_3,96.26,1.21
54130,2026-01-09 22:33:00,S010,Planta_1,103.51,0.85
54136,2026-01-09 22:33:00,S016,Planta_2,103.66,1.21
54153,2026-01-09 22:33:00,S033,Planta_4,88.45,1.69
54182,2026-01-09 22:34:00,S022,Planta_3,86.3,2.05
54193,2026-01-09 22:34:00,S033,Planta_4,86.77,3.2
54200,2026-01-09 22:34:00,S040,Planta_4,86.45,4.84
54201,2026-01-09 22:35:00,S001,Planta_1,101.04,1.23
54207,2026-01-09 22:35:00,S007,Planta_1,88.89,5.25
54217,2026-01-09 22:35:00,S017,Planta_2,89.28,5.35
54239,2026-01-09 22:35:00,S039,Planta_4,101.16,4.31
54251,2026-01-09 22:36:00,S011,Planta_2,95.11,5.33
54253,2026-01-09 22:36:00,S013,Planta_2,98.31,0.84
54257,2026-01-09 22:36:00,S017,Planta_2,89.32,4.24
54275,2026-01-09 22:36:00,S035,Planta_4,99.24,3.85
54304,2026-01-09 22:37:00,S024,Planta_3,104.59,0.7
54325,2026-01-09 22:38:00,S005,Planta_1,87.94,2.16
54340,2026-01-09 22:38:00,S020,Planta_2,92.81,1.21
54392,2026-01-09 22:39:00,S032,Planta_4,91.05,4.92
54395,2026-01-09 22:39:00,S035,Planta_4,96.66,3.95
54412,2026-01-09 22:40:00,S012,Planta_2,95.72,4.91
54415,2026-01-09 22:40:00,S015,Planta_2,90.11,0.67
54426,2026-01-09 22:40:00,S026,Planta_3,98.32,3.72
54436,2026-01-09 22:40:00,S036,Planta_4,86.35,1.84
54439,2026-01-09 22:40:00,S039,Planta_4,87.32,1.65
54445,2026-01-09 22:41:00,S005,Planta_1,89.39,1.27
54467,2026-01-09 22:41:00,S027,Planta_3,89.07,2.21
54468,2026-01-09 22:41:00,S028,Planta_3,85.08,2.03
54493,2026-01-09 22:42:00,S013,Planta_2,91.52,3.07
54519,2026-01-09 22:42:00,S039,Planta_4,104.21,2.81
54521,2026-01-09 22:43:00,S001,Planta_1,101.29,0.61
54534,2026-01-09 22:43:00,S014,Planta_2,89.49,4.58
54555,2026-01-09 22:43:00,S035,Planta_4,97.42,2.07
54556,2026-01-09 22:43:00,S036,Planta_4,102.56,3.74
54597,2026-01-09 22:44:00,S037,Planta_4,103.0,3.04
54601,2026-01-09 22:45:00,S001,Planta_1,86.78,3.8
54649,2026-01-09 22:46:00,S009,Planta_1,99.19,1.98
54691,2026-01-09 22:47:00,S011,Planta_2,103.27,1.11
54694,2026-01-09 22:47:00,S014,Planta_2,99.88,3.73
54697,2026-01-09 22:47:00,S017,Planta_2,93.69,5.13
54701,2026-01-09 22:47:00,S021,Planta_3,101.65,3.97
54718,2026-01-09 22:47:00,S038,Planta_4,103.83,5.38
54721,2026-01-09 22:48:00,S001,Planta_1,87.01,4.4
54728,2026-01-09 22:48:00,S008,Planta_1,100.53,3.02
54765,2026-01-09 22:49:00,S005,Planta_1,101.26,2.17
54766,2026-01-09 22:49:00,S006,Planta_1,104.93,1.63
54774,2026-01-09 22:49:00,S014,Planta_2,97.16,2.06
54787,2026-01-09 22:49:00,S027,Planta_3,89.09,4.66
54812,2026-01-09 22:50:00,S012,Planta_2,87.63,2.47
54816,2026-01-09 22:50:00,S016,Planta_2,89.11,5.13
54836,2026-01-09 22:50:00,S036,Planta_4,86.89,0.69
54848,2026-01-09 22:51:00,S008,Planta_1,92.97,0.81
54862,2026-01-09 22:51:00,S022,Planta_3,104.2,4.38
54876,2026-01-09 22:51:00,S036,Planta_4,87.47,3.76
54880,2026-01-09 22:51:00,S040,Planta_4,91.02,1.22
54893,2026-01-09 22:52:00,S013,Planta_2,95.69,1.98
54902,2026-01-09 22:52:00,S022,Planta_3,104.03,1.36
54916,2026-01-09 22:52:00,S036,Planta_4,104.68,4.38
54926,2026-01-09 22:53:00,S006,Planta_1,97.5,4.24
54934,2026-01-09 22:53:00,S014,Planta_2,93.2,1.69
54941,2026-01-09 22:53:00,S021,Planta_3,89.87,5.16
54959,2026-01-09 22:53:00,S039,Planta_4,98.99,1.82
54980,2026-01-09 22:54:00,S020,Planta_2,93.57,1.18
54985,2026-01-09 22:54:00,S025,Planta_3,103.41,1.72
54995,2026-01-09 22:54:00,S035,Planta_4,86.58,2.47
55001,2026-01-09 22:55:00,S001,Planta_1,86.07,4.74
55018,2026-01-09 22:55:00,S018,Planta_2,96.6,4.4
55033,2026-01-09 22:55:00,S033,Planta_4,103.17,2.65
55036,2026-01-09 22:55:00,S036,Planta_4,98.98,1.86
55048,2026-01-09 22:56:00,S008,Planta_1,101.1,4.6
55060,2026-01-09 22:56:00,S020,Planta_2,97.39,0.61
55079,2026-01-09 22:56:00,S039,Planta_4,97.83,4.31
55081,2026-01-09 22:57:00,S001,Planta_1,98.02,1.77
55088,2026-01-09 22:57:00,S008,Planta_1,87.51,1.64
55101,2026-01-09 22:57:00,S021,Planta_3,103.66,2.0
55115,2026-01-09 22:57:00,S035,Planta_4,87.11,0.62
55117,2026-01-09 22:57:00,S037,Planta_4,90.89,3.92
55121,2026-01-09 22:58:00,S001,Planta_1,91.87,3.69
55126,2026-01-09 22:58:00,S006,Planta_1,91.65,3.15
55129,2026-01-09 22:58:00,S009,Planta_1,104.13,1.76
55146,2026-01-09 22:58:00,S026,Planta_3,100.04,2.41
55147,2026-01-09 22:58:00,S027,Planta_3,85.72,2.81
55154,2026-01-09 22:58:00,S034,Planta_4,89.65,2.47
55170,2026-01-09 22:59:00,S010,Planta_1,92.07,2.12
55187,2026-01-09 22:59:00,S027,Planta_3,86.52,4.96
55190,2026-01-09 22:59:00,S030,Planta_3,93.67,4.23
55224,2026-01-09 23:00:00,S024,Planta_3,92.52,3.53
55234,2026-01-09 23:00:00,S034,Planta_4,88.72,5.08
55247,2026-01-09 23:01:00,S007,Planta_1,99.22,1.07
55260,2026-01-09 23:01:00,S020,Planta_2,103.99,2.05
55294,2026-01-09 23:02:00,S014,Planta_2,104.42,4.76
55308,2026-01-09 23:02:00,S028,Planta_3,96.99,1.11
55368,2026-01-09 23:04:00,S008,Planta_1,92.5,5.08
55382,2026-01-09 23:04:00,S022,Planta_3,92.65,1.69
55392,2026-01-09 23:04:00,S032,Planta_4,103.72,0.9
55405,2026-01-09 23:05:00,S005,Planta_1,97.24,3.59
55412,2026-01-09 23:05:00,S012,Planta_2,90.66,5.19
55445,2026-01-09 23:06:00,S005,Planta_1,90.2,3.86
55449,2026-01-09 23:06:00,S009,Planta_1,85.89,3.32
55453,2026-01-09 23:06:00,S013,Planta_2,94.66,0.91
55477,2026-01-09 23:06:00,S037,Planta_4,94.97,1.96
55481,2026-01-09 23:07:00,S001,Planta_1,93.72,1.65
55484,2026-01-09 23:07:00,S004,Planta_1,100.87,3.14
55491,2026-01-09 23:07:00,S011,Planta_2,90.83,2.58
55498,2026-01-09 23:07:00,S018,Planta_2,103.24,4.33
55507,2026-01-09 23:07:00,S027,Planta_3,98.59,1.25
55516,2026-01-09 23:07:00,S036,Planta_4,91.94,4.4
55525,2026-01-09 23:08:00,S005,Planta_1,86.88,1.31
55529,2026-01-09 23:08:00,S009,Planta_1,102.78,2.89
55530,2026-01-09 23:08:00,S010,Planta_1,97.23,1.03
55540,2026-01-09 23:08:00,S020,Planta_2,92.99,1.17
55556,2026-01-09 23:08:00,S036,Planta_4,91.19,4.21
55579,2026-01-09 23:09:00,S019,Planta_2,97.38,1.15
55581,2026-01-09 23:09:00,S021,Planta_3,97.88,3.9
55596,2026-01-09 23:09:00,S036,Planta_4,89.96,0.7
55619,2026-01-09 23:10:00,S019,Planta_2,103.57,3.36
55625,2026-01-09 23:10:00,S025,Planta_3,85.79,4.92
55650,2026-01-09 23:11:00,S010,Planta_1,93.18,1.62
55693,2026-01-09 23:12:00,S013,Planta_2,89.73,2.04
55723,2026-01-09 23:13:00,S003,Planta_1,90.13,3.27
55725,2026-01-09 23:13:00,S005,Planta_1,86.63,1.26
55739,2026-01-09 23:13:00,S019,Planta_2,99.43,4.1
55750,2026-01-09 23:13:00,S030,Planta_3,91.85,4.79
55762,2026-01-09 23:14:00,S002,Planta_1,86.1,5.29
55794,2026-01-09 23:14:00,S034,Planta_4,86.91,4.61
55797,2026-01-09 23:14:00,S037,Planta_4,102.27,3.26
55818,2026-01-09 23:15:00,S018,Planta_2,94.6,1.02
55822,2026-01-09 23:15:00,S022,Planta_3,86.18,0.71
55824,2026-01-09 23:15:00,S024,Planta_3,97.56,2.3
55855,2026-01-09 23:16:00,S015,Planta_2,94.93,5.43
55874,2026-01-09 23:16:00,S034,Planta_4,91.77,2.3
55879,2026-01-09 23:16:00,S039,Planta_4,87.18,5.44
55894,2026-01-09 23:17:00,S014,Planta_2,99.77,2.45
55895,2026-01-09 23:17:00,S015,Planta_2,85.44,5.15
55911,2026-01-09 23:17:00,S031,Planta_4,86.01,3.99
55950,2026-01-09 23:18:00,S030,Planta_3,99.3,3.3
55959,2026-01-09 23:18:00,S039,Planta_4,86.58,4.54
55993,2026-01-09 23:19:00,S033,Planta_4,94.34,0.64
56016,2026-01-09 23:20:00,S016,Planta_2,94.31,1.11
56020,2026-01-09 23:20:00,S020,Planta_2,98.01,1.35
56028,2026-01-09 23:20:00,S028,Planta_3,99.87,1.45
56043,2026-01-09 23:21:00,S003,Planta_1,93.02,3.1
56056,2026-01-09 23:21:00,S016,Planta_2,88.03,3.21
56100,2026-01-09 23:22:00,S020,Planta_2,91.53,1.97
56117,2026-01-09 23:22:00,S037,Planta_4,92.78,2.73
56126,2026-01-09 23:23:00,S006,Planta_1,100.43,3.0
56141,2026-01-09 23:23:00,S021,Planta_3,86.54,2.7
56145,2026-01-09 23:23:00,S025,Planta_3,96.84,3.95
56167,2026-01-09 23:24:00,S007,Planta_1,89.71,2.54
56187,2026-01-09 23:24:00,S027,Planta_3,104.37,1.9
56197,2026-01-09 23:24:00,S037,Planta_4,98.23,4.77
56206,2026-01-09 23:25:00,S006,Planta_1,91.45,3.22
56209,2026-01-09 23:25:00,S009,Planta_1,88.41,3.93
56226,2026-01-09 23:25:00,S026,Planta_3,94.78,3.55
56256,2026-01-09 23:26:00,S016,Planta_2,91.35,2.34
56266,2026-01-09 23:26:00,S026,Planta_3,85.2,4.6
56305,2026-01-09 23:27:00,S025,Planta_3,86.49,3.12
56327,2026-01-09 23:28:00,S007,Planta_1,92.44,2.01
56342,2026-01-09 23:28:00,S022,Planta_3,92.44,2.68
56362,2026-01-09 23:29:00,S002,Planta_1,89.78,1.56
56382,2026-01-09 23:29:00,S022,Planta_3,100.7,0.89
56410,2026-01-09 23:30:00,S010,Planta_1,101.3,1.46
56451,2026-01-09 23:31:00,S011,Planta_2,89.58,4.24
56465,2026-01-09 23:31:00,S025,Planta_3,102.39,2.95
56475,2026-01-09 23:31:00,S035,Planta_4,99.61,5.26
56481,2026-01-09 23:32:00,S001,Planta_1,96.43,3.59
56484,2026-01-09 23:32:00,S004,Planta_1,96.43,1.01
56501,2026-01-09 23:32:00,S021,Planta_3,97.72,1.46
56510,2026-01-09 23:32:00,S030,Planta_3,102.37,1.35
56540,2026-01-09 23:33:00,S020,Planta_2,102.15,4.55
56564,2026-01-09 23:34:00,S004,Planta_1,103.84,3.49
56565,2026-01-09 23:34:00,S005,Planta_1,96.64,0.78
56604,2026-01-09 23:35:00,S004,Planta_1,89.9,1.22
56605,2026-01-09 23:35:00,S005,Planta_1,103.88,5.34
56624,2026-01-09 23:35:00,S024,Planta_3,88.7,5.1
56656,2026-01-09 23:36:00,S016,Planta_2,95.12,2.6
56665,2026-01-09 23:36:00,S025,Planta_3,86.14,4.69
56667,2026-01-09 23:36:00,S027,Planta_3,90.06,4.16
56694,2026-01-09 23:37:00,S014,Planta_2,90.63,4.74
56707,2026-01-09 23:37:00,S027,Planta_3,93.18,1.61
56717,2026-01-09 23:37:00,S037,Planta_4,89.3,5.27
56752,2026-01-09 23:38:00,S032,Planta_4,101.43,5.4
56753,2026-01-09 23:38:00,S033,Planta_4,88.6,4.02
56769,2026-01-09 23:39:00,S009,Planta_1,86.82,1.17
56806,2026-01-09 23:40:00,S006,Planta_1,101.05,1.42
56837,2026-01-09 23:40:00,S037,Planta_4,93.91,1.87
56838,2026-01-09 23:40:00,S038,Planta_4,100.88,4.53
56849,2026-01-09 23:41:00,S009,Planta_1,101.71,3.19
56860,2026-01-09 23:41:00,S020,Planta_2,96.19,2.67
56886,2026-01-09 23:42:00,S006,Planta_1,99.97,3.68
56896,2026-01-09 23:42:00,S016,Planta_2,101.12,3.58
56903,2026-01-09 23:42:00,S023,Planta_3,87.48,3.13
56911,2026-01-09 23:42:00,S031,Planta_4,94.44,5.18
56925,2026-01-09 23:43:00,S005,Planta_1,95.21,1.1
56932,2026-01-09 23:43:00,S012,Planta_2,92.28,4.66
56953,2026-01-09 23:43:00,S033,Planta_4,94.78,1.28
56960,2026-01-09 23:43:00,S040,Planta_4,98.95,2.3
56980,2026-01-09 23:44:00,S020,Planta_2,89.52,2.26
56983,2026-01-09 23:44:00,S023,Planta_3,100.79,5.23
56987,2026-01-09 23:44:00,S027,Planta_3,87.31,2.23
56998,2026-01-09 23:44:00,S038,Planta_4,102.34,1.61
57000,2026-01-09 23:44:00,S040,Planta_4,85.37,5.42
57015,2026-01-09 23:45:00,S015,Planta_2,89.49,5.32
57027,2026-01-09 23:45:00,S027,Planta_3,86.85,3.17
57056,2026-01-09 23:46:00,S016,Planta_2,91.87,2.1
57061,2026-01-09 23:46:00,S021,Planta_3,88.25,3.35
57100,2026-01-09 23:47:00,S020,Planta_2,97.86,2.01
57117,2026-01-09 23:47:00,S037,Planta_4,95.8,2.84
57119,2026-01-09 23:47:00,S039,Planta_4,88.12,2.28
57121,2026-01-09 23:48:00,S001,Planta_1,99.04,4.87
57133,2026-01-09 23:48:00,S013,Planta_2,96.53,1.92
57141,2026-01-09 23:48:00,S021,Planta_3,87.03,4.29
57165,2026-01-09 23:49:00,S005,Planta_1,97.21,2.79
57169,2026-01-09 23:49:00,S009,Planta_1,85.27,2.95
57197,2026-01-09 23:49:00,S037,Planta_4,102.01,0.6
57201,2026-01-09 23:50:00,S001,Planta_1,89.97,2.09
57227,2026-01-09 23:50:00,S027,Planta_3,103.58,3.44
57234,2026-01-09 23:50:00,S034,Planta_4,102.23,4.5
57239,2026-01-09 23:50:00,S039,Planta_4,88.49,1.91
57249,2026-01-09 23:51:00,S009,Planta_1,102.77,1.86
57287,2026-01-09 23:52:00,S007,Planta_1,97.18,4.59
57292,2026-01-09 23:52:00,S012,Planta_2,87.97,1.5
57298,2026-01-09 23:52:00,S018,Planta_2,88.85,2.29
57300,2026-01-09 23:52:00,S020,Planta_2,99.28,2.31
57301,2026-01-09 23:52:00,S021,Planta_3,88.39,0.62
57305,2026-01-09 23:52:00,S025,Planta_3,94.11,2.2
57330,2026-01-09 23:53:00,S010,Planta_1,100.0,2.58
57339,2026-01-09 23:53:00,S019,Planta_2,92.18,3.23
57352,2026-01-09 23:53:00,S032,Planta_4,91.76,5.14
57358,2026-01-09 23:53:00,S038,Planta_4,97.84,4.25
57369,2026-01-09 23:54:00,S009,Planta_1,86.5,4.1
57371,2026-01-09 23:54:00,S011,Planta_2,93.55,3.5
57387,2026-01-09 23:54:00,S027,Planta_3,93.95,3.86
57412,2026-01-09 23:55:00,S012,Planta_2,95.19,2.37
57434,2026-01-09 23:55:00,S034,Planta_4,85.39,2.41
57446,2026-01-09 23:56:00,S006,Planta_1,94.05,4.59
57484,2026-01-09 23:57:00,S004,Planta_1,88.63,1.18
57525,2026-01-09 23:58:00,S005,Planta_1,99.87,1.49
57526,2026-01-09 23:58:00,S006,Planta_1,98.64,2.29
57530,2026-01-09 23:58:00,S010,Planta_1,92.71,1.04
57531,2026-01-09 23:58:00,S011,Planta_2,94.17,3.05
57533,2026-01-09 23:58:00,S013,Planta_2,94.35,1.32
57534,2026-01-09 23:58:00,S014,Planta_2,102.17,1.95
57543,2026-01-09 23:58:00,S023,Planta_3,86.6,4.99
57546,2026-01-09 23:58:00,S026,Planta_3,102.28,3.5
57558,2026-01-09 23:58:00,S038,Planta_4,85.24,3.51
57568,2026-01-09 23:59:00,S008,Planta_1,90.27,1.39
57591,2026-01-09 23:59:00,S031,Planta_4,89.43,3.48
57596,2026-01-09 23:59:00,S036,Planta_4,92.76,2.62
57598,2026-01-09 23:59:00,S038,Planta_4,87.34,4.59
57610,2026-02-09 00:00:00,S010,Planta_1,102.71,4.17
57612,2026-02-09 00:00:00,S012,Planta_2,87.86,3.1
57625,2026-02-09 00:00:00,S025,Planta_3,104.66,1.7
57639,2026-02-09 00:00:00,S039,Planta_4,98.9,3.05
57646,2026-02-09 00:01:00,S006,Planta_1,88.8,4.88
57649,2026-02-09 00:01:00,S009,Planta_1,86.33,0.93
57656,2026-02-09 00:01:00,S016,Planta_2,96.26,2.95
57699,2026-02-09 00:02:00,S019,Planta_2,94.01,1.87
57721,2026-02-09 00:03:00,S001,Planta_1,86.49,2.35
57728,2026-02-09 00:03:00,S008,Planta_1,91.1,0.5
57740,2026-02-09 00:03:00,S020,Planta_2,93.39,2.04
57745,2026-02-09 00:03:00,S025,Planta_3,104.62,5.06
57753,2026-02-09 00:03:00,S033,Planta_4,93.2,2.05
57772,2026-02-09 00:04:00,S012,Planta_2,85.3,1.7
57779,2026-02-09 00:04:00,S019,Planta_2,91.38,4.05
57800,2026-02-09 00:04:00,S040,Planta_4,97.31,4.55
57801,2026-02-09 00:05:00,S001,Planta_1,104.07,1.67
57807,2026-02-09 00:05:00,S007,Planta_1,99.7,1.68
57810,2026-02-09 00:05:00,S010,Planta_1,97.31,4.57
57852,2026-02-09 00:06:00,S012,Planta_2,93.77,0.53
57867,2026-02-09 00:06:00,S027,Planta_3,95.6,1.9
57874,2026-02-09 00:06:00,S034,Planta_4,86.89,3.12
57875,2026-02-09 00:06:00,S035,Planta_4,85.1,4.17
57877,2026-02-09 00:06:00,S037,Planta_4,90.87,3.22
57925,2026-02-09 00:08:00,S005,Planta_1,86.1,4.32
57935,2026-02-09 00:08:00,S015,Planta_2,101.79,4.76
57944,2026-02-09 00:08:00,S024,Planta_3,86.35,5.17
57952,2026-02-09 00:08:00,S032,Planta_4,95.2,0.85
57973,2026-02-09 00:09:00,S013,Planta_2,85.38,2.22
57978,2026-02-09 00:09:00,S018,Planta_2,88.1,3.51
57998,2026-02-09 00:09:00,S038,Planta_4,91.61,2.3
57999,2026-02-09 00:09:00,S039,Planta_4,85.44,2.33
58004,2026-02-09 00:10:00,S004,Planta_1,102.38,0.71
58012,2026-02-09 00:10:00,S012,Planta_2,90.3,4.68
58018,2026-02-09 00:10:00,S018,Planta_2,94.24,5.03
58019,2026-02-09 00:10:00,S019,Planta_2,88.61,4.31
58022,2026-02-09 00:10:00,S022,Planta_3,90.12,4.44
58055,2026-02-09 00:11:00,S015,Planta_2,96.38,4.05
58065,2026-02-09 00:11:00,S025,Planta_3,86.18,4.1
58078,2026-02-09 00:11:00,S038,Planta_4,90.46,4.45
58085,2026-02-09 00:12:00,S005,Planta_1,90.8,4.41
58091,2026-02-09 00:12:00,S011,Planta_2,94.51,1.27
58100,2026-02-09 00:12:00,S020,Planta_2,86.17,4.49
58112,2026-02-09 00:12:00,S032,Planta_4,97.64,5.13
58118,2026-02-09 00:12:00,S038,Planta_4,97.23,1.89
58153,2026-02-09 00:13:00,S033,Planta_4,93.91,2.07
58184,2026-02-09 00:14:00,S024,Planta_3,85.1,5.27
58192,2026-02-09 00:14:00,S032,Planta_4,96.31,1.9
58208,2026-02-09 00:15:00,S008,Planta_1,92.46,4.95
58211,2026-02-09 00:15:00,S011,Planta_2,86.19,2.5
58214,2026-02-09 00:15:00,S014,Planta_2,101.1,1.96
58218,2026-02-09 00:15:00,S018,Planta_2,97.73,2.15
58221,2026-02-09 00:15:00,S021,Planta_3,98.91,2.42
58223,2026-02-09 00:15:00,S023,Planta_3,93.11,5.38
58225,2026-02-09 00:15:00,S025,Planta_3,90.21,2.19
58235,2026-02-09 00:15:00,S035,Planta_4,101.13,4.91
58285,2026-02-09 00:17:00,S005,Planta_1,103.22,0.79
58293,2026-02-09 00:17:00,S013,Planta_2,87.96,1.24
58299,2026-02-09 00:17:00,S019,Planta_2,94.39,4.29
58302,2026-02-09 00:17:00,S022,Planta_3,88.35,1.31
58321,2026-02-09 00:18:00,S001,Planta_1,102.24,0.76
58329,2026-02-09 00:18:00,S009,Planta_1,101.07,1.49
58364,2026-02-09 00:19:00,S004,Planta_1,97.35,4.67
58375,2026-02-09 00:19:00,S015,Planta_2,87.24,5.1
58377,2026-02-09 00:19:00,S017,Planta_2,103.34,1.64
58382,2026-02-09 00:19:00,S022,Planta_3,93.42,2.19
58384,2026-02-09 00:19:00,S024,Planta_3,87.05,1.4
58388,2026-02-09 00:19:00,S028,Planta_3,97.79,4.7
58393,2026-02-09 00:19:00,S033,Planta_4,89.27,5.21
58430,2026-02-09 00:20:00,S030,Planta_3,98.42,4.1
58436,2026-02-09 00:20:00,S036,Planta_4,91.28,2.48
58440,2026-02-09 00:20:00,S040,Planta_4,88.04,5.38
58442,2026-02-09 00:21:00,S002,Planta_1,87.58,1.37
58456,2026-02-09 00:21:00,S016,Planta_2,99.33,4.76
58466,2026-02-09 00:21:00,S026,Planta_3,95.69,2.8
58475,2026-02-09 00:21:00,S035,Planta_4,90.02,5.49
58484,2026-02-09 00:22:00,S004,Planta_1,102.81,1.83
58499,2026-02-09 00:22:00,S019,Planta_2,102.31,4.0
58511,2026-02-09 00:22:00,S031,Planta_4,94.1,3.24
58521,2026-02-09 00:23:00,S001,Planta_1,86.43,1.79
58534,2026-02-09 00:23:00,S014,Planta_2,91.9,3.05
58546,2026-02-09 00:23:00,S026,Planta_3,87.35,3.26
58555,2026-02-09 00:23:00,S035,Planta_4,100.58,3.01
58562,2026-02-09 00:24:00,S002,Planta_1,90.04,2.19
58602,2026-02-09 00:25:00,S002,Planta_1,92.92,1.46
58607,2026-02-09 00:25:00,S007,Planta_1,91.64,4.12
58616,2026-02-09 00:25:00,S016,Planta_2,87.27,3.94
58628,2026-02-09 00:25:00,S028,Planta_3,89.73,5.23
58650,2026-02-09 00:26:00,S010,Planta_1,94.7,1.18
58669,2026-02-09 00:26:00,S029,Planta_3,100.8,4.48
58670,2026-02-09 00:26:00,S030,Planta_3,98.59,2.06
58685,2026-02-09 00:27:00,S005,Planta_1,93.2,3.39
58712,2026-02-09 00:27:00,S032,Planta_4,98.74,4.42
58727,2026-02-09 00:28:00,S007,Planta_1,93.53,1.99
58730,2026-02-09 00:28:00,S010,Planta_1,85.58,3.35
58742,2026-02-09 00:28:00,S022,Planta_3,86.11,2.91
58767,2026-02-09 00:29:00,S007,Planta_1,91.27,4.25
58769,2026-02-09 00:29:00,S009,Planta_1,90.17,1.42
58787,2026-02-09 00:29:00,S027,Planta_3,91.9,1.86
58798,2026-02-09 00:29:00,S038,Planta_4,104.69,3.3
58816,2026-02-09 00:30:00,S016,Planta_2,88.78,4.18
58824,2026-02-09 00:30:00,S024,Planta_3,100.91,3.59
58825,2026-02-09 00:30:00,S025,Planta_3,86.15,1.2
58844,2026-02-09 00:31:00,S004,Planta_1,99.51,3.14
58870,2026-02-09 00:31:00,S030,Planta_3,98.89,2.09
58885,2026-02-09 00:32:00,S005,Planta_1,86.49,5.0
58889,2026-02-09 00:32:00,S009,Planta_1,104.23,2.11
58896,2026-02-09 00:32:00,S016,Planta_2,100.73,2.65
58921,2026-02-09 00:33:00,S001,Planta_1,96.75,5.25
58924,2026-02-09 00:33:00,S004,Planta_1,97.78,3.46
58927,2026-02-09 00:33:00,S007,Planta_1,96.85,2.38
58938,2026-02-09 00:33:00,S018,Planta_2,104.38,2.92
58968,2026-02-09 00:34:00,S008,Planta_1,91.75,1.9
58982,2026-02-09 00:34:00,S022,Planta_3,94.05,4.58
58983,2026-02-09 00:34:00,S023,Planta_3,101.08,4.45
59005,2026-02-09 00:35:00,S005,Planta_1,100.37,3.45
59008,2026-02-09 00:35:00,S008,Planta_1,90.89,4.54
59031,2026-02-09 00:35:00,S031,Planta_4,100.69,1.38
59032,2026-02-09 00:35:00,S032,Planta_4,100.82,3.83
59033,2026-02-09 00:35:00,S033,Planta_4,103.89,5.4
59040,2026-02-09 00:35:00,S040,Planta_4,96.69,4.16
59041,2026-02-09 00:36:00,S001,Planta_1,94.89,2.22
59057,2026-02-09 00:36:00,S017,Planta_2,86.21,4.19
59060,2026-02-09 00:36:00,S020,Planta_2,85.73,4.24
59063,2026-02-09 00:36:00,S023,Planta_3,85.91,4.37
59086,2026-02-09 00:37:00,S006,Planta_1,99.07,3.73
59091,2026-02-09 00:37:00,S011,Planta_2,99.57,5.01
59112,2026-02-09 00:37:00,S032,Planta_4,89.0,4.59
59116,2026-02-09 00:37:00,S036,Planta_4,93.79,2.46
59117,2026-02-09 00:37:00,S037,Planta_4,88.34,1.83
59130,2026-02-09 00:38:00,S010,Planta_1,104.52,5.09
59152,2026-02-09 00:38:00,S032,Planta_4,92.41,4.42
59162,2026-02-09 00:39:00,S002,Planta_1,101.32,1.57
59167,2026-02-09 00:39:00,S007,Planta_1,89.68,1.16
59182,2026-02-09 00:39:00,S022,Planta_3,92.39,3.65
59187,2026-02-09 00:39:00,S027,Planta_3,99.88,2.47
59199,2026-02-09 00:39:00,S039,Planta_4,102.71,2.24
59209,2026-02-09 00:40:00,S009,Planta_1,88.5,3.1
59211,2026-02-09 00:40:00,S011,Planta_2,96.87,4.32
59216,2026-02-09 00:40:00,S016,Planta_2,102.17,3.09
59238,2026-02-09 00:40:00,S038,Planta_4,104.95,1.55
59247,2026-02-09 00:41:00,S007,Planta_1,89.43,0.58
59248,2026-02-09 00:41:00,S008,Planta_1,100.15,3.27
59276,2026-02-09 00:41:00,S036,Planta_4,89.94,1.1
59297,2026-02-09 00:42:00,S017,Planta_2,90.75,2.19
59305,2026-02-09 00:42:00,S025,Planta_3,86.61,5.23
59306,2026-02-09 00:42:00,S026,Planta_3,93.49,3.31
59308,2026-02-09 00:42:00,S028,Planta_3,97.9,5.0
59309,2026-02-09 00:42:00,S029,Planta_3,89.52,3.63
59322,2026-02-09 00:43:00,S002,Planta_1,102.31,3.6
59355,2026-02-09 00:43:00,S035,Planta_4,101.52,4.35
59363,2026-02-09 00:44:00,S003,Planta_1,87.63,5.27
59367,2026-02-09 00:44:00,S007,Planta_1,89.67,4.02
59370,2026-02-09 00:44:00,S010,Planta_1,98.87,0.9
59380,2026-02-09 00:44:00,S020,Planta_2,88.46,3.2
59409,2026-02-09 00:45:00,S009,Planta_1,94.49,3.23
59430,2026-02-09 00:45:00,S030,Planta_3,89.77,2.41
59467,2026-02-09 00:46:00,S027,Planta_3,95.46,3.54
59484,2026-02-09 00:47:00,S004,Planta_1,95.13,3.64
59495,2026-02-09 00:47:00,S015,Planta_2,96.68,3.61
59499,2026-02-09 00:47:00,S019,Planta_2,99.22,1.12
59539,2026-02-09 00:48:00,S019,Planta_2,89.37,1.73
59567,2026-02-09 00:49:00,S007,Planta_1,89.68,2.16
59597,2026-02-09 00:49:00,S037,Planta_4,93.3,5.16
59600,2026-02-09 00:49:00,S040,Planta_4,104.14,4.5
59610,2026-02-09 00:50:00,S010,Planta_1,88.62,1.52
59621,2026-02-09 00:50:00,S021,Planta_3,97.08,0.56
59651,2026-02-09 00:51:00,S011,Planta_2,100.1,2.06
59687,2026-02-09 00:52:00,S007,Planta_1,91.82,3.02
59697,2026-02-09 00:52:00,S017,Planta_2,100.78,0.64
59720,2026-02-09 00:52:00,S040,Planta_4,93.63,5.4
59741,2026-02-09 00:53:00,S021,Planta_3,94.9,4.9
59757,2026-02-09 00:53:00,S037,Planta_4,91.49,5.2
59762,2026-02-09 00:54:00,S002,Planta_1,91.93,1.44
59770,2026-02-09 00:54:00,S010,Planta_1,88.23,4.65
59779,2026-02-09 00:54:00,S019,Planta_2,89.09,5.23
59816,2026-02-09 00:55:00,S016,Planta_2,96.0,1.21
59860,2026-02-09 00:56:00,S020,Planta_2,94.96,3.93
59881,2026-02-09 00:57:00,S001,Planta_1,93.79,2.29
59942,2026-02-09 00:58:00,S022,Planta_3,101.95,0.61
59955,2026-02-09 00:58:00,S035,Planta_4,92.28,4.98
59963,2026-02-09 00:59:00,S003,Planta_1,102.17,3.75
59973,2026-02-09 00:59:00,S013,Planta_2,103.17,3.0
60030,2026-02-09 01:00:00,S030,Planta_3,89.76,1.9
60033,2026-02-09 01:00:00,S033,Planta_4,101.27,1.85
60042,2026-02-09 01:01:00,S002,Planta_1,101.36,1.29
60056,2026-02-09 01:01:00,S016,Planta_2,92.43,1.83
60078,2026-02-09 01:01:00,S038,Planta_4,102.73,2.22
60081,2026-02-09 01:02:00,S001,Planta_1,94.27,3.33
60086,2026-02-09 01:02:00,S006,Planta_1,90.94,5.43
60092,2026-02-09 01:02:00,S012,Planta_2,93.25,3.82
60100,2026-02-09 01:02:00,S020,Planta_2,85.31,0.58
60103,2026-02-09 01:02:00,S023,Planta_3,104.86,4.42
60113,2026-02-09 01:02:00,S033,Planta_4,98.2,2.03
60116,2026-02-09 01:02:00,S036,Planta_4,86.95,1.5
60162,2026-02-09 01:04:00,S002,Planta_1,98.64,3.58
60167,2026-02-09 01:04:00,S007,Planta_1,91.67,1.0
60177,2026-02-09 01:04:00,S017,Planta_2,101.14,4.51
60178,2026-02-09 01:04:00,S018,Planta_2,95.8,5.49
60188,2026-02-09 01:04:00,S028,Planta_3,102.49,0.69
60190,2026-02-09 01:04:00,S030,Planta_3,90.15,2.09
60194,2026-02-09 01:04:00,S034,Planta_4,91.1,4.73
60244,2026-02-09 01:06:00,S004,Planta_1,89.19,4.74
60253,2026-02-09 01:06:00,S013,Planta_2,85.32,2.78
60261,2026-02-09 01:06:00,S021,Planta_3,91.17,3.61
60272,2026-02-09 01:06:00,S032,Planta_4,90.07,4.47
60290,2026-02-09 01:07:00,S010,Planta_1,86.27,5.15
60301,2026-02-09 01:07:00,S021,Planta_3,89.19,2.68
60319,2026-02-09 01:07:00,S039,Planta_4,95.15,2.2
60327,2026-02-09 01:08:00,S007,Planta_1,100.12,0.97
60341,2026-02-09 01:08:00,S021,Planta_3,104.54,4.95
60349,2026-02-09 01:08:00,S029,Planta_3,93.13,2.86
60378,2026-02-09 01:09:00,S018,Planta_2,90.35,2.24
60382,2026-02-09 01:09:00,S022,Planta_3,86.87,4.37
60387,2026-02-09 01:09:00,S027,Planta_3,85.05,0.53
60406,2026-02-09 01:10:00,S006,Planta_1,93.02,0.62
60417,2026-02-09 01:10:00,S017,Planta_2,90.89,3.06
60418,2026-02-09 01:10:00,S018,Planta_2,97.98,2.45
60450,2026-02-09 01:11:00,S010,Planta_1,100.9,5.11
60474,2026-02-09 01:11:00,S034,Planta_4,90.11,1.56
60501,2026-02-09 01:12:00,S021,Planta_3,91.03,2.4
60560,2026-02-09 01:13:00,S040,Planta_4,103.87,2.32
60628,2026-02-09 01:15:00,S028,Planta_3,94.02,4.92
60636,2026-02-09 01:15:00,S036,Planta_4,97.39,1.96
60637,2026-02-09 01:15:00,S037,Planta_4,85.36,4.33
60642,2026-02-09 01:16:00,S002,Planta_1,87.75,3.32
60678,2026-02-09 01:16:00,S038,Planta_4,87.13,3.29
60709,2026-02-09 01:17:00,S029,Planta_3,93.08,2.94
60727,2026-02-09 01:18:00,S007,Planta_1,86.06,2.34
60739,2026-02-09 01:18:00,S019,Planta_2,104.88,0.58
60765,2026-02-09 01:19:00,S005,Planta_1,85.44,4.04
60766,2026-02-09 01:19:00,S006,Planta_1,94.18,0.82
60793,2026-02-09 01:19:00,S033,Planta_4,99.28,3.05
60798,2026-02-09 01:19:00,S038,Planta_4,86.94,4.32
60811,2026-02-09 01:20:00,S011,Planta_2,98.55,5.13
60852,2026-02-09 01:21:00,S012,Planta_2,99.31,5.01
60859,2026-02-09 01:21:00,S019,Planta_2,85.14,2.65
60891,2026-02-09 01:22:00,S011,Planta_2,103.03,1.76
60905,2026-02-09 01:22:00,S025,Planta_3,89.19,2.89
60946,2026-02-09 01:23:00,S026,Planta_3,94.29,2.26
60970,2026-02-09 01:24:00,S010,Planta_1,102.15,3.32
61000,2026-02-09 01:24:00,S040,Planta_4,99.55,1.3
61007,2026-02-09 01:25:00,S007,Planta_1,95.53,1.46
61047,2026-02-09 01:26:00,S007,Planta_1,85.73,3.65
61048,2026-02-09 01:26:00,S008,Planta_1,89.07,1.96
61049,2026-02-09 01:26:00,S009,Planta_1,98.99,1.36
61074,2026-02-09 01:26:00,S034,Planta_4,104.36,2.62
61077,2026-02-09 01:26:00,S037,Planta_4,96.74,5.25
61085,2026-02-09 01:27:00,S005,Planta_1,104.54,3.81
61086,2026-02-09 01:27:00,S006,Planta_1,104.52,1.05
61147,2026-02-09 01:28:00,S027,Planta_3,93.96,2.04
61155,2026-02-09 01:28:00,S035,Planta_4,88.1,3.71
61166,2026-02-09 01:29:00,S006,Planta_1,103.46,2.54
61168,2026-02-09 01:29:00,S008,Planta_1,91.04,2.62
61185,2026-02-09 01:29:00,S025,Planta_3,85.08,2.24
61194,2026-02-09 01:29:00,S034,Planta_4,85.57,4.09
61235,2026-02-09 01:30:00,S035,Planta_4,93.83,3.13
61262,2026-02-09 01:31:00,S022,Planta_3,86.5,5.19
61293,2026-02-09 01:32:00,S013,Planta_2,104.73,2.03
61315,2026-02-09 01:32:00,S035,Planta_4,95.99,1.45
61322,2026-02-09 01:33:00,S002,Planta_1,98.84,1.22
61323,2026-02-09 01:33:00,S003,Planta_1,99.79,4.97
61355,2026-02-09 01:33:00,S035,Planta_4,103.5,2.06
61393,2026-02-09 01:34:00,S033,Planta_4,98.05,2.31
61397,2026-02-09 01:34:00,S037,Planta_4,91.93,2.76
61411,2026-02-09 01:35:00,S011,Planta_2,95.78,1.53
61415,2026-02-09 01:35:00,S015,Planta_2,96.59,2.28
61474,2026-02-09 01:36:00,S034,Planta_4,93.14,2.38
61479,2026-02-09 01:36:00,S039,Planta_4,85.48,3.35
61481,2026-02-09 01:37:00,S001,Planta_1,85.29,3.35
61509,2026-02-09 01:37:00,S029,Planta_3,102.97,1.96
61527,2026-02-09 01:38:00,S007,Planta_1,88.03,2.85
61528,2026-02-09 01:38:00,S008,Planta_1,95.44,3.35
61564,2026-02-09 01:39:00,S004,Planta_1,94.42,3.09
61595,2026-02-09 01:39:00,S035,Planta_4,92.66,1.52
61624,2026-02-09 01:40:00,S024,Planta_3,101.57,5.26
61660,2026-02-09 01:41:00,S020,Planta_2,94.8,3.03
61666,2026-02-09 01:41:00,S026,Planta_3,87.74,5.32
61675,2026-02-09 01:41:00,S035,Planta_4,92.56,4.18
61722,2026-02-09 01:43:00,S002,Planta_1,87.4,1.52
61744,2026-02-09 01:43:00,S024,Planta_3,100.69,2.13
61750,2026-02-09 01:43:00,S030,Planta_3,96.05,1.01
61754,2026-02-09 01:43:00,S034,Planta_4,101.96,2.51
61766,2026-02-09 01:44:00,S006,Planta_1,99.7,2.55
61794,2026-02-09 01:44:00,S034,Planta_4,97.07,1.98
61800,2026-02-09 01:44:00,S040,Planta_4,85.87,4.04
61802,2026-02-09 01:45:00,S002,Planta_1,92.11,0.56
61843,2026-02-09 01:46:00,S003,Planta_1,98.35,2.15
61862,2026-02-09 01:46:00,S022,Planta_3,87.25,2.43
61947,2026-02-09 01:48:00,S027,Planta_3,87.14,3.78
61997,2026-02-09 01:49:00,S037,Planta_4,104.95,0.98
62014,2026-02-09 01:50:00,S014,Planta_2,97.6,3.44
62058,2026-02-09 01:51:00,S018,Planta_2,100.32,2.97
62083,2026-02-09 01:52:00,S003,Planta_1,93.56,3.64
62099,2026-02-09 01:52:00,S019,Planta_2,100.77,3.75
62104,2026-02-09 01:52:00,S024,Planta_3,93.91,4.68
62118,2026-02-09 01:52:00,S038,Planta_4,91.58,4.39
62121,2026-02-09 01:53:00,S001,Planta_1,103.21,3.37
62125,2026-02-09 01:53:00,S005,Planta_1,94.67,0.55
62129,2026-02-09 01:53:00,S009,Planta_1,88.27,2.2
62139,2026-02-09 01:53:00,S019,Planta_2,100.8,4.74
62166,2026-02-09 01:54:00,S006,Planta_1,100.47,2.69
62190,2026-02-09 01:54:00,S030,Planta_3,96.38,3.79
62207,2026-02-09 01:55:00,S007,Planta_1,102.93,3.28
62236,2026-02-09 01:55:00,S036,Planta_4,86.69,5.45
62244,2026-02-09 01:56:00,S004,Planta_1,98.78,5.39
62256,2026-02-09 01:56:00,S016,Planta_2,98.73,3.1
62264,2026-02-09 01:56:00,S024,Planta_3,99.77,3.18
62274,2026-02-09 01:56:00,S034,Planta_4,99.13,3.06
62312,2026-02-09 01:57:00,S032,Planta_4,86.77,3.24
62314,2026-02-09 01:57:00,S034,Planta_4,93.11,5.1
62331,2026-02-09 01:58:00,S011,Planta_2,101.74,4.03
62339,2026-02-09 01:58:00,S019,Planta_2,85.76,1.77
62340,2026-02-09 01:58:00,S020,Planta_2,90.95,3.6
62387,2026-02-09 01:59:00,S027,Planta_3,86.3,2.79
62391,2026-02-09 01:59:00,S031,Planta_4,102.92,1.64
62413,2026-02-09 02:00:00,S013,Planta_2,86.78,1.5
62435,2026-02-09 02:00:00,S035,Planta_4,99.8,3.25
62436,2026-02-09 02:00:00,S036,Planta_4,87.76,1.74
62450,2026-02-09 02:01:00,S010,Planta_1,91.64,4.7
62480,2026-02-09 02:01:00,S040,Planta_4,85.14,1.97
62482,2026-02-09 02:02:00,S002,Planta_1,102.08,1.65
62485,2026-02-09 02:02:00,S005,Planta_1,98.42,2.77
62486,2026-02-09 02:02:00,S006,Planta_1,93.09,0.97
62488,2026-02-09 02:02:00,S008,Planta_1,87.76,2.74
62499,2026-02-09 02:02:00,S019,Planta_2,85.23,0.63
62500,2026-02-09 02:02:00,S020,Planta_2,101.08,2.55
62509,2026-02-09 02:02:00,S029,Planta_3,88.6,1.68
62539,2026-02-09 02:03:00,S019,Planta_2,87.89,3.52
62567,2026-02-09 02:04:00,S007,Planta_1,98.75,0.58
62606,2026-02-09 02:05:00,S006,Planta_1,94.39,4.94
62608,2026-02-09 02:05:00,S008,Planta_1,103.03,2.31
62622,2026-02-09 02:05:00,S022,Planta_3,86.34,3.01
62623,2026-02-09 02:05:00,S023,Planta_3,102.79,4.87
62629,2026-02-09 02:05:00,S029,Planta_3,89.55,1.05
62707,2026-02-09 02:07:00,S027,Planta_3,98.99,1.67
62739,2026-02-09 02:08:00,S019,Planta_2,99.54,2.25
62757,2026-02-09 02:08:00,S037,Planta_4,98.11,0.76
62774,2026-02-09 02:09:00,S014,Planta_2,103.62,3.44
62780,2026-02-09 02:09:00,S020,Planta_2,86.56,0.79
62786,2026-02-09 02:09:00,S026,Planta_3,95.13,4.39
62790,2026-02-09 02:09:00,S030,Planta_3,95.07,4.67
62819,2026-02-09 02:10:00,S019,Planta_2,102.95,0.67
62824,2026-02-09 02:10:00,S024,Planta_3,99.29,4.6
62833,2026-02-09 02:10:00,S033,Planta_4,99.35,4.28
62854,2026-02-09 02:11:00,S014,Planta_2,87.38,1.99
62872,2026-02-09 02:11:00,S032,Planta_4,93.87,3.73
62903,2026-02-09 02:12:00,S023,Planta_3,98.75,5.13
62904,2026-02-09 02:12:00,S024,Planta_3,87.45,4.35
62906,2026-02-09 02:12:00,S026,Planta_3,86.83,3.02
62912,2026-02-09 02:12:00,S032,Planta_4,102.86,3.7
62935,2026-02-09 02:13:00,S015,Planta_2,89.93,4.76
62946,2026-02-09 02:13:00,S026,Planta_3,102.21,1.34
63011,2026-02-09 02:15:00,S011,Planta_2,94.76,4.58
63029,2026-02-09 02:15:00,S029,Planta_3,85.04,4.72
63042,2026-02-09 02:16:00,S002,Planta_1,104.98,3.32
63052,2026-02-09 02:16:00,S012,Planta_2,101.68,3.31
63056,2026-02-09 02:16:00,S016,Planta_2,88.27,0.63
63073,2026-02-09 02:16:00,S033,Planta_4,88.39,2.24
63095,2026-02-09 02:17:00,S015,Planta_2,97.24,3.31
63107,2026-02-09 02:17:00,S027,Planta_3,93.93,4.03
63121,2026-02-09 02:18:00,S001,Planta_1,99.65,1.32
63136,2026-02-09 02:18:00,S016,Planta_2,92.16,3.52
63142,2026-02-09 02:18:00,S022,Planta_3,104.53,1.54
63150,2026-02-09 02:18:00,S030,Planta_3,85.65,2.42
63153,2026-02-09 02:18:00,S033,Planta_4,94.2,1.92
63155,2026-02-09 02:18:00,S035,Planta_4,95.84,2.99
63167,2026-02-09 02:19:00,S007,Planta_1,93.74,2.55
63179,2026-02-09 02:19:00,S019,Planta_2,92.0,4.19
63199,2026-02-09 02:19:00,S039,Planta_4,94.15,5.26
63250,2026-02-09 02:21:00,S010,Planta_1,103.86,4.89
63251,2026-02-09 02:21:00,S011,Planta_2,85.1,1.51
63255,2026-02-09 02:21:00,S015,Planta_2,87.28,4.8
63277,2026-02-09 02:21:00,S037,Planta_4,95.1,3.33
63279,2026-02-09 02:21:00,S039,Planta_4,102.97,3.62
63286,2026-02-09 02:22:00,S006,Planta_1,103.58,1.27
63300,2026-02-09 02:22:00,S020,Planta_2,97.91,5.12
63305,2026-02-09 02:22:00,S025,Planta_3,102.48,0.99
63317,2026-02-09 02:22:00,S037,Planta_4,90.08,4.76
63340,2026-02-09 02:23:00,S020,Planta_2,98.55,5.13
63364,2026-02-09 02:24:00,S004,Planta_1,93.91,5.24
63393,2026-02-09 02:24:00,S033,Planta_4,93.19,3.92
63411,2026-02-09 02:25:00,S011,Planta_2,95.53,5.14
63459,2026-02-09 02:26:00,S019,Planta_2,97.13,0.7
63460,2026-02-09 02:26:00,S020,Planta_2,99.36,3.13
63462,2026-02-09 02:26:00,S022,Planta_3,89.7,3.23
63471,2026-02-09 02:26:00,S031,Planta_4,99.96,1.61
63494,2026-02-09 02:27:00,S014,Planta_2,102.85,4.74
63505,2026-02-09 02:27:00,S025,Planta_3,104.89,4.11
63508,2026-02-09 02:27:00,S028,Planta_3,102.56,3.91
63558,2026-02-09 02:28:00,S038,Planta_4,87.83,1.1
63567,2026-02-09 02:29:00,S007,Planta_1,91.2,0.65
63630,2026-02-09 02:30:00,S030,Planta_3,98.01,1.19
63661,2026-02-09 02:31:00,S021,Planta_3,87.99,4.86
63662,2026-02-09 02:31:00,S022,Planta_3,90.66,2.48
63663,2026-02-09 02:31:00,S023,Planta_3,88.11,5.09
63674,2026-02-09 02:31:00,S034,Planta_4,95.96,3.66
63689,2026-02-09 02:32:00,S009,Planta_1,100.71,3.04
63712,2026-02-09 02:32:00,S032,Planta_4,97.57,5.32
63724,2026-02-09 02:33:00,S004,Planta_1,85.65,2.05
63733,2026-02-09 02:33:00,S013,Planta_2,96.99,1.53
63738,2026-02-09 02:33:00,S018,Planta_2,94.25,5.37
63814,2026-02-09 02:35:00,S014,Planta_2,98.98,2.02
63848,2026-02-09 02:36:00,S008,Planta_1,99.21,3.8
63859,2026-02-09 02:36:00,S019,Planta_2,99.72,3.27
63869,2026-02-09 02:36:00,S029,Planta_3,88.81,3.19
63886,2026-02-09 02:37:00,S006,Planta_1,91.87,1.96
63897,2026-02-09 02:37:00,S017,Planta_2,91.75,4.53
63916,2026-02-09 02:37:00,S036,Planta_4,86.79,2.17
63922,2026-02-09 02:38:00,S002,Planta_1,100.16,1.64
63932,2026-02-09 02:38:00,S012,Planta_2,103.27,4.17
63952,2026-02-09 02:38:00,S032,Planta_4,99.13,0.52
63970,2026-02-09 02:39:00,S010,Planta_1,95.86,2.1
64008,2026-02-09 02:40:00,S008,Planta_1,92.3,1.36
64023,2026-02-09 02:40:00,S023,Planta_3,88.48,3.92
64026,2026-02-09 02:40:00,S026,Planta_3,88.81,1.89
64048,2026-02-09 02:41:00,S008,Planta_1,96.23,1.47
64051,2026-02-09 02:41:00,S011,Planta_2,104.53,2.95
64066,2026-02-09 02:41:00,S026,Planta_3,100.83,0.98
64083,2026-02-09 02:42:00,S003,Planta_1,103.41,1.26
64092,2026-02-09 02:42:00,S012,Planta_2,98.49,3.88
64111,2026-02-09 02:42:00,S031,Planta_4,87.62,0.53
64150,2026-02-09 02:43:00,S030,Planta_3,102.38,5.44
64157,2026-02-09 02:43:00,S037,Planta_4,87.76,3.52
64172,2026-02-09 02:44:00,S012,Planta_2,102.88,4.22
64180,2026-02-09 02:44:00,S020,Planta_2,95.83,3.21
64188,2026-02-09 02:44:00,S028,Planta_3,96.58,5.35
64192,2026-02-09 02:44:00,S032,Planta_4,95.26,3.86
64194,2026-02-09 02:44:00,S034,Planta_4,103.33,3.47
64197,2026-02-09 02:44:00,S037,Planta_4,95.28,2.17
64200,2026-02-09 02:44:00,S040,Planta_4,89.72,2.83
64295,2026-02-09 02:47:00,S015,Planta_2,104.14,3.16
64302,2026-02-09 02:47:00,S022,Planta_3,93.56,5.4
64316,2026-02-09 02:47:00,S036,Planta_4,90.5,3.09
64319,2026-02-09 02:47:00,S039,Planta_4,88.16,1.2
64325,2026-02-09 02:48:00,S005,Planta_1,95.26,1.23
64360,2026-02-09 02:48:00,S040,Planta_4,86.62,1.63
64379,2026-02-09 02:49:00,S019,Planta_2,85.6,5.15
64401,2026-02-09 02:50:00,S001,Planta_1,88.1,4.56
64413,2026-02-09 02:50:00,S013,Planta_2,91.96,2.64
64418,2026-02-09 02:50:00,S018,Planta_2,103.48,4.2
64428,2026-02-09 02:50:00,S028,Planta_3,88.43,3.08
64458,2026-02-09 02:51:00,S018,Planta_2,93.05,4.21
64462,2026-02-09 02:51:00,S022,Planta_3,102.98,1.59
64516,2026-02-09 02:52:00,S036,Planta_4,104.0,4.98
64530,2026-02-09 02:53:00,S010,Planta_1,101.13,3.62
64564,2026-02-09 02:54:00,S004,Planta_1,100.75,5.15
64568,2026-02-09 02:54:00,S008,Planta_1,100.33,3.54
64573,2026-02-09 02:54:00,S013,Planta_2,92.67,1.25
64579,2026-02-09 02:54:00,S019,Planta_2,95.72,4.2
64580,2026-02-09 02:54:00,S020,Planta_2,98.48,5.23
64605,2026-02-09 02:55:00,S005,Planta_1,98.35,3.71
64619,2026-02-09 02:55:00,S019,Planta_2,87.85,5.3
64621,2026-02-09 02:55:00,S021,Planta_3,102.88,0.84
64626,2026-02-09 02:55:00,S026,Planta_3,95.85,2.01
64662,2026-02-09 02:56:00,S022,Planta_3,94.98,4.57
64716,2026-02-09 02:57:00,S036,Planta_4,104.24,2.07
64726,2026-02-09 02:58:00,S006,Planta_1,99.61,2.88
64739,2026-02-09 02:58:00,S019,Planta_2,92.49,4.48
64745,2026-02-09 02:58:00,S025,Planta_3,88.46,4.33
64787,2026-02-09 02:59:00,S027,Planta_3,103.58,1.47
64791,2026-02-09 02:59:00,S031,Planta_4,97.45,1.29
64817,2026-02-09 03:00:00,S017,Planta_2,96.16,3.74
64819,2026-02-09 03:00:00,S019,Planta_2,102.98,3.11
64822,2026-02-09 03:00:00,S022,Planta_3,88.12,1.21
64826,2026-02-09 03:00:00,S026,Planta_3,94.13,0.87
64829,2026-02-09 03:00:00,S029,Planta_3,95.01,2.3
64832,2026-02-09 03:00:00,S032,Planta_4,88.86,3.55
64833,2026-02-09 03:00:00,S033,Planta_4,103.46,2.1
64835,2026-02-09 03:00:00,S035,Planta_4,86.34,2.7
64851,2026-02-09 03:01:00,S011,Planta_2,92.0,4.38
64856,2026-02-09 03:01:00,S016,Planta_2,92.37,4.96
64867,2026-02-09 03:01:00,S027,Planta_3,89.63,2.78
64887,2026-02-09 03:02:00,S007,Planta_1,93.99,3.71
64889,2026-02-09 03:02:00,S009,Planta_1,95.98,1.19
64901,2026-02-09 03:02:00,S021,Planta_3,86.2,2.67
64913,2026-02-09 03:02:00,S033,Planta_4,91.05,1.75
64914,2026-02-09 03:02:00,S034,Planta_4,90.37,3.17
64928,2026-02-09 03:03:00,S008,Planta_1,90.11,1.69
64944,2026-02-09 03:03:00,S024,Planta_3,102.04,2.77
64952,2026-02-09 03:03:00,S032,Planta_4,104.17,1.57
64954,2026-02-09 03:03:00,S034,Planta_4,104.9,2.85
64960,2026-02-09 03:03:00,S040,Planta_4,97.67,3.73
64983,2026-02-09 03:04:00,S023,Planta_3,85.19,0.53
65006,2026-02-09 03:05:00,S006,Planta_1,99.51,5.26
65014,2026-02-09 03:05:00,S014,Planta_2,95.03,1.18
65052,2026-02-09 03:06:00,S012,Planta_2,88.09,0.86
65053,2026-02-09 03:06:00,S013,Planta_2,92.23,3.34
65071,2026-02-09 03:06:00,S031,Planta_4,90.74,1.47
65077,2026-02-09 03:06:00,S037,Planta_4,94.76,0.54
65097,2026-02-09 03:07:00,S017,Planta_2,91.24,1.09
65098,2026-02-09 03:07:00,S018,Planta_2,88.54,4.85
65099,2026-02-09 03:07:00,S019,Planta_2,98.72,2.45
65100,2026-02-09 03:07:00,S020,Planta_2,94.82,5.05
65106,2026-02-09 03:07:00,S026,Planta_3,103.74,3.11
65117,2026-02-09 03:07:00,S037,Planta_4,92.1,5.22
65124,2026-02-09 03:08:00,S004,Planta_1,102.88,0.96
65127,2026-02-09 03:08:00,S007,Planta_1,100.66,3.54
65131,2026-02-09 03:08:00,S011,Planta_2,87.96,2.56
65135,2026-02-09 03:08:00,S015,Planta_2,104.09,4.35
65163,2026-02-09 03:09:00,S003,Planta_1,85.9,2.42
65203,2026-02-09 03:10:00,S003,Planta_1,89.44,0.62
65212,2026-02-09 03:10:00,S012,Planta_2,92.27,4.01
65214,2026-02-09 03:10:00,S014,Planta_2,98.91,3.47
65227,2026-02-09 03:10:00,S027,Planta_3,99.92,1.55
65249,2026-02-09 03:11:00,S009,Planta_1,91.36,1.31
65264,2026-02-09 03:11:00,S024,Planta_3,95.1,2.88
65270,2026-02-09 03:11:00,S030,Planta_3,102.04,4.8
65281,2026-02-09 03:12:00,S001,Planta_1,95.52,5.26
65298,2026-02-09 03:12:00,S018,Planta_2,93.06,1.09
65320,2026-02-09 03:12:00,S040,Planta_4,89.83,4.47
65326,2026-02-09 03:13:00,S006,Planta_1,101.02,3.75
65328,2026-02-09 03:13:00,S008,Planta_1,90.29,1.75
65335,2026-02-09 03:13:00,S015,Planta_2,87.29,3.71
65350,2026-02-09 03:13:00,S030,Planta_3,100.84,5.38
65352,2026-02-09 03:13:00,S032,Planta_4,89.9,0.63
65367,2026-02-09 03:14:00,S007,Planta_1,92.45,2.21
65377,2026-02-09 03:14:00,S017,Planta_2,97.76,1.95
65393,2026-02-09 03:14:00,S033,Planta_4,98.64,5.02
65401,2026-02-09 03:15:00,S001,Planta_1,93.75,2.87
65423,2026-02-09 03:15:00,S023,Planta_3,95.68,4.8
65432,2026-02-09 03:15:00,S032,Planta_4,102.63,4.73
65436,2026-02-09 03:15:00,S036,Planta_4,88.26,3.09
65439,2026-02-09 03:15:00,S039,Planta_4,93.72,2.94
65461,2026-02-09 03:16:00,S021,Planta_3,85.38,3.55
65469,2026-02-09 03:16:00,S029,Planta_3,103.25,3.76
65477,2026-02-09 03:16:00,S037,Planta_4,98.08,0.93
65478,2026-02-09 03:16:00,S038,Planta_4,96.42,3.76
65506,2026-02-09 03:17:00,S026,Planta_3,92.3,5.44
65519,2026-02-09 03:17:00,S039,Planta_4,97.63,2.72
65533,2026-02-09 03:18:00,S013,Planta_2,96.87,1.69
65567,2026-02-09 03:19:00,S007,Planta_1,93.79,1.55
65580,2026-02-09 03:19:00,S020,Planta_2,104.93,0.89
65606,2026-02-09 03:20:00,S006,Planta_1,91.97,2.66
65607,2026-02-09 03:20:00,S007,Planta_1,102.73,2.59
65630,2026-02-09 03:20:00,S030,Planta_3,99.61,1.83
65639,2026-02-09 03:20:00,S039,Planta_4,103.97,5.27
65642,2026-02-09 03:21:00,S002,Planta_1,87.0,3.54
65646,2026-02-09 03:21:00,S006,Planta_1,100.89,4.63
65656,2026-02-09 03:21:00,S016,Planta_2,97.55,5.4
65670,2026-02-09 03:21:00,S030,Planta_3,96.41,0.85
65676,2026-02-09 03:21:00,S036,Planta_4,85.48,0.76
65699,2026-02-09 03:22:00,S019,Planta_2,92.33,0.81
65705,2026-02-09 03:22:00,S025,Planta_3,85.53,0.51
65752,2026-02-09 03:23:00,S032,Planta_4,93.09,0.56
65756,2026-02-09 03:23:00,S036,Planta_4,98.87,4.14
65757,2026-02-09 03:23:00,S037,Planta_4,104.72,4.57
65779,2026-02-09 03:24:00,S019,Planta_2,91.8,3.61
65787,2026-02-09 03:24:00,S027,Planta_3,96.58,1.47
65811,2026-02-09 03:25:00,S011,Planta_2,87.42,3.26
65823,2026-02-09 03:25:00,S023,Planta_3,103.19,2.02
65829,2026-02-09 03:25:00,S029,Planta_3,87.98,1.32
65860,2026-02-09 03:26:00,S020,Planta_2,104.53,0.54
65864,2026-02-09 03:26:00,S024,Planta_3,100.34,0.57
65875,2026-02-09 03:26:00,S035,Planta_4,93.47,5.19
65900,2026-02-09 03:27:00,S020,Planta_2,101.11,2.98
65907,2026-02-09 03:27:00,S027,Planta_3,95.82,1.85
65911,2026-02-09 03:27:00,S031,Planta_4,86.96,1.36
65919,2026-02-09 03:27:00,S039,Planta_4,103.93,2.35
65935,2026-02-09 03:28:00,S015,Planta_2,86.19,1.41
65950,2026-02-09 03:28:00,S030,Planta_3,85.81,0.52
65979,2026-02-09 03:29:00,S019,Planta_2,93.98,3.91
65985,2026-02-09 03:29:00,S025,Planta_3,86.49,4.49
66030,2026-02-09 03:30:00,S030,Planta_3,87.72,1.83
66077,2026-02-09 03:31:00,S037,Planta_4,85.6,3.1
66087,2026-02-09 03:32:00,S007,Planta_1,91.18,3.53
66116,2026-02-09 03:32:00,S036,Planta_4,97.05,2.64
66144,2026-02-09 03:33:00,S024,Planta_3,93.36,4.28
66191,2026-02-09 03:34:00,S031,Planta_4,92.41,4.17
66208,2026-02-09 03:35:00,S008,Planta_1,98.61,1.32
66211,2026-02-09 03:35:00,S011,Planta_2,94.51,3.87
66223,2026-02-09 03:35:00,S023,Planta_3,102.42,2.56
66230,2026-02-09 03:35:00,S030,Planta_3,98.99,5.41
66235,2026-02-09 03:35:00,S035,Planta_4,100.66,0.78
66251,2026-02-09 03:36:00,S011,Planta_2,97.89,2.02
66255,2026-02-09 03:36:00,S015,Planta_2,101.55,1.73
66263,2026-02-09 03:36:00,S023,Planta_3,95.88,3.73
66267,2026-02-09 03:36:00,S027,Planta_3,100.64,4.91
66268,2026-02-09 03:36:00,S028,Planta_3,94.0,2.11
66275,2026-02-09 03:36:00,S035,Planta_4,97.11,1.82
66283,2026-02-09 03:37:00,S003,Planta_1,87.49,1.78
66292,2026-02-09 03:37:00,S012,Planta_2,100.14,1.43
66314,2026-02-09 03:37:00,S034,Planta_4,95.73,2.0
66317,2026-02-09 03:37:00,S037,Planta_4,93.55,3.78
66327,2026-02-09 03:38:00,S007,Planta_1,103.71,1.97
66335,2026-02-09 03:38:00,S015,Planta_2,97.11,4.78
66347,2026-02-09 03:38:00,S027,Planta_3,103.96,0.76
66375,2026-02-09 03:39:00,S015,Planta_2,98.93,1.13
66391,2026-02-09 03:39:00,S031,Planta_4,99.75,0.58
66411,2026-02-09 03:40:00,S011,Planta_2,102.78,0.65
66435,2026-02-09 03:40:00,S035,Planta_4,92.85,4.06
66442,2026-02-09 03:41:00,S002,Planta_1,88.83,2.0
66445,2026-02-09 03:41:00,S005,Planta_1,87.42,4.71
66458,2026-02-09 03:41:00,S018,Planta_2,94.27,0.83
66462,2026-02-09 03:41:00,S022,Planta_3,87.86,2.22
66498,2026-02-09 03:42:00,S018,Planta_2,87.89,2.3
66504,2026-02-09 03:42:00,S024,Planta_3,88.67,4.1
66509,2026-02-09 03:42:00,S029,Planta_3,95.05,3.8
66526,2026-02-09 03:43:00,S006,Planta_1,91.28,4.47
66546,2026-02-09 03:43:00,S026,Planta_3,103.72,4.35
66575,2026-02-09 03:44:00,S015,Planta_2,90.36,3.01
66591,2026-02-09 03:44:00,S031,Planta_4,89.14,1.45
66605,2026-02-09 03:45:00,S005,Planta_1,85.48,4.75
66606,2026-02-09 03:45:00,S006,Planta_1,89.36,2.46
66618,2026-02-09 03:45:00,S018,Planta_2,104.89,3.53
66624,2026-02-09 03:45:00,S024,Planta_3,90.21,5.07
66625,2026-02-09 03:45:00,S025,Planta_3,85.64,1.11
66634,2026-02-09 03:45:00,S034,Planta_4,87.72,3.4
66654,2026-02-09 03:46:00,S014,Planta_2,93.46,4.55
66669,2026-02-09 03:46:00,S029,Planta_3,100.73,3.91
66673,2026-02-09 03:46:00,S033,Planta_4,103.96,1.43
66683,2026-02-09 03:47:00,S003,Planta_1,90.28,2.09
66687,2026-02-09 03:47:00,S007,Planta_1,92.9,2.62
66689,2026-02-09 03:47:00,S009,Planta_1,92.99,1.47
66698,2026-02-09 03:47:00,S018,Planta_2,104.74,4.74
66760,2026-02-09 03:48:00,S040,Planta_4,87.54,2.83
66770,2026-02-09 03:49:00,S010,Planta_1,89.53,1.72
66780,2026-02-09 03:49:00,S020,Planta_2,103.5,1.13
66810,2026-02-09 03:50:00,S010,Planta_1,94.6,0.8
66813,2026-02-09 03:50:00,S013,Planta_2,103.95,3.46
66837,2026-02-09 03:50:00,S037,Planta_4,101.96,4.98
66861,2026-02-09 03:51:00,S021,Planta_3,89.28,3.47
66878,2026-02-09 03:51:00,S038,Planta_4,94.45,1.76
66882,2026-02-09 03:52:00,S002,Planta_1,100.27,3.2
66904,2026-02-09 03:52:00,S024,Planta_3,85.61,5.08
66911,2026-02-09 03:52:00,S031,Planta_4,93.35,3.66
66913,2026-02-09 03:52:00,S033,Planta_4,91.77,4.78
66939,2026-02-09 03:53:00,S019,Planta_2,91.26,5.18
66953,2026-02-09 03:53:00,S033,Planta_4,94.08,5.13
66976,2026-02-09 03:54:00,S016,Planta_2,95.56,2.73
66986,2026-02-09 03:54:00,S026,Planta_3,103.19,2.05
66987,2026-02-09 03:54:00,S027,Planta_3,90.94,3.44
67001,2026-02-09 03:55:00,S001,Planta_1,101.64,2.69
67009,2026-02-09 03:55:00,S009,Planta_1,88.33,2.87
67010,2026-02-09 03:55:00,S010,Planta_1,101.67,1.26
67012,2026-02-09 03:55:00,S012,Planta_2,87.77,0.99
67032,2026-02-09 03:55:00,S032,Planta_4,93.87,4.07
67034,2026-02-09 03:55:00,S034,Planta_4,96.11,3.09
67035,2026-02-09 03:55:00,S035,Planta_4,88.68,3.77
67041,2026-02-09 03:56:00,S001,Planta_1,90.26,1.23
67055,2026-02-09 03:56:00,S015,Planta_2,91.92,1.64
67124,2026-02-09 03:58:00,S004,Planta_1,97.89,1.9
67130,2026-02-09 03:58:00,S010,Planta_1,102.87,4.89
67133,2026-02-09 03:58:00,S013,Planta_2,99.04,4.87
67138,2026-02-09 03:58:00,S018,Planta_2,86.46,2.76
67149,2026-02-09 03:58:00,S029,Planta_3,96.49,2.5
67173,2026-02-09 03:59:00,S013,Planta_2,104.96,2.16
67221,2026-02-09 04:00:00,S021,Planta_3,98.77,1.24
67236,2026-02-09 04:00:00,S036,Planta_4,95.44,3.6
67244,2026-02-09 04:01:00,S004,Planta_1,95.6,2.76
67252,2026-02-09 04:01:00,S012,Planta_2,92.69,4.68
67256,2026-02-09 04:01:00,S016,Planta_2,104.51,0.83
67258,2026-02-09 04:01:00,S018,Planta_2,92.95,1.41
67264,2026-02-09 04:01:00,S024,Planta_3,91.77,4.75
67265,2026-02-09 04:01:00,S025,Planta_3,100.92,3.1
67318,2026-02-09 04:02:00,S038,Planta_4,101.43,3.78
67341,2026-02-09 04:03:00,S021,Planta_3,96.44,0.63
67342,2026-02-09 04:03:00,S022,Planta_3,91.69,2.54
67354,2026-02-09 04:03:00,S034,Planta_4,89.19,4.69
67359,2026-02-09 04:03:00,S039,Planta_4,90.49,3.88
67389,2026-02-09 04:04:00,S029,Planta_3,99.67,5.06
67434,2026-02-09 04:05:00,S034,Planta_4,104.83,1.94
67459,2026-02-09 04:06:00,S019,Planta_2,96.63,2.39
67468,2026-02-09 04:06:00,S028,Planta_3,98.47,3.64
67483,2026-02-09 04:07:00,S003,Planta_1,86.86,0.76
67487,2026-02-09 04:07:00,S007,Planta_1,98.69,4.75
67500,2026-02-09 04:07:00,S020,Planta_2,97.04,1.4
67531,2026-02-09 04:08:00,S011,Planta_2,96.0,3.36
67537,2026-02-09 04:08:00,S017,Planta_2,93.02,3.75
67544,2026-02-09 04:08:00,S024,Planta_3,92.82,3.23
67549,2026-02-09 04:08:00,S029,Planta_3,103.91,3.81
67556,2026-02-09 04:08:00,S036,Planta_4,103.95,2.71
67568,2026-02-09 04:09:00,S008,Planta_1,89.82,0.54
67574,2026-02-09 04:09:00,S014,Planta_2,85.51,3.96
67575,2026-02-09 04:09:00,S015,Planta_2,89.95,5.24
67587,2026-02-09 04:09:00,S027,Planta_3,95.28,4.46
67588,2026-02-09 04:09:00,S028,Planta_3,89.59,3.31
67621,2026-02-09 04:10:00,S021,Planta_3,102.41,2.25
67622,2026-02-09 04:10:00,S022,Planta_3,95.64,4.4
67626,2026-02-09 04:10:00,S026,Planta_3,92.04,4.43
67638,2026-02-09 04:10:00,S038,Planta_4,95.71,2.01
67661,2026-02-09 04:11:00,S021,Planta_3,101.93,2.26
67681,2026-02-09 04:12:00,S001,Planta_1,104.86,2.28
67692,2026-02-09 04:12:00,S012,Planta_2,94.74,4.02
67694,2026-02-09 04:12:00,S014,Planta_2,95.74,2.02
67696,2026-02-09 04:12:00,S016,Planta_2,103.0,2.24
67730,2026-02-09 04:13:00,S010,Planta_1,100.9,4.79
67742,2026-02-09 04:13:00,S022,Planta_3,86.06,4.96
67763,2026-02-09 04:14:00,S003,Planta_1,99.21,3.89
67792,2026-02-09 04:14:00,S032,Planta_4,87.75,0.98
67802,2026-02-09 04:15:00,S002,Planta_1,103.4,3.32
67856,2026-02-09 04:16:00,S016,Planta_2,103.29,1.59
67867,2026-02-09 04:16:00,S027,Planta_3,88.12,1.52
67869,2026-02-09 04:16:00,S029,Planta_3,98.69,4.74
67877,2026-02-09 04:16:00,S037,Planta_4,89.45,2.59
67889,2026-02-09 04:17:00,S009,Planta_1,96.86,3.92
67899,2026-02-09 04:17:00,S019,Planta_2,87.57,3.74
67910,2026-02-09 04:17:00,S030,Planta_3,99.95,3.83
67950,2026-02-09 04:18:00,S030,Planta_3,90.36,3.12
67977,2026-02-09 04:19:00,S017,Planta_2,100.76,1.67
67980,2026-02-09 04:19:00,S020,Planta_2,95.59,1.48
67995,2026-02-09 04:19:00,S035,Planta_4,103.48,4.52
67998,2026-02-09 04:19:00,S038,Planta_4,86.51,4.18
68016,2026-02-09 04:20:00,S016,Planta_2,86.78,2.05
68021,2026-02-09 04:20:00,S021,Planta_3,102.62,5.34
68054,2026-02-09 04:21:00,S014,Planta_2,100.26,4.22
68055,2026-02-09 04:21:00,S015,Planta_2,99.25,1.71
68067,2026-02-09 04:21:00,S027,Planta_3,97.2,3.86
68076,2026-02-09 04:21:00,S036,Planta_4,101.56,5.4
68080,2026-02-09 04:21:00,S040,Planta_4,103.55,3.56
68086,2026-02-09 04:22:00,S006,Planta_1,92.7,3.18
68106,2026-02-09 04:22:00,S026,Planta_3,101.8,3.69
68136,2026-02-09 04:23:00,S016,Planta_2,102.66,2.17
68137,2026-02-09 04:23:00,S017,Planta_2,99.91,2.08
68149,2026-02-09 04:23:00,S029,Planta_3,99.81,2.02
68165,2026-02-09 04:24:00,S005,Planta_1,97.22,1.5
68183,2026-02-09 04:24:00,S023,Planta_3,86.03,5.31
68185,2026-02-09 04:24:00,S025,Planta_3,92.64,1.82
68199,2026-02-09 04:24:00,S039,Planta_4,85.17,2.16
68213,2026-02-09 04:25:00,S013,Planta_2,85.61,3.77
68217,2026-02-09 04:25:00,S017,Planta_2,100.41,4.59
68231,2026-02-09 04:25:00,S031,Planta_4,88.34,4.31
68249,2026-02-09 04:26:00,S009,Planta_1,99.93,1.46
68276,2026-02-09 04:26:00,S036,Planta_4,96.11,3.02
68302,2026-02-09 04:27:00,S022,Planta_3,101.22,0.93
68317,2026-02-09 04:27:00,S037,Planta_4,96.61,4.7
68321,2026-02-09 04:28:00,S001,Planta_1,91.02,3.84
68324,2026-02-09 04:28:00,S004,Planta_1,97.73,2.99
68328,2026-02-09 04:28:00,S008,Planta_1,99.65,3.23
68329,2026-02-09 04:28:00,S009,Planta_1,96.84,0.94
68370,2026-02-09 04:29:00,S010,Planta_1,92.59,5.25
68388,2026-02-09 04:29:00,S028,Planta_3,91.43,1.32
68465,2026-02-09 04:31:00,S025,Planta_3,95.18,4.32
68476,2026-02-09 04:31:00,S036,Planta_4,92.1,4.26
68477,2026-02-09 04:31:00,S037,Planta_4,92.23,0.86
68492,2026-02-09 04:32:00,S012,Planta_2,91.14,3.57
68539,2026-02-09 04:33:00,S019,Planta_2,92.09,1.81
68550,2026-02-09 04:33:00,S030,Planta_3,94.08,2.96
68566,2026-02-09 04:34:00,S006,Planta_1,85.89,2.18
68580,2026-02-09 04:34:00,S020,Planta_2,94.64,3.61
68595,2026-02-09 04:34:00,S035,Planta_4,89.28,4.82
68605,2026-02-09 04:35:00,S005,Planta_1,89.57,3.67
68616,2026-02-09 04:35:00,S016,Planta_2,104.66,3.5
68646,2026-02-09 04:36:00,S006,Planta_1,86.03,4.79
68651,2026-02-09 04:36:00,S011,Planta_2,89.15,2.36
68673,2026-02-09 04:36:00,S033,Planta_4,104.9,5.43
68682,2026-02-09 04:37:00,S002,Planta_1,104.98,2.4
68689,2026-02-09 04:37:00,S009,Planta_1,99.53,5.47
68696,2026-02-09 04:37:00,S016,Planta_2,101.07,2.08
68697,2026-02-09 04:37:00,S017,Planta_2,93.47,4.25
68718,2026-02-09 04:37:00,S038,Planta_4,91.28,0.84
68732,2026-02-09 04:38:00,S012,Planta_2,104.21,2.21
68766,2026-02-09 04:39:00,S006,Planta_1,90.99,1.04
68773,2026-02-09 04:39:00,S013,Planta_2,87.12,1.96
68781,2026-02-09 04:39:00,S021,Planta_3,87.06,0.53
68797,2026-02-09 04:39:00,S037,Planta_4,99.59,0.63
68799,2026-02-09 04:39:00,S039,Planta_4,88.76,1.64
68832,2026-02-09 04:40:00,S032,Planta_4,87.2,2.2
68847,2026-02-09 04:41:00,S007,Planta_1,89.11,3.17
68851,2026-02-09 04:41:00,S011,Planta_2,88.06,4.29
68869,2026-02-09 04:41:00,S029,Planta_3,86.5,3.2
68870,2026-02-09 04:41:00,S030,Planta_3,95.28,3.31
68921,2026-02-09 04:43:00,S001,Planta_1,104.43,3.9
68954,2026-02-09 04:43:00,S034,Planta_4,86.17,1.35
68968,2026-02-09 04:44:00,S008,Planta_1,96.4,4.35
69013,2026-02-09 04:45:00,S013,Planta_2,99.61,0.68
69016,2026-02-09 04:45:00,S016,Planta_2,96.81,1.11
69022,2026-02-09 04:45:00,S022,Planta_3,89.35,2.86
69024,2026-02-09 04:45:00,S024,Planta_3,89.54,1.44
69029,2026-02-09 04:45:00,S029,Planta_3,90.28,3.05
69065,2026-02-09 04:46:00,S025,Planta_3,93.87,1.84
69083,2026-02-09 04:47:00,S003,Planta_1,101.97,3.18
69101,2026-02-09 04:47:00,S021,Planta_3,94.64,5.3
69123,2026-02-09 04:48:00,S003,Planta_1,96.03,5.21
69180,2026-02-09 04:49:00,S020,Planta_2,104.3,4.39
69184,2026-02-09 04:49:00,S024,Planta_3,98.88,3.88
69209,2026-02-09 04:50:00,S009,Planta_1,93.13,4.76
69210,2026-02-09 04:50:00,S010,Planta_1,90.16,1.31
69216,2026-02-09 04:50:00,S016,Planta_2,87.79,4.73
69231,2026-02-09 04:50:00,S031,Planta_4,91.11,3.31
69233,2026-02-09 04:50:00,S033,Planta_4,89.72,3.52
69234,2026-02-09 04:50:00,S034,Planta_4,95.01,1.77
69254,2026-02-09 04:51:00,S014,Planta_2,85.9,1.18
69263,2026-02-09 04:51:00,S023,Planta_3,99.64,2.37
69269,2026-02-09 04:51:00,S029,Planta_3,101.27,2.5
69281,2026-02-09 04:52:00,S001,Planta_1,96.69,1.3
69282,2026-02-09 04:52:00,S002,Planta_1,97.51,0.79
69284,2026-02-09 04:52:00,S004,Planta_1,85.94,1.61
69336,2026-02-09 04:53:00,S016,Planta_2,101.3,5.41
69337,2026-02-09 04:53:00,S017,Planta_2,85.75,3.36
69364,2026-02-09 04:54:00,S004,Planta_1,102.22,3.16
69392,2026-02-09 04:54:00,S032,Planta_4,91.87,0.77
69403,2026-02-09 04:55:00,S003,Planta_1,102.65,4.11
69412,2026-02-09 04:55:00,S012,Planta_2,94.06,5.27
69424,2026-02-09 04:55:00,S024,Planta_3,88.01,0.78
69434,2026-02-09 04:55:00,S034,Planta_4,88.78,2.07
69439,2026-02-09 04:55:00,S039,Planta_4,85.19,5.31
69470,2026-02-09 04:56:00,S030,Planta_3,86.5,5.28
69491,2026-02-09 04:57:00,S011,Planta_2,93.11,4.93
69498,2026-02-09 04:57:00,S018,Planta_2,97.51,4.95
69500,2026-02-09 04:57:00,S020,Planta_2,92.39,1.15
69528,2026-02-09 04:58:00,S008,Planta_1,94.45,1.68
69542,2026-02-09 04:58:00,S022,Planta_3,86.44,1.42
69570,2026-02-09 04:59:00,S010,Planta_1,101.88,3.4
69609,2026-02-09 05:00:00,S009,Planta_1,96.79,4.98
69610,2026-02-09 05:00:00,S010,Planta_1,96.5,5.0
69611,2026-02-09 05:00:00,S011,Planta_2,98.79,4.15
69627,2026-02-09 05:00:00,S027,Planta_3,88.73,4.68
69632,2026-02-09 05:00:00,S032,Planta_4,104.06,3.08
69640,2026-02-09 05:00:00,S040,Planta_4,102.58,1.42
69653,2026-02-09 05:01:00,S013,Planta_2,100.87,2.61
69662,2026-02-09 05:01:00,S022,Planta_3,87.83,1.6
69663,2026-02-09 05:01:00,S023,Planta_3,99.37,4.74
69679,2026-02-09 05:01:00,S039,Planta_4,94.97,5.33
69686,2026-02-09 05:02:00,S006,Planta_1,98.17,4.4
69690,2026-02-09 05:02:00,S010,Planta_1,91.41,2.94
69699,2026-02-09 05:02:00,S019,Planta_2,85.81,3.09
69702,2026-02-09 05:02:00,S022,Planta_3,102.69,3.64
69704,2026-02-09 05:02:00,S024,Planta_3,91.64,0.56
69722,2026-02-09 05:03:00,S002,Planta_1,103.35,2.69
69737,2026-02-09 05:03:00,S017,Planta_2,96.58,2.24
69744,2026-02-09 05:03:00,S024,Planta_3,88.23,3.4
69760,2026-02-09 05:03:00,S040,Planta_4,101.7,2.51
69783,2026-02-09 05:04:00,S023,Planta_3,100.96,2.19
69809,2026-02-09 05:05:00,S009,Planta_1,95.47,1.71
69822,2026-02-09 05:05:00,S022,Planta_3,94.27,1.19
69854,2026-02-09 05:06:00,S014,Planta_2,88.48,2.96
69856,2026-02-09 05:06:00,S016,Planta_2,101.51,3.34
69862,2026-02-09 05:06:00,S022,Planta_3,100.0,3.62
69865,2026-02-09 05:06:00,S025,Planta_3,89.49,3.48
69866,2026-02-09 05:06:00,S026,Planta_3,91.94,3.66
69868,2026-02-09 05:06:00,S028,Planta_3,86.5,0.76
69876,2026-02-09 05:06:00,S036,Planta_4,96.4,3.71
69893,2026-02-09 05:07:00,S013,Planta_2,104.41,1.93
69900,2026-02-09 05:07:00,S020,Planta_2,104.76,1.52
69906,2026-02-09 05:07:00,S026,Planta_3,98.94,2.78
69919,2026-02-09 05:07:00,S039,Planta_4,86.13,4.13
69946,2026-02-09 05:08:00,S026,Planta_3,93.85,3.03
69947,2026-02-09 05:08:00,S027,Planta_3,98.81,2.9
69949,2026-02-09 05:08:00,S029,Planta_3,89.77,2.36
69950,2026-02-09 05:08:00,S030,Planta_3,88.95,4.17
69953,2026-02-09 05:08:00,S033,Planta_4,89.46,1.58
69959,2026-02-09 05:08:00,S039,Planta_4,103.7,4.52
69965,2026-02-09 05:09:00,S005,Planta_1,97.87,5.37
69987,2026-02-09 05:09:00,S027,Planta_3,94.09,4.54
70000,2026-02-09 05:09:00,S040,Planta_4,101.94,3.41
70019,2026-02-09 05:10:00,S019,Planta_2,90.82,1.48
70021,2026-02-09 05:10:00,S021,Planta_3,92.54,5.49
70048,2026-02-09 05:11:00,S008,Planta_1,92.22,0.55
70054,2026-02-09 05:11:00,S014,Planta_2,97.79,2.08
70087,2026-02-09 05:12:00,S007,Planta_1,91.71,4.96
70120,2026-02-09 05:12:00,S040,Planta_4,99.81,2.61
70138,2026-02-09 05:13:00,S018,Planta_2,91.68,3.9
70154,2026-02-09 05:13:00,S034,Planta_4,86.46,4.51
70208,2026-02-09 05:15:00,S008,Planta_1,85.45,2.11
70217,2026-02-09 05:15:00,S017,Planta_2,103.15,1.01
70221,2026-02-09 05:15:00,S021,Planta_3,100.44,0.95
70233,2026-02-09 05:15:00,S033,Planta_4,88.95,5.03
70241,2026-02-09 05:16:00,S001,Planta_1,94.84,3.43
70271,2026-02-09 05:16:00,S031,Planta_4,99.0,1.19
70273,2026-02-09 05:16:00,S033,Planta_4,104.37,2.82
70299,2026-02-09 05:17:00,S019,Planta_2,102.65,0.84
70301,2026-02-09 05:17:00,S021,Planta_3,85.98,3.72
70302,2026-02-09 05:17:00,S022,Planta_3,101.48,3.08
70376,2026-02-09 05:19:00,S016,Planta_2,94.67,1.55
70400,2026-02-09 05:19:00,S040,Planta_4,104.49,4.35
70428,2026-02-09 05:20:00,S028,Planta_3,101.13,1.89
70503,2026-02-09 05:22:00,S023,Planta_3,88.74,1.66
70564,2026-02-09 05:24:00,S004,Planta_1,99.15,4.42
70580,2026-02-09 05:24:00,S020,Planta_2,89.78,5.19
70609,2026-02-09 05:25:00,S009,Planta_1,92.18,3.65
70611,2026-02-09 05:25:00,S011,Planta_2,96.93,3.26
70621,2026-02-09 05:25:00,S021,Planta_3,89.3,5.1
70691,2026-02-09 05:27:00,S011,Planta_2,86.67,3.16
70701,2026-02-09 05:27:00,S021,Planta_3,102.67,3.82
70707,2026-02-09 05:27:00,S027,Planta_3,104.42,4.9
70709,2026-02-09 05:27:00,S029,Planta_3,100.27,0.97
70710,2026-02-09 05:27:00,S030,Planta_3,104.07,2.04
70714,2026-02-09 05:27:00,S034,Planta_4,87.53,3.06
70738,2026-02-09 05:28:00,S018,Planta_2,100.4,0.59
70742,2026-02-09 05:28:00,S022,Planta_3,88.43,4.79
70745,2026-02-09 05:28:00,S025,Planta_3,85.11,4.79
70773,2026-02-09 05:29:00,S013,Planta_2,86.84,2.63
70776,2026-02-09 05:29:00,S016,Planta_2,87.02,2.26
70790,2026-02-09 05:29:00,S030,Planta_3,86.79,5.21
70803,2026-02-09 05:30:00,S003,Planta_1,97.27,1.91
70815,2026-02-09 05:30:00,S015,Planta_2,97.4,4.97
70825,2026-02-09 05:30:00,S025,Planta_3,85.22,5.49
70838,2026-02-09 05:30:00,S038,Planta_4,99.95,2.34
70857,2026-02-09 05:31:00,S017,Planta_2,104.61,4.71
70874,2026-02-09 05:31:00,S034,Planta_4,87.74,4.47
70881,2026-02-09 05:32:00,S001,Planta_1,103.21,3.85
70886,2026-02-09 05:32:00,S006,Planta_1,86.87,4.61
70890,2026-02-09 05:32:00,S010,Planta_1,85.73,0.79
70891,2026-02-09 05:32:00,S011,Planta_2,103.49,4.7
70916,2026-02-09 05:32:00,S036,Planta_4,102.35,4.35
70949,2026-02-09 05:33:00,S029,Planta_3,103.99,0.83
70967,2026-02-09 05:34:00,S007,Planta_1,88.48,0.58
71007,2026-02-09 05:35:00,S007,Planta_1,104.46,4.2
71038,2026-02-09 05:35:00,S038,Planta_4,92.92,4.01
71039,2026-02-09 05:35:00,S039,Planta_4,104.42,5.05
71049,2026-02-09 05:36:00,S009,Planta_1,100.29,4.65
71105,2026-02-09 05:37:00,S025,Planta_3,92.72,1.9
71110,2026-02-09 05:37:00,S030,Planta_3,87.06,4.45
71124,2026-02-09 05:38:00,S004,Planta_1,91.6,5.38
71126,2026-02-09 05:38:00,S006,Planta_1,98.87,3.25
71133,2026-02-09 05:38:00,S013,Planta_2,95.37,1.19
71159,2026-02-09 05:38:00,S039,Planta_4,97.42,1.76
71161,2026-02-09 05:39:00,S001,Planta_1,94.28,3.54
71167,2026-02-09 05:39:00,S007,Planta_1,103.86,2.12
71171,2026-02-09 05:39:00,S011,Planta_2,89.84,4.07
71180,2026-02-09 05:39:00,S020,Planta_2,99.8,1.0
71203,2026-02-09 05:40:00,S003,Planta_1,89.4,5.02
71206,2026-02-09 05:40:00,S006,Planta_1,92.79,2.35
71230,2026-02-09 05:40:00,S030,Planta_3,99.32,4.28
71257,2026-02-09 05:41:00,S017,Planta_2,100.1,2.63
71269,2026-02-09 05:41:00,S029,Planta_3,96.99,3.6
71272,2026-02-09 05:41:00,S032,Planta_4,101.3,4.89
71296,2026-02-09 05:42:00,S016,Planta_2,91.33,1.72
71311,2026-02-09 05:42:00,S031,Planta_4,89.2,0.72
71323,2026-02-09 05:43:00,S003,Planta_1,87.66,4.13
71325,2026-02-09 05:43:00,S005,Planta_1,90.55,3.3
71333,2026-02-09 05:43:00,S013,Planta_2,98.99,2.26
71334,2026-02-09 05:43:00,S014,Planta_2,85.42,4.84
71343,2026-02-09 05:43:00,S023,Planta_3,99.42,5.35
71359,2026-02-09 05:43:00,S039,Planta_4,100.58,4.28
71429,2026-02-09 05:45:00,S029,Planta_3,87.8,2.77
71437,2026-02-09 05:45:00,S037,Planta_4,88.22,3.68
71472,2026-02-09 05:46:00,S032,Planta_4,102.14,4.93
71507,2026-02-09 05:47:00,S027,Planta_3,94.78,1.64
71513,2026-02-09 05:47:00,S033,Planta_4,104.03,3.17
71520,2026-02-09 05:47:00,S040,Planta_4,93.06,1.63
71521,2026-02-09 05:48:00,S001,Planta_1,101.1,3.2
71529,2026-02-09 05:48:00,S009,Planta_1,93.57,2.13
71553,2026-02-09 05:48:00,S033,Planta_4,92.54,5.34
71563,2026-02-09 05:49:00,S003,Planta_1,87.62,5.03
71575,2026-02-09 05:49:00,S015,Planta_2,100.51,2.56
71578,2026-02-09 05:49:00,S018,Planta_2,93.73,4.73
71580,2026-02-09 05:49:00,S020,Planta_2,98.97,4.4
71586,2026-02-09 05:49:00,S026,Planta_3,95.6,0.65
71595,2026-02-09 05:49:00,S035,Planta_4,103.02,3.73
71598,2026-02-09 05:49:00,S038,Planta_4,92.71,3.83
71599,2026-02-09 05:49:00,S039,Planta_4,90.44,5.33
71609,2026-02-09 05:50:00,S009,Planta_1,91.73,5.39
71613,2026-02-09 05:50:00,S013,Planta_2,89.27,4.48
71630,2026-02-09 05:50:00,S030,Planta_3,87.76,1.79
71634,2026-02-09 05:50:00,S034,Planta_4,92.56,1.85
71655,2026-02-09 05:51:00,S015,Planta_2,85.48,5.05
71704,2026-02-09 05:52:00,S024,Planta_3,90.68,1.14
71737,2026-02-09 05:53:00,S017,Planta_2,89.62,5.49
71761,2026-02-09 05:54:00,S001,Planta_1,89.72,1.57
71770,2026-02-09 05:54:00,S010,Planta_1,102.3,2.08
71775,2026-02-09 05:54:00,S015,Planta_2,92.0,5.09
71782,2026-02-09 05:54:00,S022,Planta_3,98.78,2.87
71828,2026-02-09 05:55:00,S028,Planta_3,92.92,5.44
71833,2026-02-09 05:55:00,S033,Planta_4,89.96,0.75
71837,2026-02-09 05:55:00,S037,Planta_4,85.49,2.06
71839,2026-02-09 05:55:00,S039,Planta_4,104.86,5.17
71840,2026-02-09 05:55:00,S040,Planta_4,95.0,3.65
71847,2026-02-09 05:56:00,S007,Planta_1,93.05,3.25
71877,2026-02-09 05:56:00,S037,Planta_4,103.28,4.41
71887,2026-02-09 05:57:00,S007,Planta_1,102.43,1.3
71903,2026-02-09 05:57:00,S023,Planta_3,91.07,2.65
71920,2026-02-09 05:57:00,S040,Planta_4,94.2,4.23
71930,2026-02-09 05:58:00,S010,Planta_1,87.96,3.07
71935,2026-02-09 05:58:00,S015,Planta_2,90.59,4.55
71944,2026-02-09 05:58:00,S024,Planta_3,92.24,2.31
71954,2026-02-09 05:58:00,S034,Planta_4,99.41,3.1
71956,2026-02-09 05:58:00,S036,Planta_4,93.63,2.46
72001,2026-02-09 06:00:00,S001,Planta_1,101.81,2.21
72082,2026-02-09 06:02:00,S002,Planta_1,87.26,2.91
72097,2026-02-09 06:02:00,S017,Planta_2,100.63,3.96
72099,2026-02-09 06:02:00,S019,Planta_2,97.21,5.32
72116,2026-02-09 06:02:00,S036,Planta_4,102.89,5.49
72129,2026-02-09 06:03:00,S009,Planta_1,103.09,0.52
72139,2026-02-09 06:03:00,S019,Planta_2,91.3,4.84
72146,2026-02-09 06:03:00,S026,Planta_3,86.71,5.1
72164,2026-02-09 06:04:00,S004,Planta_1,90.1,3.26
72186,2026-02-09 06:04:00,S026,Planta_3,92.93,3.75
72199,2026-02-09 06:04:00,S039,Planta_4,102.14,0.66
72215,2026-02-09 06:05:00,S015,Planta_2,91.65,2.64
72235,2026-02-09 06:05:00,S035,Planta_4,102.37,2.17
72247,2026-02-09 06:06:00,S007,Planta_1,86.83,1.11
72280,2026-02-09 06:06:00,S040,Planta_4,97.61,2.63
72285,2026-02-09 06:07:00,S005,Planta_1,97.28,4.5
72323,2026-02-09 06:08:00,S003,Planta_1,103.31,4.69
72345,2026-02-09 06:08:00,S025,Planta_3,104.58,3.87
72364,2026-02-09 06:09:00,S004,Planta_1,87.29,2.76
72375,2026-02-09 06:09:00,S015,Planta_2,96.46,4.42
72409,2026-02-09 06:10:00,S009,Planta_1,93.08,4.06
72413,2026-02-09 06:10:00,S013,Planta_2,97.64,3.92
72430,2026-02-09 06:10:00,S030,Planta_3,93.19,3.45
72440,2026-02-09 06:10:00,S040,Planta_4,90.6,2.0
72442,2026-02-09 06:11:00,S002,Planta_1,85.51,4.05
72476,2026-02-09 06:11:00,S036,Planta_4,94.15,5.35
72481,2026-02-09 06:12:00,S001,Planta_1,88.06,4.32
72497,2026-02-09 06:12:00,S017,Planta_2,87.2,3.39
72501,2026-02-09 06:12:00,S021,Planta_3,88.15,1.45
72512,2026-02-09 06:12:00,S032,Planta_4,92.15,4.61
72521,2026-02-09 06:13:00,S001,Planta_1,86.48,2.03
72541,2026-02-09 06:13:00,S021,Planta_3,103.14,4.52
72549,2026-02-09 06:13:00,S029,Planta_3,95.99,3.82
72563,2026-02-09 06:14:00,S003,Planta_1,104.17,2.78
72605,2026-02-09 06:15:00,S005,Planta_1,100.62,3.75
72607,2026-02-09 06:15:00,S007,Planta_1,104.97,3.06
72613,2026-02-09 06:15:00,S013,Planta_2,104.72,3.06
72615,2026-02-09 06:15:00,S015,Planta_2,102.99,4.31
72626,2026-02-09 06:15:00,S026,Planta_3,101.22,1.35
72651,2026-02-09 06:16:00,S011,Planta_2,100.23,1.77
72674,2026-02-09 06:16:00,S034,Planta_4,91.01,4.7
72693,2026-02-09 06:17:00,S013,Planta_2,103.67,3.32
72711,2026-02-09 06:17:00,S031,Planta_4,85.53,4.51
72717,2026-02-09 06:17:00,S037,Planta_4,86.34,2.42
72737,2026-02-09 06:18:00,S017,Planta_2,86.94,3.72
72757,2026-02-09 06:18:00,S037,Planta_4,90.91,2.28
72775,2026-02-09 06:19:00,S015,Planta_2,96.95,2.04
72779,2026-02-09 06:19:00,S019,Planta_2,86.55,5.37
72784,2026-02-09 06:19:00,S024,Planta_3,91.53,2.96
72808,2026-02-09 06:20:00,S008,Planta_1,92.86,2.25
72810,2026-02-09 06:20:00,S010,Planta_1,91.29,3.33
72825,2026-02-09 06:20:00,S025,Planta_3,96.02,2.82
72855,2026-02-09 06:21:00,S015,Planta_2,99.85,3.3
72866,2026-02-09 06:21:00,S026,Planta_3,100.21,1.87
72876,2026-02-09 06:21:00,S036,Planta_4,101.35,1.21
72877,2026-02-09 06:21:00,S037,Planta_4,85.67,2.96
72916,2026-02-09 06:22:00,S036,Planta_4,93.63,1.9
72918,2026-02-09 06:22:00,S038,Planta_4,98.86,4.9
72941,2026-02-09 06:23:00,S021,Planta_3,88.19,2.07
72955,2026-02-09 06:23:00,S035,Planta_4,103.42,2.11
72962,2026-02-09 06:24:00,S002,Planta_1,89.13,2.81
72974,2026-02-09 06:24:00,S014,Planta_2,103.2,5.08
72976,2026-02-09 06:24:00,S016,Planta_2,104.38,4.21
72987,2026-02-09 06:24:00,S027,Planta_3,104.86,4.44
72997,2026-02-09 06:24:00,S037,Planta_4,101.91,0.54
73010,2026-02-09 06:25:00,S010,Planta_1,100.95,0.71
73048,2026-02-09 06:26:00,S008,Planta_1,91.42,5.23
73057,2026-02-09 06:26:00,S017,Planta_2,99.98,4.32
73064,2026-02-09 06:26:00,S024,Planta_3,91.21,5.27
73085,2026-02-09 06:27:00,S005,Planta_1,102.61,3.02
73096,2026-02-09 06:27:00,S016,Planta_2,103.26,3.29
73147,2026-02-09 06:28:00,S027,Planta_3,89.25,3.05
73150,2026-02-09 06:28:00,S030,Planta_3,93.2,4.47
73158,2026-02-09 06:28:00,S038,Planta_4,90.85,2.97
73189,2026-02-09 06:29:00,S029,Planta_3,92.35,4.06
73199,2026-02-09 06:29:00,S039,Planta_4,86.65,3.13
73244,2026-02-09 06:31:00,S004,Planta_1,96.24,1.86
73253,2026-02-09 06:31:00,S013,Planta_2,88.86,2.93
73256,2026-02-09 06:31:00,S016,Planta_2,100.23,2.91
73306,2026-02-09 06:32:00,S026,Planta_3,96.99,4.15
73332,2026-02-09 06:33:00,S012,Planta_2,103.84,5.0
73362,2026-02-09 06:34:00,S002,Planta_1,90.42,3.84
73369,2026-02-09 06:34:00,S009,Planta_1,101.57,0.92
73373,2026-02-09 06:34:00,S013,Planta_2,100.98,4.21
73389,2026-02-09 06:34:00,S029,Planta_3,87.7,0.76
73394,2026-02-09 06:34:00,S034,Planta_4,93.94,2.8
73405,2026-02-09 06:35:00,S005,Planta_1,94.64,2.29
73406,2026-02-09 06:35:00,S006,Planta_1,96.69,1.21
73411,2026-02-09 06:35:00,S011,Planta_2,103.13,0.55
73428,2026-02-09 06:35:00,S028,Planta_3,94.86,0.73
73433,2026-02-09 06:35:00,S033,Planta_4,86.19,3.95
73440,2026-02-09 06:35:00,S040,Planta_4,104.62,2.41
73452,2026-02-09 06:36:00,S012,Planta_2,85.75,2.77
73461,2026-02-09 06:36:00,S021,Planta_3,104.92,1.02
73483,2026-02-09 06:37:00,S003,Planta_1,91.65,2.96
73499,2026-02-09 06:37:00,S019,Planta_2,93.74,1.98
73565,2026-02-09 06:39:00,S005,Planta_1,88.29,4.92
73582,2026-02-09 06:39:00,S022,Planta_3,93.97,1.21
73603,2026-02-09 06:40:00,S003,Planta_1,86.1,2.02
73604,2026-02-09 06:40:00,S004,Planta_1,85.89,1.99
73614,2026-02-09 06:40:00,S014,Planta_2,92.05,2.06
73650,2026-02-09 06:41:00,S010,Planta_1,87.88,4.49
73660,2026-02-09 06:41:00,S020,Planta_2,93.83,3.87
73678,2026-02-09 06:41:00,S038,Planta_4,98.89,5.37
73703,2026-02-09 06:42:00,S023,Planta_3,94.12,3.89
73715,2026-02-09 06:42:00,S035,Planta_4,91.08,1.02
73770,2026-02-09 06:44:00,S010,Planta_1,89.9,1.63
73780,2026-02-09 06:44:00,S020,Planta_2,89.78,1.1
73788,2026-02-09 06:44:00,S028,Planta_3,101.58,4.31
73802,2026-02-09 06:45:00,S002,Planta_1,103.28,5.36
73829,2026-02-09 06:45:00,S029,Planta_3,94.75,2.46
73832,2026-02-09 06:45:00,S032,Planta_4,103.7,2.54
73834,2026-02-09 06:45:00,S034,Planta_4,96.23,4.48
73845,2026-02-09 06:46:00,S005,Planta_1,97.56,5.21
73867,2026-02-09 06:46:00,S027,Planta_3,96.54,3.92
73868,2026-02-09 06:46:00,S028,Planta_3,98.57,3.16
73875,2026-02-09 06:46:00,S035,Planta_4,89.53,1.87
73878,2026-02-09 06:46:00,S038,Planta_4,89.53,2.07
73890,2026-02-09 06:47:00,S010,Planta_1,94.11,4.2
73903,2026-02-09 06:47:00,S023,Planta_3,102.11,0.67
73922,2026-02-09 06:48:00,S002,Planta_1,103.34,4.31
73927,2026-02-09 06:48:00,S007,Planta_1,95.22,5.46
73939,2026-02-09 06:48:00,S019,Planta_2,96.39,3.1
73943,2026-02-09 06:48:00,S023,Planta_3,88.84,1.46
73954,2026-02-09 06:48:00,S034,Planta_4,87.8,4.69
73957,2026-02-09 06:48:00,S037,Planta_4,94.01,4.4
73972,2026-02-09 06:49:00,S012,Planta_2,94.91,2.13
73997,2026-02-09 06:49:00,S037,Planta_4,85.74,4.54
74013,2026-02-09 06:50:00,S013,Planta_2,102.65,1.71
74024,2026-02-09 06:50:00,S024,Planta_3,91.17,0.74
74030,2026-02-09 06:50:00,S030,Planta_3,94.76,4.78
74058,2026-02-09 06:51:00,S018,Planta_2,88.26,4.34
74090,2026-02-09 06:52:00,S010,Planta_1,88.28,2.03
74101,2026-02-09 06:52:00,S021,Planta_3,90.24,1.36
74117,2026-02-09 06:52:00,S037,Planta_4,92.21,5.19
74118,2026-02-09 06:52:00,S038,Planta_4,91.42,4.68
74134,2026-02-09 06:53:00,S014,Planta_2,96.82,5.21
74140,2026-02-09 06:53:00,S020,Planta_2,97.7,4.36
74174,2026-02-09 06:54:00,S014,Planta_2,86.85,4.46
74176,2026-02-09 06:54:00,S016,Planta_2,98.45,3.51
74191,2026-02-09 06:54:00,S031,Planta_4,101.55,3.56
74201,2026-02-09 06:55:00,S001,Planta_1,90.77,2.98
74205,2026-02-09 06:55:00,S005,Planta_1,92.84,5.49
74206,2026-02-09 06:55:00,S006,Planta_1,95.23,2.9
74213,2026-02-09 06:55:00,S013,Planta_2,95.06,3.74
74273,2026-02-09 06:56:00,S033,Planta_4,101.23,3.31
74281,2026-02-09 06:57:00,S001,Planta_1,85.7,4.46
74284,2026-02-09 06:57:00,S004,Planta_1,86.39,2.12
74292,2026-02-09 06:57:00,S012,Planta_2,89.48,2.32
74305,2026-02-09 06:57:00,S025,Planta_3,101.8,4.85
74332,2026-02-09 06:58:00,S012,Planta_2,99.89,1.26
74351,2026-02-09 06:58:00,S031,Planta_4,97.43,2.8
74368,2026-02-09 06:59:00,S008,Planta_1,93.1,1.38
74371,2026-02-09 06:59:00,S011,Planta_2,90.87,5.13
74409,2026-02-09 07:00:00,S009,Planta_1,86.48,2.31
74424,2026-02-09 07:00:00,S024,Planta_3,95.05,1.98
74430,2026-02-09 07:00:00,S030,Planta_3,92.63,3.02
74484,2026-02-09 07:02:00,S004,Planta_1,90.36,1.19
74544,2026-02-09 07:03:00,S024,Planta_3,102.43,4.46
74554,2026-02-09 07:03:00,S034,Planta_4,100.39,1.61
74555,2026-02-09 07:03:00,S035,Planta_4,90.89,2.77
74569,2026-02-09 07:04:00,S009,Planta_1,101.44,4.38
74581,2026-02-09 07:04:00,S021,Planta_3,88.95,4.98
74600,2026-02-09 07:04:00,S040,Planta_4,96.1,1.87
74601,2026-02-09 07:05:00,S001,Planta_1,97.57,5.18
74628,2026-02-09 07:05:00,S028,Planta_3,101.33,1.7
74634,2026-02-09 07:05:00,S034,Planta_4,90.38,2.39
74636,2026-02-09 07:05:00,S036,Planta_4,94.73,5.09
74686,2026-02-09 07:07:00,S006,Planta_1,100.86,1.87
74703,2026-02-09 07:07:00,S023,Planta_3,86.51,1.13
74704,2026-02-09 07:07:00,S024,Planta_3,99.0,1.63
74720,2026-02-09 07:07:00,S040,Planta_4,101.38,2.58
74722,2026-02-09 07:08:00,S002,Planta_1,95.26,1.32
74752,2026-02-09 07:08:00,S032,Planta_4,97.53,2.06
74757,2026-02-09 07:08:00,S037,Planta_4,104.79,1.73
74760,2026-02-09 07:08:00,S040,Planta_4,102.26,1.25
74770,2026-02-09 07:09:00,S010,Planta_1,102.25,2.48
74774,2026-02-09 07:09:00,S014,Planta_2,101.19,4.63
74775,2026-02-09 07:09:00,S015,Planta_2,100.3,2.44
74792,2026-02-09 07:09:00,S032,Planta_4,86.09,3.83
74793,2026-02-09 07:09:00,S033,Planta_4,101.99,1.95
74798,2026-02-09 07:09:00,S038,Planta_4,87.93,0.57
74816,2026-02-09 07:10:00,S016,Planta_2,99.78,1.24
74821,2026-02-09 07:10:00,S021,Planta_3,91.83,4.07
74825,2026-02-09 07:10:00,S025,Planta_3,100.94,2.21
74835,2026-02-09 07:10:00,S035,Planta_4,101.25,4.95
74836,2026-02-09 07:10:00,S036,Planta_4,96.66,2.39
74846,2026-02-09 07:11:00,S006,Planta_1,103.98,0.56
74853,2026-02-09 07:11:00,S013,Planta_2,90.98,0.8
74868,2026-02-09 07:11:00,S028,Planta_3,100.4,2.08
74873,2026-02-09 07:11:00,S033,Planta_4,90.26,2.28
74883,2026-02-09 07:12:00,S003,Planta_1,99.51,1.86
74886,2026-02-09 07:12:00,S006,Planta_1,94.72,1.51
74893,2026-02-09 07:12:00,S013,Planta_2,93.95,0.6
74899,2026-02-09 07:12:00,S019,Planta_2,89.39,4.77
74919,2026-02-09 07:12:00,S039,Planta_4,87.1,1.77
74940,2026-02-09 07:13:00,S020,Planta_2,88.37,4.57
74949,2026-02-09 07:13:00,S029,Planta_3,89.01,0.64
74956,2026-02-09 07:13:00,S036,Planta_4,95.11,1.86
74963,2026-02-09 07:14:00,S003,Planta_1,102.0,1.42
74975,2026-02-09 07:14:00,S015,Planta_2,93.54,1.21
74980,2026-02-09 07:14:00,S020,Planta_2,87.27,2.23
74981,2026-02-09 07:14:00,S021,Planta_3,92.19,5.03
74999,2026-02-09 07:14:00,S039,Planta_4,93.69,4.95
75000,2026-02-09 07:14:00,S040,Planta_4,100.0,0.74
75014,2026-02-09 07:15:00,S014,Planta_2,89.86,2.13
75021,2026-02-09 07:15:00,S021,Planta_3,98.78,0.62
75025,2026-02-09 07:15:00,S025,Planta_3,98.35,3.58
75029,2026-02-09 07:15:00,S029,Planta_3,96.75,3.05
75061,2026-02-09 07:16:00,S021,Planta_3,104.67,2.31
75080,2026-02-09 07:16:00,S040,Planta_4,98.17,4.81
75082,2026-02-09 07:17:00,S002,Planta_1,95.52,2.51
75088,2026-02-09 07:17:00,S008,Planta_1,86.23,2.53
75090,2026-02-09 07:17:00,S010,Planta_1,102.47,3.56
75094,2026-02-09 07:17:00,S014,Planta_2,87.03,4.5
75096,2026-02-09 07:17:00,S016,Planta_2,88.72,3.55
75102,2026-02-09 07:17:00,S022,Planta_3,96.17,4.24
75151,2026-02-09 07:18:00,S031,Planta_4,99.82,5.4
75171,2026-02-09 07:19:00,S011,Planta_2,94.58,1.27
75173,2026-02-09 07:19:00,S013,Planta_2,99.51,3.14
75175,2026-02-09 07:19:00,S015,Planta_2,104.57,4.56
75196,2026-02-09 07:19:00,S036,Planta_4,85.27,4.45
75200,2026-02-09 07:19:00,S040,Planta_4,89.45,1.49
75203,2026-02-09 07:20:00,S003,Planta_1,101.56,1.97
75217,2026-02-09 07:20:00,S017,Planta_2,97.99,3.09
75221,2026-02-09 07:20:00,S021,Planta_3,98.31,3.4
75227,2026-02-09 07:20:00,S027,Planta_3,96.05,2.62
75233,2026-02-09 07:20:00,S033,Planta_4,87.73,4.35
75240,2026-02-09 07:20:00,S040,Planta_4,93.05,1.28
75245,2026-02-09 07:21:00,S005,Planta_1,85.83,3.66
75283,2026-02-09 07:22:00,S003,Planta_1,87.15,3.35
75312,2026-02-09 07:22:00,S032,Planta_4,95.46,4.8
75316,2026-02-09 07:22:00,S036,Planta_4,90.54,3.31
75323,2026-02-09 07:23:00,S003,Planta_1,104.12,4.18
75336,2026-02-09 07:23:00,S016,Planta_2,91.99,2.5
75359,2026-02-09 07:23:00,S039,Planta_4,102.69,4.97
75364,2026-02-09 07:24:00,S004,Planta_1,94.6,2.63
75378,2026-02-09 07:24:00,S018,Planta_2,95.72,5.3
75389,2026-02-09 07:24:00,S029,Planta_3,97.29,0.62
75394,2026-02-09 07:24:00,S034,Planta_4,97.46,5.4
75399,2026-02-09 07:24:00,S039,Planta_4,104.51,0.92
75400,2026-02-09 07:24:00,S040,Planta_4,91.91,2.56
75407,2026-02-09 07:25:00,S007,Planta_1,91.67,3.34
75408,2026-02-09 07:25:00,S008,Planta_1,87.06,2.31
75441,2026-02-09 07:26:00,S001,Planta_1,90.05,3.7
75442,2026-02-09 07:26:00,S002,Planta_1,86.24,4.55
75445,2026-02-09 07:26:00,S005,Planta_1,104.48,3.86
75473,2026-02-09 07:26:00,S033,Planta_4,94.15,1.48
75476,2026-02-09 07:26:00,S036,Planta_4,97.46,2.22
75486,2026-02-09 07:27:00,S006,Planta_1,90.95,0.85
75504,2026-02-09 07:27:00,S024,Planta_3,86.78,1.0
75509,2026-02-09 07:27:00,S029,Planta_3,99.49,5.42
75511,2026-02-09 07:27:00,S031,Planta_4,100.49,2.15
75519,2026-02-09 07:27:00,S039,Planta_4,92.67,0.86
75535,2026-02-09 07:28:00,S015,Planta_2,85.72,1.57
75577,2026-02-09 07:29:00,S017,Planta_2,102.49,4.26
75592,2026-02-09 07:29:00,S032,Planta_4,96.38,3.12
75606,2026-02-09 07:30:00,S006,Planta_1,90.51,4.39
75637,2026-02-09 07:30:00,S037,Planta_4,90.83,5.27
75638,2026-02-09 07:30:00,S038,Planta_4,91.71,2.94
75641,2026-02-09 07:31:00,S001,Planta_1,87.89,1.02
75642,2026-02-09 07:31:00,S002,Planta_1,93.79,4.58
75655,2026-02-09 07:31:00,S015,Planta_2,102.05,4.93
75659,2026-02-09 07:31:00,S019,Planta_2,93.68,3.56
75663,2026-02-09 07:31:00,S023,Planta_3,97.49,0.91
75676,2026-02-09 07:31:00,S036,Planta_4,88.27,0.63
75742,2026-02-09 07:33:00,S022,Planta_3,92.47,3.19
75750,2026-02-09 07:33:00,S030,Planta_3,97.88,1.07
75761,2026-02-09 07:34:00,S001,Planta_1,100.55,4.2
75762,2026-02-09 07:34:00,S002,Planta_1,87.86,4.94
75772,2026-02-09 07:34:00,S012,Planta_2,101.57,1.82
75775,2026-02-09 07:34:00,S015,Planta_2,86.87,4.66
75802,2026-02-09 07:35:00,S002,Planta_1,101.96,5.45
75818,2026-02-09 07:35:00,S018,Planta_2,94.96,1.15
75828,2026-02-09 07:35:00,S028,Planta_3,91.91,3.09
75830,2026-02-09 07:35:00,S030,Planta_3,100.38,4.79
75849,2026-02-09 07:36:00,S009,Planta_1,86.19,1.76
75857,2026-02-09 07:36:00,S017,Planta_2,85.05,5.33
75900,2026-02-09 07:37:00,S020,Planta_2,96.13,0.75
75903,2026-02-09 07:37:00,S023,Planta_3,93.41,3.86
75904,2026-02-09 07:37:00,S024,Planta_3,85.22,1.82
75922,2026-02-09 07:38:00,S002,Planta_1,88.46,2.03
75924,2026-02-09 07:38:00,S004,Planta_1,100.59,2.08
75930,2026-02-09 07:38:00,S010,Planta_1,87.6,1.45
75938,2026-02-09 07:38:00,S018,Planta_2,98.44,5.13
75950,2026-02-09 07:38:00,S030,Planta_3,101.71,1.27
75956,2026-02-09 07:38:00,S036,Planta_4,104.19,1.26
75981,2026-02-09 07:39:00,S021,Planta_3,87.43,2.65
75993,2026-02-09 07:39:00,S033,Planta_4,99.78,1.69
75998,2026-02-09 07:39:00,S038,Planta_4,102.53,0.63
76008,2026-02-09 07:40:00,S008,Planta_1,86.37,2.91
76034,2026-02-09 07:40:00,S034,Planta_4,88.48,4.01
76062,2026-02-09 07:41:00,S022,Planta_3,87.33,3.87
76069,2026-02-09 07:41:00,S029,Planta_3,101.12,1.45
76116,2026-02-09 07:42:00,S036,Planta_4,91.02,2.85
76134,2026-02-09 07:43:00,S014,Planta_2,89.8,0.75
76151,2026-02-09 07:43:00,S031,Planta_4,100.98,4.47
76169,2026-02-09 07:44:00,S009,Planta_1,91.15,4.11
76180,2026-02-09 07:44:00,S020,Planta_2,101.6,5.09
76190,2026-02-09 07:44:00,S030,Planta_3,95.71,4.66
76197,2026-02-09 07:44:00,S037,Planta_4,85.81,1.53
76199,2026-02-09 07:44:00,S039,Planta_4,94.62,3.39
76223,2026-02-09 07:45:00,S023,Planta_3,90.66,1.82
76238,2026-02-09 07:45:00,S038,Planta_4,96.04,1.32
76244,2026-02-09 07:46:00,S004,Planta_1,89.09,4.22
76255,2026-02-09 07:46:00,S015,Planta_2,104.5,3.82
76272,2026-02-09 07:46:00,S032,Planta_4,93.2,4.05
76278,2026-02-09 07:46:00,S038,Planta_4,90.37,4.45
76297,2026-02-09 07:47:00,S017,Planta_2,101.14,5.2
76320,2026-02-09 07:47:00,S040,Planta_4,98.41,4.65
76336,2026-02-09 07:48:00,S016,Planta_2,103.39,1.56
76355,2026-02-09 07:48:00,S035,Planta_4,88.99,4.14
76385,2026-02-09 07:49:00,S025,Planta_3,98.59,4.72
76414,2026-02-09 07:50:00,S014,Planta_2,97.1,3.14
76462,2026-02-09 07:51:00,S022,Planta_3,94.28,5.28
76466,2026-02-09 07:51:00,S026,Planta_3,88.79,2.47
76480,2026-02-09 07:51:00,S040,Planta_4,91.29,4.79
76492,2026-02-09 07:52:00,S012,Planta_2,91.7,4.9
76515,2026-02-09 07:52:00,S035,Planta_4,92.69,2.59
76521,2026-02-09 07:53:00,S001,Planta_1,93.76,5.25
76527,2026-02-09 07:53:00,S007,Planta_1,90.9,5.36
76531,2026-02-09 07:53:00,S011,Planta_2,98.84,1.7
76547,2026-02-09 07:53:00,S027,Planta_3,103.82,2.1
76569,2026-02-09 07:54:00,S009,Planta_1,92.28,2.28
76574,2026-02-09 07:54:00,S014,Planta_2,102.27,2.6
76580,2026-02-09 07:54:00,S020,Planta_2,103.34,3.16
76592,2026-02-09 07:54:00,S032,Planta_4,95.36,4.68
76600,2026-02-09 07:54:00,S040,Planta_4,94.7,3.65
76607,2026-02-09 07:55:00,S007,Planta_1,93.29,0.89
76623,2026-02-09 07:55:00,S023,Planta_3,99.61,4.37
76696,2026-02-09 07:57:00,S016,Planta_2,96.15,2.18
76712,2026-02-09 07:57:00,S032,Planta_4,89.88,5.47
76721,2026-02-09 07:58:00,S001,Planta_1,92.69,0.9
76732,2026-02-09 07:58:00,S012,Planta_2,91.59,2.74
76747,2026-02-09 07:58:00,S027,Planta_3,95.78,3.04
76749,2026-02-09 07:58:00,S029,Planta_3,87.12,3.99
76757,2026-02-09 07:58:00,S037,Planta_4,92.69,5.07
76763,2026-02-09 07:59:00,S003,Planta_1,94.47,4.33
76777,2026-02-09 07:59:00,S017,Planta_2,89.28,0.59
76786,2026-02-09 07:59:00,S026,Planta_3,95.75,4.44
76799,2026-02-09 07:59:00,S039,Planta_4,96.05,2.41
76822,2026-02-09 08:00:00,S022,Planta_3,101.2,1.72
76835,2026-02-09 08:00:00,S035,Planta_4,96.38,4.36
76844,2026-02-09 08:01:00,S004,Planta_1,85.55,3.99
76861,2026-02-09 08:01:00,S021,Planta_3,89.6,4.8
76867,2026-02-09 08:01:00,S027,Planta_3,99.58,1.35
76901,2026-02-09 08:02:00,S021,Planta_3,85.37,1.25
76903,2026-02-09 08:02:00,S023,Planta_3,101.13,1.84
76911,2026-02-09 08:02:00,S031,Planta_4,89.15,3.18
76924,2026-02-09 08:03:00,S004,Planta_1,94.74,4.07
76931,2026-02-09 08:03:00,S011,Planta_2,101.07,5.32
76962,2026-02-09 08:04:00,S002,Planta_1,88.88,3.73
76970,2026-02-09 08:04:00,S010,Planta_1,101.64,2.68
77009,2026-02-09 08:05:00,S009,Planta_1,103.78,2.84
77038,2026-02-09 08:05:00,S038,Planta_4,85.52,1.68
77067,2026-02-09 08:06:00,S027,Planta_3,95.92,2.85
77086,2026-02-09 08:07:00,S006,Planta_1,95.12,3.94
77104,2026-02-09 08:07:00,S024,Planta_3,98.51,4.17
77113,2026-02-09 08:07:00,S033,Planta_4,96.72,2.83
77135,2026-02-09 08:08:00,S015,Planta_2,91.37,4.16
77139,2026-02-09 08:08:00,S019,Planta_2,100.01,2.68
77160,2026-02-09 08:08:00,S040,Planta_4,90.09,4.39
77184,2026-02-09 08:09:00,S024,Planta_3,86.78,2.39
77186,2026-02-09 08:09:00,S026,Planta_3,96.68,1.71
77198,2026-02-09 08:09:00,S038,Planta_4,85.7,4.61
77215,2026-02-09 08:10:00,S015,Planta_2,103.27,4.93
77219,2026-02-09 08:10:00,S019,Planta_2,104.33,1.8
77256,2026-02-09 08:11:00,S016,Planta_2,95.39,5.14
77259,2026-02-09 08:11:00,S019,Planta_2,95.73,2.67
77280,2026-02-09 08:11:00,S040,Planta_4,100.51,0.66
77295,2026-02-09 08:12:00,S015,Planta_2,98.74,4.81
77298,2026-02-09 08:12:00,S018,Planta_2,89.42,2.36
77358,2026-02-09 08:13:00,S038,Planta_4,89.12,3.41
77380,2026-02-09 08:14:00,S020,Planta_2,95.05,0.8
77392,2026-02-09 08:14:00,S032,Planta_4,92.41,0.5
77394,2026-02-09 08:14:00,S034,Planta_4,102.54,2.61
77397,2026-02-09 08:14:00,S037,Planta_4,85.58,0.55
77413,2026-02-09 08:15:00,S013,Planta_2,94.37,3.61
77418,2026-02-09 08:15:00,S018,Planta_2,100.12,5.36
77439,2026-02-09 08:15:00,S039,Planta_4,98.67,3.27
77443,2026-02-09 08:16:00,S003,Planta_1,93.22,2.81
77451,2026-02-09 08:16:00,S011,Planta_2,86.82,4.44
77460,2026-02-09 08:16:00,S020,Planta_2,99.24,2.39
77462,2026-02-09 08:16:00,S022,Planta_3,95.74,3.17
77491,2026-02-09 08:17:00,S011,Planta_2,103.25,1.22
77499,2026-02-09 08:17:00,S019,Planta_2,96.64,1.86
77507,2026-02-09 08:17:00,S027,Planta_3,94.23,5.24
77513,2026-02-09 08:17:00,S033,Planta_4,103.72,3.14
77545,2026-02-09 08:18:00,S025,Planta_3,104.25,1.74
77556,2026-02-09 08:18:00,S036,Planta_4,86.03,2.1
77585,2026-02-09 08:19:00,S025,Planta_3,95.17,4.54
77589,2026-02-09 08:19:00,S029,Planta_3,96.24,1.7
77592,2026-02-09 08:19:00,S032,Planta_4,90.23,2.9
77594,2026-02-09 08:19:00,S034,Planta_4,101.57,1.84
77596,2026-02-09 08:19:00,S036,Planta_4,104.43,2.84
77620,2026-02-09 08:20:00,S020,Planta_2,95.47,2.79
77631,2026-02-09 08:20:00,S031,Planta_4,85.33,2.76
77647,2026-02-09 08:21:00,S007,Planta_1,90.27,4.07
77688,2026-02-09 08:22:00,S008,Planta_1,104.35,3.76
77692,2026-02-09 08:22:00,S012,Planta_2,92.56,4.36
77710,2026-02-09 08:22:00,S030,Planta_3,99.13,0.5
77753,2026-02-09 08:23:00,S033,Planta_4,103.56,4.95
77763,2026-02-09 08:24:00,S003,Planta_1,91.75,5.48
77764,2026-02-09 08:24:00,S004,Planta_1,85.35,0.61
77765,2026-02-09 08:24:00,S005,Planta_1,104.96,1.24
77773,2026-02-09 08:24:00,S013,Planta_2,91.93,0.98
77774,2026-02-09 08:24:00,S014,Planta_2,96.06,1.01
77779,2026-02-09 08:24:00,S019,Planta_2,99.49,4.03
77790,2026-02-09 08:24:00,S030,Planta_3,87.11,4.34
77808,2026-02-09 08:25:00,S008,Planta_1,86.27,2.93
77809,2026-02-09 08:25:00,S009,Planta_1,97.91,3.7
77841,2026-02-09 08:26:00,S001,Planta_1,96.88,2.81
77915,2026-02-09 08:27:00,S035,Planta_4,99.64,0.64
77920,2026-02-09 08:27:00,S040,Planta_4,89.4,5.31
77947,2026-02-09 08:28:00,S027,Planta_3,99.37,3.12
77978,2026-02-09 08:29:00,S018,Planta_2,89.21,4.2
77987,2026-02-09 08:29:00,S027,Planta_3,87.48,0.59
78043,2026-02-09 08:31:00,S003,Planta_1,86.38,1.85
78077,2026-02-09 08:31:00,S037,Planta_4,90.9,3.49
78093,2026-02-09 08:32:00,S013,Planta_2,98.03,4.24
78097,2026-02-09 08:32:00,S017,Planta_2,92.87,2.97
78101,2026-02-09 08:32:00,S021,Planta_3,88.56,1.42
78102,2026-02-09 08:32:00,S022,Planta_3,101.79,4.2
78104,2026-02-09 08:32:00,S024,Planta_3,102.21,0.88
78148,2026-02-09 08:33:00,S028,Planta_3,99.84,1.53
78167,2026-02-09 08:34:00,S007,Planta_1,104.38,3.12
78174,2026-02-09 08:34:00,S014,Planta_2,95.01,1.75
78179,2026-02-09 08:34:00,S019,Planta_2,104.87,1.19
78180,2026-02-09 08:34:00,S020,Planta_2,98.79,4.79
78199,2026-02-09 08:34:00,S039,Planta_4,95.64,0.63
78220,2026-02-09 08:35:00,S020,Planta_2,86.94,0.63
78238,2026-02-09 08:35:00,S038,Planta_4,89.61,1.23
78290,2026-02-09 08:37:00,S010,Planta_1,90.88,2.23
78293,2026-02-09 08:37:00,S013,Planta_2,97.58,2.77
78311,2026-02-09 08:37:00,S031,Planta_4,94.92,1.65
78334,2026-02-09 08:38:00,S014,Planta_2,103.22,2.2
78336,2026-02-09 08:38:00,S016,Planta_2,97.7,5.03
78349,2026-02-09 08:38:00,S029,Planta_3,86.93,3.4
78361,2026-02-09 08:39:00,S001,Planta_1,96.98,3.55
78416,2026-02-09 08:40:00,S016,Planta_2,91.61,3.21
78421,2026-02-09 08:40:00,S021,Planta_3,85.8,3.62
78427,2026-02-09 08:40:00,S027,Planta_3,90.01,4.16
78448,2026-02-09 08:41:00,S008,Planta_1,98.42,2.64
78458,2026-02-09 08:41:00,S018,Planta_2,94.67,1.49
78459,2026-02-09 08:41:00,S019,Planta_2,97.54,4.97
78469,2026-02-09 08:41:00,S029,Planta_3,89.64,4.17
78478,2026-02-09 08:41:00,S038,Planta_4,95.01,3.07
78480,2026-02-09 08:41:00,S040,Planta_4,92.84,5.21
78514,2026-02-09 08:42:00,S034,Planta_4,86.69,2.38
78533,2026-02-09 08:43:00,S013,Planta_2,87.29,1.77
78536,2026-02-09 08:43:00,S016,Planta_2,97.33,3.97
78543,2026-02-09 08:43:00,S023,Planta_3,103.93,3.88
78544,2026-02-09 08:43:00,S024,Planta_3,89.41,2.0
78553,2026-02-09 08:43:00,S033,Planta_4,91.7,0.85
78555,2026-02-09 08:43:00,S035,Planta_4,88.08,3.94
78573,2026-02-09 08:44:00,S013,Planta_2,93.2,3.31
78583,2026-02-09 08:44:00,S023,Planta_3,104.49,5.1
78588,2026-02-09 08:44:00,S028,Planta_3,87.16,5.11
78589,2026-02-09 08:44:00,S029,Planta_3,92.08,2.87
78602,2026-02-09 08:45:00,S002,Planta_1,101.82,3.55
78613,2026-02-09 08:45:00,S013,Planta_2,96.35,3.31
78627,2026-02-09 08:45:00,S027,Planta_3,100.29,3.87
78631,2026-02-09 08:45:00,S031,Planta_4,86.34,3.51
78632,2026-02-09 08:45:00,S032,Planta_4,88.96,1.44
78660,2026-02-09 08:46:00,S020,Planta_2,92.3,0.93
78669,2026-02-09 08:46:00,S029,Planta_3,90.81,3.1
78672,2026-02-09 08:46:00,S032,Planta_4,95.38,2.01
78678,2026-02-09 08:46:00,S038,Planta_4,104.68,3.68
78683,2026-02-09 08:47:00,S003,Planta_1,95.79,5.45
78685,2026-02-09 08:47:00,S005,Planta_1,95.6,4.44
78687,2026-02-09 08:47:00,S007,Planta_1,104.7,2.38
78698,2026-02-09 08:47:00,S018,Planta_2,90.23,2.67
78706,2026-02-09 08:47:00,S026,Planta_3,87.86,4.91
78711,2026-02-09 08:47:00,S031,Planta_4,93.68,4.81
78712,2026-02-09 08:47:00,S032,Planta_4,100.47,3.99
78716,2026-02-09 08:47:00,S036,Planta_4,97.32,3.28
78726,2026-02-09 08:48:00,S006,Planta_1,97.27,1.79
78753,2026-02-09 08:48:00,S033,Planta_4,86.85,2.53
78763,2026-02-09 08:49:00,S003,Planta_1,97.65,5.27
78846,2026-02-09 08:51:00,S006,Planta_1,87.95,3.11
78847,2026-02-09 08:51:00,S007,Planta_1,94.0,4.06
78867,2026-02-09 08:51:00,S027,Planta_3,85.02,3.36
78870,2026-02-09 08:51:00,S030,Planta_3,90.35,3.51
78873,2026-02-09 08:51:00,S033,Planta_4,94.22,4.09
78894,2026-02-09 08:52:00,S014,Planta_2,97.06,4.12
78899,2026-02-09 08:52:00,S019,Planta_2,94.01,2.34
78916,2026-02-09 08:52:00,S036,Planta_4,99.56,0.62
78934,2026-02-09 08:53:00,S014,Planta_2,95.07,3.37
78940,2026-02-09 08:53:00,S020,Planta_2,103.79,5.16
78944,2026-02-09 08:53:00,S024,Planta_3,93.23,2.69
78955,2026-02-09 08:53:00,S035,Planta_4,87.39,1.49
78980,2026-02-09 08:54:00,S020,Planta_2,98.7,2.62
78985,2026-02-09 08:54:00,S025,Planta_3,95.76,4.81
78996,2026-02-09 08:54:00,S036,Planta_4,91.04,4.82
79001,2026-02-09 08:55:00,S001,Planta_1,99.71,1.5
79008,2026-02-09 08:55:00,S008,Planta_1,95.7,3.09
79043,2026-02-09 08:56:00,S003,Planta_1,92.32,4.46
79054,2026-02-09 08:56:00,S014,Planta_2,88.95,3.69
79060,2026-02-09 08:56:00,S020,Planta_2,89.02,3.55
79080,2026-02-09 08:56:00,S040,Planta_4,95.0,2.7
79092,2026-02-09 08:57:00,S012,Planta_2,85.78,2.83
79101,2026-02-09 08:57:00,S021,Planta_3,87.33,4.84
79106,2026-02-09 08:57:00,S026,Planta_3,89.96,4.62
79107,2026-02-09 08:57:00,S027,Planta_3,87.34,1.66
79153,2026-02-09 08:58:00,S033,Planta_4,101.48,5.33
79165,2026-02-09 08:59:00,S005,Planta_1,90.31,2.39
79167,2026-02-09 08:59:00,S007,Planta_1,103.76,0.84
79179,2026-02-09 08:59:00,S019,Planta_2,88.79,5.48
79211,2026-02-09 09:00:00,S011,Planta_2,88.67,2.02
79224,2026-02-09 09:00:00,S024,Planta_3,101.75,1.13
79231,2026-02-09 09:00:00,S031,Planta_4,94.1,2.26
79233,2026-02-09 09:00:00,S033,Planta_4,91.64,4.34
79234,2026-02-09 09:00:00,S034,Planta_4,92.27,3.12
79238,2026-02-09 09:00:00,S038,Planta_4,100.12,5.48
79244,2026-02-09 09:01:00,S004,Planta_1,103.37,1.53
79284,2026-02-09 09:02:00,S004,Planta_1,101.3,5.28
79286,2026-02-09 09:02:00,S006,Planta_1,94.79,2.3
79296,2026-02-09 09:02:00,S016,Planta_2,99.78,3.82
79335,2026-02-09 09:03:00,S015,Planta_2,94.67,3.72
79344,2026-02-09 09:03:00,S024,Planta_3,101.32,2.61
79349,2026-02-09 09:03:00,S029,Planta_3,97.64,4.69
79350,2026-02-09 09:03:00,S030,Planta_3,95.95,4.65
79385,2026-02-09 09:04:00,S025,Planta_3,86.54,0.53
79422,2026-02-09 09:05:00,S022,Planta_3,92.63,4.97
79439,2026-02-09 09:05:00,S039,Planta_4,85.9,4.89
79462,2026-02-09 09:06:00,S022,Planta_3,98.25,2.41
79476,2026-02-09 09:06:00,S036,Planta_4,92.72,3.15
79479,2026-02-09 09:06:00,S039,Planta_4,99.63,4.14
79492,2026-02-09 09:07:00,S012,Planta_2,85.96,2.23
79504,2026-02-09 09:07:00,S024,Planta_3,104.86,0.64
79510,2026-02-09 09:07:00,S030,Planta_3,88.99,5.18
79517,2026-02-09 09:07:00,S037,Planta_4,102.76,0.97
79520,2026-02-09 09:07:00,S040,Planta_4,94.65,3.01
79521,2026-02-09 09:08:00,S001,Planta_1,99.19,2.66
79538,2026-02-09 09:08:00,S018,Planta_2,102.03,4.37
79541,2026-02-09 09:08:00,S021,Planta_3,104.64,1.57
79556,2026-02-09 09:08:00,S036,Planta_4,90.07,4.77
79557,2026-02-09 09:08:00,S037,Planta_4,93.17,4.64
79560,2026-02-09 09:08:00,S040,Planta_4,93.26,2.45
79567,2026-02-09 09:09:00,S007,Planta_1,85.12,4.35
79583,2026-02-09 09:09:00,S023,Planta_3,98.38,1.78
79585,2026-02-09 09:09:00,S025,Planta_3,88.06,1.67
79606,2026-02-09 09:10:00,S006,Planta_1,99.71,3.96
79609,2026-02-09 09:10:00,S009,Planta_1,85.71,1.64
79616,2026-02-09 09:10:00,S016,Planta_2,99.55,4.78
79627,2026-02-09 09:10:00,S027,Planta_3,94.39,2.01
79651,2026-02-09 09:11:00,S011,Planta_2,99.66,2.79
79659,2026-02-09 09:11:00,S019,Planta_2,85.9,4.84
79662,2026-02-09 09:11:00,S022,Planta_3,98.56,0.6
79672,2026-02-09 09:11:00,S032,Planta_4,97.24,4.62
79681,2026-02-09 09:12:00,S001,Planta_1,100.19,3.46
79706,2026-02-09 09:12:00,S026,Planta_3,98.75,1.4
79722,2026-02-09 09:13:00,S002,Planta_1,93.69,4.67
79771,2026-02-09 09:14:00,S011,Planta_2,104.0,3.17
79773,2026-02-09 09:14:00,S013,Planta_2,86.09,5.4
79783,2026-02-09 09:14:00,S023,Planta_3,98.17,3.08
79809,2026-02-09 09:15:00,S009,Planta_1,85.25,1.11
79822,2026-02-09 09:15:00,S022,Planta_3,102.11,3.08
79849,2026-02-09 09:16:00,S009,Planta_1,102.3,3.25
79861,2026-02-09 09:16:00,S021,Planta_3,93.52,1.81
79868,2026-02-09 09:16:00,S028,Planta_3,100.69,1.53
79871,2026-02-09 09:16:00,S031,Planta_4,102.77,2.98
79909,2026-02-09 09:17:00,S029,Planta_3,98.44,0.78
79927,2026-02-09 09:18:00,S007,Planta_1,91.52,1.62
79935,2026-02-09 09:18:00,S015,Planta_2,95.51,5.09
79938,2026-02-09 09:18:00,S018,Planta_2,88.19,0.65
79945,2026-02-09 09:18:00,S025,Planta_3,103.0,1.35
79962,2026-02-09 09:19:00,S002,Planta_1,96.98,1.07
79968,2026-02-09 09:19:00,S008,Planta_1,99.19,4.49
79969,2026-02-09 09:19:00,S009,Planta_1,95.59,5.4
79977,2026-02-09 09:19:00,S017,Planta_2,92.19,2.72
79978,2026-02-09 09:19:00,S018,Planta_2,103.5,1.33
79986,2026-02-09 09:19:00,S026,Planta_3,87.62,3.33
79987,2026-02-09 09:19:00,S027,Planta_3,88.41,4.17
80005,2026-02-09 09:20:00,S005,Planta_1,98.78,5.43
80011,2026-02-09 09:20:00,S011,Planta_2,90.3,0.66
80039,2026-02-09 09:20:00,S039,Planta_4,101.93,1.45
80054,2026-02-09 09:21:00,S014,Planta_2,88.82,1.9
80082,2026-02-09 09:22:00,S002,Planta_1,99.27,3.79
80095,2026-02-09 09:22:00,S015,Planta_2,98.27,2.42
80128,2026-02-09 09:23:00,S008,Planta_1,88.26,4.72
80151,2026-02-09 09:23:00,S031,Planta_4,94.52,4.42
80159,2026-02-09 09:23:00,S039,Planta_4,88.91,4.57
80167,2026-02-09 09:24:00,S007,Planta_1,93.52,3.14
80172,2026-02-09 09:24:00,S012,Planta_2,87.47,2.72
80174,2026-02-09 09:24:00,S014,Planta_2,89.07,0.85
80188,2026-02-09 09:24:00,S028,Planta_3,96.01,2.93
80191,2026-02-09 09:24:00,S031,Planta_4,92.96,2.23
80211,2026-02-09 09:25:00,S011,Planta_2,96.91,3.16
80214,2026-02-09 09:25:00,S014,Planta_2,88.85,2.92
80218,2026-02-09 09:25:00,S018,Planta_2,104.86,1.97
80267,2026-02-09 09:26:00,S027,Planta_3,104.78,3.68
80293,2026-02-09 09:27:00,S013,Planta_2,87.43,3.53
80309,2026-02-09 09:27:00,S029,Planta_3,96.72,5.22
80310,2026-02-09 09:27:00,S030,Planta_3,96.8,3.87
80315,2026-02-09 09:27:00,S035,Planta_4,101.89,1.12
80351,2026-02-09 09:28:00,S031,Planta_4,99.36,5.33
80353,2026-02-09 09:28:00,S033,Planta_4,97.88,3.16
80360,2026-02-09 09:28:00,S040,Planta_4,98.89,3.4
80394,2026-02-09 09:29:00,S034,Planta_4,93.07,4.56
80396,2026-02-09 09:29:00,S036,Planta_4,95.34,1.01
80413,2026-02-09 09:30:00,S013,Planta_2,88.58,3.61
80415,2026-02-09 09:30:00,S015,Planta_2,89.54,2.0
80420,2026-02-09 09:30:00,S020,Planta_2,99.1,3.57
80432,2026-02-09 09:30:00,S032,Planta_4,93.9,4.67
80448,2026-02-09 09:31:00,S008,Planta_1,85.71,4.31
80466,2026-02-09 09:31:00,S026,Planta_3,86.93,4.0
80501,2026-02-09 09:32:00,S021,Planta_3,93.97,1.88
80539,2026-02-09 09:33:00,S019,Planta_2,96.89,4.77
80547,2026-02-09 09:33:00,S027,Planta_3,103.18,5.14
80548,2026-02-09 09:33:00,S028,Planta_3,96.02,4.6
80556,2026-02-09 09:33:00,S036,Planta_4,87.95,4.12
80560,2026-02-09 09:33:00,S040,Planta_4,91.69,1.0
80563,2026-02-09 09:34:00,S003,Planta_1,87.85,2.58
80571,2026-02-09 09:34:00,S011,Planta_2,104.8,2.02
80576,2026-02-09 09:34:00,S016,Planta_2,104.75,4.85
80581,2026-02-09 09:34:00,S021,Planta_3,102.18,5.23
80595,2026-02-09 09:34:00,S035,Planta_4,89.83,1.38
80604,2026-02-09 09:35:00,S004,Planta_1,87.95,5.04
80609,2026-02-09 09:35:00,S009,Planta_1,98.3,2.01
80630,2026-02-09 09:35:00,S030,Planta_3,89.0,0.89
80631,2026-02-09 09:35:00,S031,Planta_4,92.1,3.96
80702,2026-02-09 09:37:00,S022,Planta_3,96.41,2.27
80714,2026-02-09 09:37:00,S034,Planta_4,91.48,2.36
80720,2026-02-09 09:37:00,S040,Planta_4,95.63,4.61
80729,2026-02-09 09:38:00,S009,Planta_1,91.33,3.49
80752,2026-02-09 09:38:00,S032,Planta_4,93.13,3.47
80786,2026-02-09 09:39:00,S026,Planta_3,90.27,2.11
80787,2026-02-09 09:39:00,S027,Planta_3,104.38,5.27
80789,2026-02-09 09:39:00,S029,Planta_3,101.86,5.34
80818,2026-02-09 09:40:00,S018,Planta_2,87.2,2.84
80828,2026-02-09 09:40:00,S028,Planta_3,101.11,1.89
80856,2026-02-09 09:41:00,S016,Planta_2,96.01,0.6
80874,2026-02-09 09:41:00,S034,Planta_4,104.09,4.45
80886,2026-02-09 09:42:00,S006,Planta_1,93.64,4.74
80902,2026-02-09 09:42:00,S022,Planta_3,95.87,4.58
80918,2026-02-09 09:42:00,S038,Planta_4,88.64,5.01
80959,2026-02-09 09:43:00,S039,Planta_4,98.36,1.46
81003,2026-02-09 09:45:00,S003,Planta_1,92.99,3.66
81007,2026-02-09 09:45:00,S007,Planta_1,97.38,1.08
81029,2026-02-09 09:45:00,S029,Planta_3,98.39,1.23
81042,2026-02-09 09:46:00,S002,Planta_1,96.35,5.0
81052,2026-02-09 09:46:00,S012,Planta_2,96.63,2.17
81053,2026-02-09 09:46:00,S013,Planta_2,88.16,4.69
81095,2026-02-09 09:47:00,S015,Planta_2,103.93,1.06
81126,2026-02-09 09:48:00,S006,Planta_1,97.55,3.28
81173,2026-02-09 09:49:00,S013,Planta_2,97.41,2.71
81218,2026-02-09 09:50:00,S018,Planta_2,98.04,3.4
81222,2026-02-09 09:50:00,S022,Planta_3,91.25,3.65
81232,2026-02-09 09:50:00,S032,Planta_4,86.55,1.5
81244,2026-02-09 09:51:00,S004,Planta_1,104.75,4.28
81256,2026-02-09 09:51:00,S016,Planta_2,93.03,1.71
81272,2026-02-09 09:51:00,S032,Planta_4,95.0,4.89
81281,2026-02-09 09:52:00,S001,Planta_1,97.12,3.57
81283,2026-02-09 09:52:00,S003,Planta_1,102.22,1.44
81313,2026-02-09 09:52:00,S033,Planta_4,104.07,4.94
81332,2026-02-09 09:53:00,S012,Planta_2,99.52,2.68
81346,2026-02-09 09:53:00,S026,Planta_3,86.81,0.99
81347,2026-02-09 09:53:00,S027,Planta_3,98.93,5.08
81350,2026-02-09 09:53:00,S030,Planta_3,87.43,1.63
81370,2026-02-09 09:54:00,S010,Planta_1,88.8,0.93
81405,2026-02-09 09:55:00,S005,Planta_1,94.41,3.16
81408,2026-02-09 09:55:00,S008,Planta_1,102.43,5.28
81434,2026-02-09 09:55:00,S034,Planta_4,100.12,2.76
81437,2026-02-09 09:55:00,S037,Planta_4,98.49,4.64
81461,2026-02-09 09:56:00,S021,Planta_3,85.37,3.77
81491,2026-02-09 09:57:00,S011,Planta_2,88.07,3.13
81501,2026-02-09 09:57:00,S021,Planta_3,89.63,0.64
81512,2026-02-09 09:57:00,S032,Planta_4,104.8,1.92
81513,2026-02-09 09:57:00,S033,Planta_4,92.61,3.49
81529,2026-02-09 09:58:00,S009,Planta_1,99.76,0.71
81543,2026-02-09 09:58:00,S023,Planta_3,94.03,4.95
81549,2026-02-09 09:58:00,S029,Planta_3,92.62,2.0
81565,2026-02-09 09:59:00,S005,Planta_1,93.51,2.89
81572,2026-02-09 09:59:00,S012,Planta_2,101.48,0.52
81579,2026-02-09 09:59:00,S019,Planta_2,95.95,2.5
81586,2026-02-09 09:59:00,S026,Planta_3,85.5,2.44
81594,2026-02-09 09:59:00,S034,Planta_4,85.04,4.66
81612,2026-02-09 10:00:00,S012,Planta_2,98.25,0.91
81613,2026-02-09 10:00:00,S013,Planta_2,89.06,2.26
81621,2026-02-09 10:00:00,S021,Planta_3,86.41,2.82
81629,2026-02-09 10:00:00,S029,Planta_3,87.98,1.97
81635,2026-02-09 10:00:00,S035,Planta_4,99.26,5.26
81673,2026-02-09 10:01:00,S033,Planta_4,92.61,4.6
81679,2026-02-09 10:01:00,S039,Planta_4,96.78,5.03
81689,2026-02-09 10:02:00,S009,Planta_1,93.03,3.55
81724,2026-02-09 10:03:00,S004,Planta_1,93.46,5.36
81736,2026-02-09 10:03:00,S016,Planta_2,100.45,2.22
81754,2026-02-09 10:03:00,S034,Planta_4,104.91,5.49
81760,2026-02-09 10:03:00,S040,Planta_4,89.12,1.87
81794,2026-02-09 10:04:00,S034,Planta_4,101.83,1.07
81799,2026-02-09 10:04:00,S039,Planta_4,91.67,0.56
81810,2026-02-09 10:05:00,S010,Planta_1,99.62,4.08
81815,2026-02-09 10:05:00,S015,Planta_2,99.12,4.17
81817,2026-02-09 10:05:00,S017,Planta_2,97.86,3.87
81838,2026-02-09 10:05:00,S038,Planta_4,101.27,1.97
81867,2026-02-09 10:06:00,S027,Planta_3,100.42,5.28
81874,2026-02-09 10:06:00,S034,Planta_4,92.64,3.91
81916,2026-02-09 10:07:00,S036,Planta_4,99.9,2.74
81946,2026-02-09 10:08:00,S026,Planta_3,104.62,3.47
81969,2026-02-09 10:09:00,S009,Planta_1,99.95,2.49
81970,2026-02-09 10:09:00,S010,Planta_1,90.32,5.12
81975,2026-02-09 10:09:00,S015,Planta_2,86.66,2.15
82004,2026-02-09 10:10:00,S004,Planta_1,92.05,2.75
82009,2026-02-09 10:10:00,S009,Planta_1,95.36,1.79
82033,2026-02-09 10:10:00,S033,Planta_4,95.75,3.04
82034,2026-02-09 10:10:00,S034,Planta_4,98.69,3.86
82058,2026-02-09 10:11:00,S018,Planta_2,85.8,3.83
82076,2026-02-09 10:11:00,S036,Planta_4,90.37,5.22
82081,2026-02-09 10:12:00,S001,Planta_1,96.8,5.39
82090,2026-02-09 10:12:00,S010,Planta_1,100.09,2.44
82106,2026-02-09 10:12:00,S026,Planta_3,91.82,1.34
82137,2026-02-09 10:13:00,S017,Planta_2,90.38,4.89
82167,2026-02-09 10:14:00,S007,Planta_1,99.4,5.47
82209,2026-02-09 10:15:00,S009,Planta_1,98.03,2.13
82233,2026-02-09 10:15:00,S033,Planta_4,91.44,1.93
82250,2026-02-09 10:16:00,S010,Planta_1,86.56,5.41
82283,2026-02-09 10:17:00,S003,Planta_1,99.98,4.06
82299,2026-02-09 10:17:00,S019,Planta_2,97.97,1.24
82306,2026-02-09 10:17:00,S026,Planta_3,95.75,1.83
82337,2026-02-09 10:18:00,S017,Planta_2,88.82,5.08
82338,2026-02-09 10:18:00,S018,Planta_2,90.4,4.67
82350,2026-02-09 10:18:00,S030,Planta_3,103.77,1.06
82361,2026-02-09 10:19:00,S001,Planta_1,101.21,1.6
82367,2026-02-09 10:19:00,S007,Planta_1,98.65,4.91
82371,2026-02-09 10:19:00,S011,Planta_2,95.46,5.33
82372,2026-02-09 10:19:00,S012,Planta_2,92.49,1.94
82376,2026-02-09 10:19:00,S016,Planta_2,88.81,2.9
82381,2026-02-09 10:19:00,S021,Planta_3,90.71,0.89
82384,2026-02-09 10:19:00,S024,Planta_3,99.84,1.0
82401,2026-02-09 10:20:00,S001,Planta_1,86.39,3.65
82404,2026-02-09 10:20:00,S004,Planta_1,100.45,3.6
82408,2026-02-09 10:20:00,S008,Planta_1,96.75,2.21
82411,2026-02-09 10:20:00,S011,Planta_2,87.49,3.85
82418,2026-02-09 10:20:00,S018,Planta_2,99.34,5.1
82432,2026-02-09 10:20:00,S032,Planta_4,96.6,4.62
82438,2026-02-09 10:20:00,S038,Planta_4,101.14,2.69
82451,2026-02-09 10:21:00,S011,Planta_2,96.14,3.31
82453,2026-02-09 10:21:00,S013,Planta_2,101.14,1.61
82465,2026-02-09 10:21:00,S025,Planta_3,94.65,2.0
82469,2026-02-09 10:21:00,S029,Planta_3,89.09,3.49
82471,2026-02-09 10:21:00,S031,Planta_4,88.74,4.29
82474,2026-02-09 10:21:00,S034,Planta_4,87.33,4.72
82479,2026-02-09 10:21:00,S039,Planta_4,104.44,1.66
82483,2026-02-09 10:22:00,S003,Planta_1,95.72,3.48
82498,2026-02-09 10:22:00,S018,Planta_2,91.56,4.16
82506,2026-02-09 10:22:00,S026,Planta_3,98.97,3.38
82511,2026-02-09 10:22:00,S031,Planta_4,102.28,2.66
82537,2026-02-09 10:23:00,S017,Planta_2,101.75,2.16
82540,2026-02-09 10:23:00,S020,Planta_2,91.31,4.01
82541,2026-02-09 10:23:00,S021,Planta_3,100.83,1.72
82552,2026-02-09 10:23:00,S032,Planta_4,88.02,1.3
82562,2026-02-09 10:24:00,S002,Planta_1,86.59,4.57
82585,2026-02-09 10:24:00,S025,Planta_3,99.44,2.95
82589,2026-02-09 10:24:00,S029,Planta_3,89.54,2.23
82594,2026-02-09 10:24:00,S034,Planta_4,90.69,0.62
82607,2026-02-09 10:25:00,S007,Planta_1,98.79,2.89
82608,2026-02-09 10:25:00,S008,Planta_1,89.94,4.15
82610,2026-02-09 10:25:00,S010,Planta_1,93.64,3.51
82615,2026-02-09 10:25:00,S015,Planta_2,96.31,2.4
82636,2026-02-09 10:25:00,S036,Planta_4,93.63,1.36
82670,2026-02-09 10:26:00,S030,Planta_3,91.02,1.4
82678,2026-02-09 10:26:00,S038,Planta_4,91.94,1.42
82685,2026-02-09 10:27:00,S005,Planta_1,87.96,1.28
82711,2026-02-09 10:27:00,S031,Planta_4,98.88,3.09
82719,2026-02-09 10:27:00,S039,Planta_4,94.65,2.03
82724,2026-02-09 10:28:00,S004,Planta_1,88.57,4.97
82728,2026-02-09 10:28:00,S008,Planta_1,93.68,5.15
82734,2026-02-09 10:28:00,S014,Planta_2,100.64,4.63
82738,2026-02-09 10:28:00,S018,Planta_2,85.19,1.45
82748,2026-02-09 10:28:00,S028,Planta_3,92.52,4.67
82784,2026-02-09 10:29:00,S024,Planta_3,88.44,5.2
82787,2026-02-09 10:29:00,S027,Planta_3,101.27,1.33
82791,2026-02-09 10:29:00,S031,Planta_4,97.65,3.99
82797,2026-02-09 10:29:00,S037,Planta_4,100.41,2.78
82827,2026-02-09 10:30:00,S027,Planta_3,104.79,2.65
82834,2026-02-09 10:30:00,S034,Planta_4,89.07,3.86
82877,2026-02-09 10:31:00,S037,Planta_4,99.03,2.85
82889,2026-02-09 10:32:00,S009,Planta_1,90.25,1.98
82909,2026-02-09 10:32:00,S029,Planta_3,100.11,5.33
82926,2026-02-09 10:33:00,S006,Planta_1,95.59,4.41
82934,2026-02-09 10:33:00,S014,Planta_2,88.97,4.3
82944,2026-02-09 10:33:00,S024,Planta_3,99.79,0.71
82965,2026-02-09 10:34:00,S005,Planta_1,91.7,3.45
82992,2026-02-09 10:34:00,S032,Planta_4,99.49,1.85
82999,2026-02-09 10:34:00,S039,Planta_4,86.22,2.6
83026,2026-02-09 10:35:00,S026,Planta_3,95.64,3.54
83031,2026-02-09 10:35:00,S031,Planta_4,96.61,2.63
83048,2026-02-09 10:36:00,S008,Planta_1,93.92,3.85
83082,2026-02-09 10:37:00,S002,Planta_1,96.99,5.22
83103,2026-02-09 10:37:00,S023,Planta_3,92.91,1.81
83112,2026-02-09 10:37:00,S032,Planta_4,97.23,4.49
83121,2026-02-09 10:38:00,S001,Planta_1,98.06,2.1
83128,2026-02-09 10:38:00,S008,Planta_1,86.17,2.2
83135,2026-02-09 10:38:00,S015,Planta_2,94.46,0.54
83139,2026-02-09 10:38:00,S019,Planta_2,91.04,3.91
83143,2026-02-09 10:38:00,S023,Planta_3,100.63,0.65
83149,2026-02-09 10:38:00,S029,Planta_3,102.68,4.79
83175,2026-02-09 10:39:00,S015,Planta_2,98.19,3.42
83182,2026-02-09 10:39:00,S022,Planta_3,87.37,3.2
83185,2026-02-09 10:39:00,S025,Planta_3,96.72,1.22
83206,2026-02-09 10:40:00,S006,Planta_1,93.95,3.94
83208,2026-02-09 10:40:00,S008,Planta_1,102.75,1.03
83209,2026-02-09 10:40:00,S009,Planta_1,87.34,1.74
83218,2026-02-09 10:40:00,S018,Planta_2,103.96,5.03
83223,2026-02-09 10:40:00,S023,Planta_3,95.12,1.39
83226,2026-02-09 10:40:00,S026,Planta_3,103.41,2.03
83230,2026-02-09 10:40:00,S030,Planta_3,86.71,2.67
83233,2026-02-09 10:40:00,S033,Planta_4,91.59,2.45
83250,2026-02-09 10:41:00,S010,Planta_1,89.14,0.53
83251,2026-02-09 10:41:00,S011,Planta_2,86.86,1.12
83262,2026-02-09 10:41:00,S022,Planta_3,104.42,4.07
83289,2026-02-09 10:42:00,S009,Planta_1,102.09,0.6
83409,2026-02-09 10:45:00,S009,Planta_1,92.3,4.98
83415,2026-02-09 10:45:00,S015,Planta_2,90.45,3.1
83418,2026-02-09 10:45:00,S018,Planta_2,90.74,3.21
83430,2026-02-09 10:45:00,S030,Planta_3,90.57,3.38
83439,2026-02-09 10:45:00,S039,Planta_4,100.27,3.38
83457,2026-02-09 10:46:00,S017,Planta_2,88.57,1.74
83482,2026-02-09 10:47:00,S002,Planta_1,97.31,4.27
83491,2026-02-09 10:47:00,S011,Planta_2,97.45,5.47
83529,2026-02-09 10:48:00,S009,Planta_1,97.22,5.36
83530,2026-02-09 10:48:00,S010,Planta_1,103.44,1.85
83535,2026-02-09 10:48:00,S015,Planta_2,104.97,4.57
83548,2026-02-09 10:48:00,S028,Planta_3,103.39,4.43
83569,2026-02-09 10:49:00,S009,Planta_1,87.52,3.44
83579,2026-02-09 10:49:00,S019,Planta_2,90.79,3.82
83602,2026-02-09 10:50:00,S002,Planta_1,86.22,4.77
83620,2026-02-09 10:50:00,S020,Planta_2,102.83,3.82
83622,2026-02-09 10:50:00,S022,Planta_3,100.97,1.0
83629,2026-02-09 10:50:00,S029,Planta_3,88.18,4.72
83646,2026-02-09 10:51:00,S006,Planta_1,98.33,3.97
83667,2026-02-09 10:51:00,S027,Planta_3,86.55,4.73
83673,2026-02-09 10:51:00,S033,Planta_4,90.52,3.48
83681,2026-02-09 10:52:00,S001,Planta_1,92.28,3.56
83682,2026-02-09 10:52:00,S002,Planta_1,104.54,3.55
83685,2026-02-09 10:52:00,S005,Planta_1,94.04,1.82
83689,2026-02-09 10:52:00,S009,Planta_1,97.88,3.03
83695,2026-02-09 10:52:00,S015,Planta_2,87.81,3.92
83707,2026-02-09 10:52:00,S027,Planta_3,104.35,4.34
83722,2026-02-09 10:53:00,S002,Planta_1,93.41,3.6
83732,2026-02-09 10:53:00,S012,Planta_2,95.45,2.52
83742,2026-02-09 10:53:00,S022,Planta_3,102.46,5.29
83748,2026-02-09 10:53:00,S028,Planta_3,86.63,4.06
83759,2026-02-09 10:53:00,S039,Planta_4,96.45,1.34
83762,2026-02-09 10:54:00,S002,Planta_1,90.0,3.9
83791,2026-02-09 10:54:00,S031,Planta_4,95.11,2.62
83794,2026-02-09 10:54:00,S034,Planta_4,92.85,4.26
83808,2026-02-09 10:55:00,S008,Planta_1,89.88,2.95
83809,2026-02-09 10:55:00,S009,Planta_1,86.15,5.35
83813,2026-02-09 10:55:00,S013,Planta_2,103.61,4.4
83829,2026-02-09 10:55:00,S029,Planta_3,94.31,2.2
83845,2026-02-09 10:56:00,S005,Planta_1,86.19,0.94
83846,2026-02-09 10:56:00,S006,Planta_1,95.51,2.34
83847,2026-02-09 10:56:00,S007,Planta_1,95.45,0.96
83851,2026-02-09 10:56:00,S011,Planta_2,94.22,3.03
83857,2026-02-09 10:56:00,S017,Planta_2,89.08,4.79
83859,2026-02-09 10:56:00,S019,Planta_2,87.26,4.08
83860,2026-02-09 10:56:00,S020,Planta_2,87.72,5.06
83874,2026-02-09 10:56:00,S034,Planta_4,93.57,2.62
83876,2026-02-09 10:56:00,S036,Planta_4,102.73,4.53
83914,2026-02-09 10:57:00,S034,Planta_4,87.07,4.46
83933,2026-02-09 10:58:00,S013,Planta_2,104.68,4.77
83942,2026-02-09 10:58:00,S022,Planta_3,99.48,5.43
83959,2026-02-09 10:58:00,S039,Planta_4,91.52,3.4
84009,2026-02-09 11:00:00,S009,Planta_1,94.59,0.72
84016,2026-02-09 11:00:00,S016,Planta_2,86.51,1.91
84033,2026-02-09 11:00:00,S033,Planta_4,101.95,5.15
84040,2026-02-09 11:00:00,S040,Planta_4,95.54,1.52
84044,2026-02-09 11:01:00,S004,Planta_1,85.77,3.75
84123,2026-02-09 11:03:00,S003,Planta_1,85.55,2.8
84130,2026-02-09 11:03:00,S010,Planta_1,89.68,4.03
84141,2026-02-09 11:03:00,S021,Planta_3,92.2,3.32
84147,2026-02-09 11:03:00,S027,Planta_3,85.29,1.23
84153,2026-02-09 11:03:00,S033,Planta_4,93.93,5.06
84168,2026-02-09 11:04:00,S008,Planta_1,87.62,0.86
84187,2026-02-09 11:04:00,S027,Planta_3,97.82,1.44
84227,2026-02-09 11:05:00,S027,Planta_3,99.4,2.71
84232,2026-02-09 11:05:00,S032,Planta_4,87.73,1.26
84247,2026-02-09 11:06:00,S007,Planta_1,102.96,3.55
84266,2026-02-09 11:06:00,S026,Planta_3,95.09,2.22
84284,2026-02-09 11:07:00,S004,Planta_1,92.25,5.14
84307,2026-02-09 11:07:00,S027,Planta_3,93.15,5.02
84330,2026-02-09 11:08:00,S010,Planta_1,102.9,2.02
84331,2026-02-09 11:08:00,S011,Planta_2,101.72,2.44
84351,2026-02-09 11:08:00,S031,Planta_4,95.71,1.08
84427,2026-02-09 11:10:00,S027,Planta_3,90.33,3.87
84428,2026-02-09 11:10:00,S028,Planta_3,88.34,0.8
84449,2026-02-09 11:11:00,S009,Planta_1,103.73,2.83
84451,2026-02-09 11:11:00,S011,Planta_2,100.99,4.39
84481,2026-02-09 11:12:00,S001,Planta_1,99.0,1.02
84483,2026-02-09 11:12:00,S003,Planta_1,97.65,1.67
84516,2026-02-09 11:12:00,S036,Planta_4,100.9,3.46
84562,2026-02-09 11:14:00,S002,Planta_1,104.16,4.46
84583,2026-02-09 11:14:00,S023,Planta_3,100.1,1.84
84604,2026-02-09 11:15:00,S004,Planta_1,91.83,1.14
84605,2026-02-09 11:15:00,S005,Planta_1,93.37,2.27
84628,2026-02-09 11:15:00,S028,Planta_3,87.91,4.84
84635,2026-02-09 11:15:00,S035,Planta_4,102.5,1.09
84643,2026-02-09 11:16:00,S003,Planta_1,90.19,3.12
84658,2026-02-09 11:16:00,S018,Planta_2,102.7,4.73
84661,2026-02-09 11:16:00,S021,Planta_3,91.22,1.94
84686,2026-02-09 11:17:00,S006,Planta_1,104.85,2.0
84700,2026-02-09 11:17:00,S020,Planta_2,102.69,0.81
84703,2026-02-09 11:17:00,S023,Planta_3,101.28,0.8
84705,2026-02-09 11:17:00,S025,Planta_3,91.36,2.6
84706,2026-02-09 11:17:00,S026,Planta_3,96.11,1.9
84716,2026-02-09 11:17:00,S036,Planta_4,87.9,0.69
84719,2026-02-09 11:17:00,S039,Planta_4,91.83,3.19
84738,2026-02-09 11:18:00,S018,Planta_2,88.76,2.93
84739,2026-02-09 11:18:00,S019,Planta_2,104.7,0.95
84760,2026-02-09 11:18:00,S040,Planta_4,95.62,5.06
84765,2026-02-09 11:19:00,S005,Planta_1,93.61,4.22
84774,2026-02-09 11:19:00,S014,Planta_2,102.8,2.47
84781,2026-02-09 11:19:00,S021,Planta_3,91.89,5.34
84782,2026-02-09 11:19:00,S022,Planta_3,100.74,0.65
84788,2026-02-09 11:19:00,S028,Planta_3,96.45,4.34
84789,2026-02-09 11:19:00,S029,Planta_3,102.96,2.4
84804,2026-02-09 11:20:00,S004,Planta_1,86.0,3.54
84805,2026-02-09 11:20:00,S005,Planta_1,85.03,2.52
84814,2026-02-09 11:20:00,S014,Planta_2,97.07,3.17
84827,2026-02-09 11:20:00,S027,Planta_3,100.07,4.91
84828,2026-02-09 11:20:00,S028,Planta_3,104.6,3.65
84835,2026-02-09 11:20:00,S035,Planta_4,96.68,4.31
84881,2026-02-09 11:22:00,S001,Planta_1,85.28,2.02
84892,2026-02-09 11:22:00,S012,Planta_2,97.01,2.57
84895,2026-02-09 11:22:00,S015,Planta_2,95.11,4.94
84904,2026-02-09 11:22:00,S024,Planta_3,85.81,1.53
84915,2026-02-09 11:22:00,S035,Planta_4,93.15,4.23
84943,2026-02-09 11:23:00,S023,Planta_3,102.96,2.01
84979,2026-02-09 11:24:00,S019,Planta_2,99.52,3.19
84999,2026-02-09 11:24:00,S039,Planta_4,92.39,1.74
85016,2026-02-09 11:25:00,S016,Planta_2,97.59,2.33
85035,2026-02-09 11:25:00,S035,Planta_4,92.86,3.59
85047,2026-02-09 11:26:00,S007,Planta_1,89.29,3.9
85063,2026-02-09 11:26:00,S023,Planta_3,99.48,0.85
85065,2026-02-09 11:26:00,S025,Planta_3,94.61,4.04
85069,2026-02-09 11:26:00,S029,Planta_3,85.97,1.75
85089,2026-02-09 11:27:00,S009,Planta_1,103.02,3.84
85101,2026-02-09 11:27:00,S021,Planta_3,94.95,5.49
85107,2026-02-09 11:27:00,S027,Planta_3,86.78,3.93
85112,2026-02-09 11:27:00,S032,Planta_4,94.31,4.48
85116,2026-02-09 11:27:00,S036,Planta_4,101.52,3.73
85124,2026-02-09 11:28:00,S004,Planta_1,104.54,2.55
85129,2026-02-09 11:28:00,S009,Planta_1,93.6,3.05
85144,2026-02-09 11:28:00,S024,Planta_3,98.41,4.25
85171,2026-02-09 11:29:00,S011,Planta_2,103.1,0.85
85177,2026-02-09 11:29:00,S017,Planta_2,88.93,4.62
85218,2026-02-09 11:30:00,S018,Planta_2,89.58,2.65
85226,2026-02-09 11:30:00,S026,Planta_3,97.2,2.88
85231,2026-02-09 11:30:00,S031,Planta_4,88.63,1.21
85251,2026-02-09 11:31:00,S011,Planta_2,100.21,4.22
85276,2026-02-09 11:31:00,S036,Planta_4,98.05,3.51
85296,2026-02-09 11:32:00,S016,Planta_2,88.87,0.72
85303,2026-02-09 11:32:00,S023,Planta_3,101.92,4.72
85306,2026-02-09 11:32:00,S026,Planta_3,98.91,3.68
85313,2026-02-09 11:32:00,S033,Planta_4,103.52,2.21
85332,2026-02-09 11:33:00,S012,Planta_2,103.62,2.17
85334,2026-02-09 11:33:00,S014,Planta_2,92.81,0.75
85343,2026-02-09 11:33:00,S023,Planta_3,101.11,1.35
85393,2026-02-09 11:34:00,S033,Planta_4,92.8,4.07
85394,2026-02-09 11:34:00,S034,Planta_4,85.61,4.4
85418,2026-02-09 11:35:00,S018,Planta_2,93.56,1.35
85427,2026-02-09 11:35:00,S027,Planta_3,86.32,2.26
85428,2026-02-09 11:35:00,S028,Planta_3,102.75,4.58
85469,2026-02-09 11:36:00,S029,Planta_3,85.48,3.31
85470,2026-02-09 11:36:00,S030,Planta_3,95.52,1.02
85477,2026-02-09 11:36:00,S037,Planta_4,87.32,3.49
85483,2026-02-09 11:37:00,S003,Planta_1,98.56,2.97
85494,2026-02-09 11:37:00,S014,Planta_2,86.31,4.96
85497,2026-02-09 11:37:00,S017,Planta_2,103.65,0.66
85528,2026-02-09 11:38:00,S008,Planta_1,103.31,3.37
85529,2026-02-09 11:38:00,S009,Planta_1,90.92,2.6
85564,2026-02-09 11:39:00,S004,Planta_1,93.69,2.7
85565,2026-02-09 11:39:00,S005,Planta_1,100.12,1.16
85573,2026-02-09 11:39:00,S013,Planta_2,92.8,0.62
85584,2026-02-09 11:39:00,S024,Planta_3,100.68,4.65
85598,2026-02-09 11:39:00,S038,Planta_4,100.9,3.27
85618,2026-02-09 11:40:00,S018,Planta_2,98.05,3.23
85623,2026-02-09 11:40:00,S023,Planta_3,92.75,3.56
85625,2026-02-09 11:40:00,S025,Planta_3,95.86,4.38
85626,2026-02-09 11:40:00,S026,Planta_3,101.38,5.13
85633,2026-02-09 11:40:00,S033,Planta_4,96.59,2.61
85635,2026-02-09 11:40:00,S035,Planta_4,94.71,1.13
85642,2026-02-09 11:41:00,S002,Planta_1,94.36,3.36
85646,2026-02-09 11:41:00,S006,Planta_1,97.22,2.87
85654,2026-02-09 11:41:00,S014,Planta_2,103.6,4.47
85655,2026-02-09 11:41:00,S015,Planta_2,97.12,3.97
85679,2026-02-09 11:41:00,S039,Planta_4,101.09,1.38
85711,2026-02-09 11:42:00,S031,Planta_4,103.1,5.01
85733,2026-02-09 11:43:00,S013,Planta_2,103.31,4.97
85738,2026-02-09 11:43:00,S018,Planta_2,90.37,3.38
85742,2026-02-09 11:43:00,S022,Planta_3,86.87,0.65
85745,2026-02-09 11:43:00,S025,Planta_3,97.62,4.86
85748,2026-02-09 11:43:00,S028,Planta_3,86.1,3.85
85756,2026-02-09 11:43:00,S036,Planta_4,97.63,3.01
85762,2026-02-09 11:44:00,S002,Planta_1,87.69,2.65
85786,2026-02-09 11:44:00,S026,Planta_3,93.51,3.16
85805,2026-02-09 11:45:00,S005,Planta_1,85.88,2.23
85812,2026-02-09 11:45:00,S012,Planta_2,104.57,2.64
85813,2026-02-09 11:45:00,S013,Planta_2,100.26,3.85
85827,2026-02-09 11:45:00,S027,Planta_3,99.31,4.78
85833,2026-02-09 11:45:00,S033,Planta_4,101.82,4.9
85836,2026-02-09 11:45:00,S036,Planta_4,86.86,3.55
85854,2026-02-09 11:46:00,S014,Planta_2,86.83,5.02
85857,2026-02-09 11:46:00,S017,Planta_2,104.55,3.62
85890,2026-02-09 11:47:00,S010,Planta_1,102.65,5.25
85896,2026-02-09 11:47:00,S016,Planta_2,93.11,3.59
85908,2026-02-09 11:47:00,S028,Planta_3,89.98,2.02
85929,2026-02-09 11:48:00,S009,Planta_1,88.08,1.81
85933,2026-02-09 11:48:00,S013,Planta_2,102.61,5.12
85936,2026-02-09 11:48:00,S016,Planta_2,87.25,2.83
85949,2026-02-09 11:48:00,S029,Planta_3,101.08,3.82
85967,2026-02-09 11:49:00,S007,Planta_1,102.98,0.56
85974,2026-02-09 11:49:00,S014,Planta_2,98.53,4.64
86049,2026-02-09 11:51:00,S009,Planta_1,104.94,1.73
86051,2026-02-09 11:51:00,S011,Planta_2,91.25,3.39
86055,2026-02-09 11:51:00,S015,Planta_2,100.96,4.19
86060,2026-02-09 11:51:00,S020,Planta_2,104.19,2.74
86062,2026-02-09 11:51:00,S022,Planta_3,88.82,4.15
86068,2026-02-09 11:51:00,S028,Planta_3,96.53,3.48
86073,2026-02-09 11:51:00,S033,Planta_4,101.61,5.18
86098,2026-02-09 11:52:00,S018,Planta_2,94.15,4.54
86129,2026-02-09 11:53:00,S009,Planta_1,95.25,1.33
86130,2026-02-09 11:53:00,S010,Planta_1,91.98,1.23
86140,2026-02-09 11:53:00,S020,Planta_2,104.6,4.08
86141,2026-02-09 11:53:00,S021,Planta_3,91.26,1.86
86178,2026-02-09 11:54:00,S018,Planta_2,90.97,5.05
86179,2026-02-09 11:54:00,S019,Planta_2,88.31,3.65
86182,2026-02-09 11:54:00,S022,Planta_3,87.14,2.73
86208,2026-02-09 11:55:00,S008,Planta_1,102.95,1.69
86211,2026-02-09 11:55:00,S011,Planta_2,100.99,2.7
86217,2026-02-09 11:55:00,S017,Planta_2,96.86,3.43
86231,2026-02-09 11:55:00,S031,Planta_4,87.7,2.26
86233,2026-02-09 11:55:00,S033,Planta_4,97.41,1.94
86251,2026-02-09 11:56:00,S011,Planta_2,100.01,3.39
86257,2026-02-09 11:56:00,S017,Planta_2,102.52,1.55
86275,2026-02-09 11:56:00,S035,Planta_4,101.82,0.84
86278,2026-02-09 11:56:00,S038,Planta_4,98.81,4.2
86298,2026-02-09 11:57:00,S018,Planta_2,98.14,3.98
86301,2026-02-09 11:57:00,S021,Planta_3,97.68,3.77
86321,2026-02-09 11:58:00,S001,Planta_1,96.98,4.11
86331,2026-02-09 11:58:00,S011,Planta_2,94.05,3.47
86339,2026-02-09 11:58:00,S019,Planta_2,96.73,1.37
86372,2026-02-09 11:59:00,S012,Planta_2,90.91,1.04
86392,2026-02-09 11:59:00,S032,Planta_4,95.09,0.61
86415,2026-02-09 12:00:00,S015,Planta_2,87.27,5.37
86453,2026-02-09 12:01:00,S013,Planta_2,101.07,1.4
86463,2026-02-09 12:01:00,S023,Planta_3,87.91,4.76
86465,2026-02-09 12:01:00,S025,Planta_3,87.47,1.3
86490,2026-02-09 12:02:00,S010,Planta_1,87.21,4.38
86525,2026-02-09 12:03:00,S005,Planta_1,91.14,4.15
86537,2026-02-09 12:03:00,S017,Planta_2,88.49,4.3
86539,2026-02-09 12:03:00,S019,Planta_2,94.95,3.0
86549,2026-02-09 12:03:00,S029,Planta_3,98.94,1.98
86553,2026-02-09 12:03:00,S033,Planta_4,102.82,4.64
86574,2026-02-09 12:04:00,S014,Planta_2,103.11,3.88
86580,2026-02-09 12:04:00,S020,Planta_2,89.62,3.24
86604,2026-02-09 12:05:00,S004,Planta_1,86.82,2.49
86611,2026-02-09 12:05:00,S011,Planta_2,99.44,4.55
86629,2026-02-09 12:05:00,S029,Planta_3,93.95,3.76
86638,2026-02-09 12:05:00,S038,Planta_4,91.5,2.36
86640,2026-02-09 12:05:00,S040,Planta_4,94.26,0.74
86641,2026-02-09 12:06:00,S001,Planta_1,85.02,5.24
86645,2026-02-09 12:06:00,S005,Planta_1,85.46,4.67
86656,2026-02-09 12:06:00,S016,Planta_2,86.75,1.46
86679,2026-02-09 12:06:00,S039,Planta_4,95.5,0.68
86751,2026-02-09 12:08:00,S031,Planta_4,92.98,4.18
86762,2026-02-09 12:09:00,S002,Planta_1,94.11,4.1
86768,2026-02-09 12:09:00,S008,Planta_1,87.14,4.1
86796,2026-02-09 12:09:00,S036,Planta_4,103.44,4.86
86802,2026-02-09 12:10:00,S002,Planta_1,98.23,5.24
86816,2026-02-09 12:10:00,S016,Planta_2,101.5,1.44
86845,2026-02-09 12:11:00,S005,Planta_1,93.9,5.01
86861,2026-02-09 12:11:00,S021,Planta_3,100.16,1.77
86870,2026-02-09 12:11:00,S030,Planta_3,103.01,5.21
86873,2026-02-09 12:11:00,S033,Planta_4,86.14,3.52
86879,2026-02-09 12:11:00,S039,Planta_4,102.15,2.97
86902,2026-02-09 12:12:00,S022,Planta_3,97.52,4.96
86918,2026-02-09 12:12:00,S038,Planta_4,88.88,0.54
86959,2026-02-09 12:13:00,S039,Planta_4,102.61,0.63
86973,2026-02-09 12:14:00,S013,Planta_2,104.3,2.4
86975,2026-02-09 12:14:00,S015,Planta_2,102.04,0.96
86987,2026-02-09 12:14:00,S027,Planta_3,91.96,2.44
86999,2026-02-09 12:14:00,S039,Planta_4,88.25,3.92
87008,2026-02-09 12:15:00,S008,Planta_1,100.54,2.73
87011,2026-02-09 12:15:00,S011,Planta_2,86.66,2.86
87017,2026-02-09 12:15:00,S017,Planta_2,90.53,5.02
87024,2026-02-09 12:15:00,S024,Planta_3,96.23,0.55
87082,2026-02-09 12:17:00,S002,Planta_1,85.76,4.27
87085,2026-02-09 12:17:00,S005,Planta_1,94.57,5.3
87111,2026-02-09 12:17:00,S031,Planta_4,100.91,3.91
87120,2026-02-09 12:17:00,S040,Planta_4,95.06,3.36
87125,2026-02-09 12:18:00,S005,Planta_1,99.82,1.93
87128,2026-02-09 12:18:00,S008,Planta_1,90.18,1.72
87129,2026-02-09 12:18:00,S009,Planta_1,86.03,4.5
87130,2026-02-09 12:18:00,S010,Planta_1,99.64,3.33
87144,2026-02-09 12:18:00,S024,Planta_3,96.45,2.34
87162,2026-02-09 12:19:00,S002,Planta_1,91.65,3.3
87165,2026-02-09 12:19:00,S005,Planta_1,102.69,1.01
87179,2026-02-09 12:19:00,S019,Planta_2,102.26,0.66
87182,2026-02-09 12:19:00,S022,Planta_3,104.45,5.31
87187,2026-02-09 12:19:00,S027,Planta_3,102.63,3.2
87211,2026-02-09 12:20:00,S011,Planta_2,103.11,5.15
87248,2026-02-09 12:21:00,S008,Planta_1,95.51,1.86
87284,2026-02-09 12:22:00,S004,Planta_1,92.64,1.66
87315,2026-02-09 12:22:00,S035,Planta_4,89.37,2.45
87326,2026-02-09 12:23:00,S006,Planta_1,94.31,1.4
87331,2026-02-09 12:23:00,S011,Planta_2,86.98,3.0
87333,2026-02-09 12:23:00,S013,Planta_2,99.51,3.16
87338,2026-02-09 12:23:00,S018,Planta_2,87.88,2.71
87403,2026-02-09 12:25:00,S003,Planta_1,95.66,0.55
87463,2026-02-09 12:26:00,S023,Planta_3,104.9,4.64
87473,2026-02-09 12:26:00,S033,Planta_4,94.67,3.2
87474,2026-02-09 12:26:00,S034,Planta_4,95.1,1.12
87476,2026-02-09 12:26:00,S036,Planta_4,87.76,4.07
87483,2026-02-09 12:27:00,S003,Planta_1,91.88,3.12
87491,2026-02-09 12:27:00,S011,Planta_2,85.12,1.88
87495,2026-02-09 12:27:00,S015,Planta_2,102.65,1.22
87508,2026-02-09 12:27:00,S028,Planta_3,85.42,4.66
87530,2026-02-09 12:28:00,S010,Planta_1,92.78,3.31
87549,2026-02-09 12:28:00,S029,Planta_3,99.29,5.48
87574,2026-02-09 12:29:00,S014,Planta_2,97.46,2.55
87582,2026-02-09 12:29:00,S022,Planta_3,95.98,1.38
87604,2026-02-09 12:30:00,S004,Planta_1,97.48,1.32
87643,2026-02-09 12:31:00,S003,Planta_1,96.22,2.05
87644,2026-02-09 12:31:00,S004,Planta_1,96.2,5.19
87707,2026-02-09 12:32:00,S027,Planta_3,101.68,1.98
87714,2026-02-09 12:32:00,S034,Planta_4,103.91,0.68
87737,2026-02-09 12:33:00,S017,Planta_2,99.45,1.14
87759,2026-02-09 12:33:00,S039,Planta_4,104.67,0.85
87779,2026-02-09 12:34:00,S019,Planta_2,94.07,1.47
87793,2026-02-09 12:34:00,S033,Planta_4,98.65,2.53
87795,2026-02-09 12:34:00,S035,Planta_4,103.06,2.05
87798,2026-02-09 12:34:00,S038,Planta_4,88.04,4.89
87815,2026-02-09 12:35:00,S015,Planta_2,90.41,2.41
87824,2026-02-09 12:35:00,S024,Planta_3,90.37,2.53
87835,2026-02-09 12:35:00,S035,Planta_4,92.22,0.89
87870,2026-02-09 12:36:00,S030,Planta_3,104.12,5.07
87896,2026-02-09 12:37:00,S016,Planta_2,100.81,4.31
87903,2026-02-09 12:37:00,S023,Planta_3,87.47,5.1
87905,2026-02-09 12:37:00,S025,Planta_3,91.79,0.59
87927,2026-02-09 12:38:00,S007,Planta_1,101.03,4.49
87950,2026-02-09 12:38:00,S030,Planta_3,100.53,3.65
87993,2026-02-09 12:39:00,S033,Planta_4,96.5,3.89
87998,2026-02-09 12:39:00,S038,Planta_4,96.47,1.88
88006,2026-02-09 12:40:00,S006,Planta_1,93.11,3.7
88094,2026-02-09 12:42:00,S014,Planta_2,85.25,2.65
88113,2026-02-09 12:42:00,S033,Planta_4,93.66,4.06
88115,2026-02-09 12:42:00,S035,Planta_4,94.17,4.96
88116,2026-02-09 12:42:00,S036,Planta_4,92.25,4.65
88117,2026-02-09 12:42:00,S037,Planta_4,88.53,3.68
88133,2026-02-09 12:43:00,S013,Planta_2,102.11,3.31
88139,2026-02-09 12:43:00,S019,Planta_2,101.26,3.7
88145,2026-02-09 12:43:00,S025,Planta_3,102.9,5.2
88152,2026-02-09 12:43:00,S032,Planta_4,101.57,1.66
88158,2026-02-09 12:43:00,S038,Planta_4,102.68,4.31
88171,2026-02-09 12:44:00,S011,Planta_2,88.14,5.49
88177,2026-02-09 12:44:00,S017,Planta_2,90.75,1.64
88178,2026-02-09 12:44:00,S018,Planta_2,94.22,3.07
88220,2026-02-09 12:45:00,S020,Planta_2,104.12,2.65
88222,2026-02-09 12:45:00,S022,Planta_3,99.98,1.64
88223,2026-02-09 12:45:00,S023,Planta_3,85.64,2.96
88236,2026-02-09 12:45:00,S036,Planta_4,99.07,1.07
88250,2026-02-09 12:46:00,S010,Planta_1,99.13,2.16
88271,2026-02-09 12:46:00,S031,Planta_4,99.2,1.68
88284,2026-02-09 12:47:00,S004,Planta_1,89.5,4.53
88340,2026-02-09 12:48:00,S020,Planta_2,104.81,0.66
88343,2026-02-09 12:48:00,S023,Planta_3,99.22,3.08
88368,2026-02-09 12:49:00,S008,Planta_1,102.26,1.56
88372,2026-02-09 12:49:00,S012,Planta_2,100.47,3.16
88377,2026-02-09 12:49:00,S017,Planta_2,99.57,1.32
88382,2026-02-09 12:49:00,S022,Planta_3,87.2,2.75
88389,2026-02-09 12:49:00,S029,Planta_3,90.81,3.15
88409,2026-02-09 12:50:00,S009,Planta_1,91.09,4.75
88423,2026-02-09 12:50:00,S023,Planta_3,86.32,5.09
88431,2026-02-09 12:50:00,S031,Planta_4,88.17,0.96
88433,2026-02-09 12:50:00,S033,Planta_4,98.89,2.71
88460,2026-02-09 12:51:00,S020,Planta_2,87.42,4.49
88461,2026-02-09 12:51:00,S021,Planta_3,85.6,1.77
88462,2026-02-09 12:51:00,S022,Planta_3,89.24,1.07
88464,2026-02-09 12:51:00,S024,Planta_3,91.8,1.71
88479,2026-02-09 12:51:00,S039,Planta_4,96.55,1.69
88487,2026-02-09 12:52:00,S007,Planta_1,85.81,3.76
88488,2026-02-09 12:52:00,S008,Planta_1,98.05,2.86
88535,2026-02-09 12:53:00,S015,Planta_2,88.6,3.74
88540,2026-02-09 12:53:00,S020,Planta_2,98.07,4.99
88551,2026-02-09 12:53:00,S031,Planta_4,98.13,3.45
88643,2026-02-09 12:56:00,S003,Planta_1,93.36,2.93
88650,2026-02-09 12:56:00,S010,Planta_1,101.64,3.22
88652,2026-02-09 12:56:00,S012,Planta_2,99.77,3.6
88687,2026-02-09 12:57:00,S007,Planta_1,90.2,0.83
88689,2026-02-09 12:57:00,S009,Planta_1,91.47,3.66
88704,2026-02-09 12:57:00,S024,Planta_3,97.16,3.76
88705,2026-02-09 12:57:00,S025,Planta_3,100.12,0.61
88733,2026-02-09 12:58:00,S013,Planta_2,94.87,0.54
88750,2026-02-09 12:58:00,S030,Planta_3,86.85,4.02
88773,2026-02-09 12:59:00,S013,Planta_2,87.5,2.85
88780,2026-02-09 12:59:00,S020,Planta_2,88.45,4.71
88793,2026-02-09 12:59:00,S033,Planta_4,102.63,1.83
88820,2026-02-09 13:00:00,S020,Planta_2,100.47,3.0
88842,2026-02-09 13:01:00,S002,Planta_1,103.06,4.86
88864,2026-02-09 13:01:00,S024,Planta_3,97.97,1.39
88866,2026-02-09 13:01:00,S026,Planta_3,86.37,1.4
88868,2026-02-09 13:01:00,S028,Planta_3,99.18,4.31
88869,2026-02-09 13:01:00,S029,Planta_3,96.3,3.53
88898,2026-02-09 13:02:00,S018,Planta_2,85.42,4.78
88932,2026-02-09 13:03:00,S012,Planta_2,97.29,3.91
88937,2026-02-09 13:03:00,S017,Planta_2,93.67,1.92
88938,2026-02-09 13:03:00,S018,Planta_2,99.87,3.97
88943,2026-02-09 13:03:00,S023,Planta_3,91.98,4.13
88945,2026-02-09 13:03:00,S025,Planta_3,92.24,1.68
88949,2026-02-09 13:03:00,S029,Planta_3,86.8,1.33
88963,2026-02-09 13:04:00,S003,Planta_1,90.89,3.49
88985,2026-02-09 13:04:00,S025,Planta_3,95.28,1.39
89015,2026-02-09 13:05:00,S015,Planta_2,99.05,1.85
89022,2026-02-09 13:05:00,S022,Planta_3,97.94,1.04
89038,2026-02-09 13:05:00,S038,Planta_4,95.89,2.44
89041,2026-02-09 13:06:00,S001,Planta_1,90.48,1.51
89068,2026-02-09 13:06:00,S028,Planta_3,86.99,4.04
89093,2026-02-09 13:07:00,S013,Planta_2,102.35,2.19
89113,2026-02-09 13:07:00,S033,Planta_4,86.5,2.9
89147,2026-02-09 13:08:00,S027,Planta_3,90.23,0.51
89171,2026-02-09 13:09:00,S011,Planta_2,89.66,2.83
89183,2026-02-09 13:09:00,S023,Planta_3,93.69,2.56
89190,2026-02-09 13:09:00,S030,Planta_3,101.92,5.39
89227,2026-02-09 13:10:00,S027,Planta_3,89.05,3.39
89234,2026-02-09 13:10:00,S034,Planta_4,94.06,5.24
89238,2026-02-09 13:10:00,S038,Planta_4,91.78,1.37
89249,2026-02-09 13:11:00,S009,Planta_1,90.49,4.65
89259,2026-02-09 13:11:00,S019,Planta_2,104.99,3.64
89260,2026-02-09 13:11:00,S020,Planta_2,88.45,2.71
89287,2026-02-09 13:12:00,S007,Planta_1,92.46,5.01
89294,2026-02-09 13:12:00,S014,Planta_2,104.48,4.96
89346,2026-02-09 13:13:00,S026,Planta_3,85.82,3.04
89352,2026-02-09 13:13:00,S032,Planta_4,102.68,2.62
89365,2026-02-09 13:14:00,S005,Planta_1,104.39,5.39
89367,2026-02-09 13:14:00,S007,Planta_1,89.5,0.68
89383,2026-02-09 13:14:00,S023,Planta_3,89.38,1.75
89394,2026-02-09 13:14:00,S034,Planta_4,94.75,4.65
89426,2026-02-09 13:15:00,S026,Planta_3,99.94,4.69
89429,2026-02-09 13:15:00,S029,Planta_3,103.33,0.71
89439,2026-02-09 13:15:00,S039,Planta_4,102.37,4.9
89443,2026-02-09 13:16:00,S003,Planta_1,99.63,5.11
89454,2026-02-09 13:16:00,S014,Planta_2,103.74,3.06
89469,2026-02-09 13:16:00,S029,Planta_3,98.83,2.91
89482,2026-02-09 13:17:00,S002,Planta_1,91.08,0.9
89494,2026-02-09 13:17:00,S014,Planta_2,100.14,3.62
89513,2026-02-09 13:17:00,S033,Planta_4,90.07,3.21
89522,2026-02-09 13:18:00,S002,Planta_1,96.34,3.16
89541,2026-02-09 13:18:00,S021,Planta_3,98.95,0.92
89550,2026-02-09 13:18:00,S030,Planta_3,86.69,4.09
89559,2026-02-09 13:18:00,S039,Planta_4,100.69,4.88
89565,2026-02-09 13:19:00,S005,Planta_1,104.07,2.1
89568,2026-02-09 13:19:00,S008,Planta_1,103.53,3.37
89569,2026-02-09 13:19:00,S009,Planta_1,88.19,0.67
89579,2026-02-09 13:19:00,S019,Planta_2,102.45,4.78
89636,2026-02-09 13:20:00,S036,Planta_4,101.52,0.53
89643,2026-02-09 13:21:00,S003,Planta_1,102.02,5.44
89646,2026-02-09 13:21:00,S006,Planta_1,88.49,3.03
89649,2026-02-09 13:21:00,S009,Planta_1,99.34,1.48
89653,2026-02-09 13:21:00,S013,Planta_2,102.55,1.47
89669,2026-02-09 13:21:00,S029,Planta_3,99.12,2.58
89672,2026-02-09 13:21:00,S032,Planta_4,89.2,4.19
89688,2026-02-09 13:22:00,S008,Planta_1,89.45,1.94
89690,2026-02-09 13:22:00,S010,Planta_1,99.95,1.31
89693,2026-02-09 13:22:00,S013,Planta_2,90.27,1.95
89703,2026-02-09 13:22:00,S023,Planta_3,104.77,3.65
89707,2026-02-09 13:22:00,S027,Planta_3,104.65,4.3
89712,2026-02-09 13:22:00,S032,Planta_4,92.2,2.79
89743,2026-02-09 13:23:00,S023,Planta_3,85.58,4.64
89749,2026-02-09 13:23:00,S029,Planta_3,103.08,4.64
89777,2026-02-09 13:24:00,S017,Planta_2,99.38,2.69
89830,2026-02-09 13:25:00,S030,Planta_3,91.4,3.32
89869,2026-02-09 13:26:00,S029,Planta_3,85.09,4.97
89878,2026-02-09 13:26:00,S038,Planta_4,100.82,1.64
89881,2026-02-09 13:27:00,S001,Planta_1,87.51,2.71
89883,2026-02-09 13:27:00,S003,Planta_1,86.24,4.88
89885,2026-02-09 13:27:00,S005,Planta_1,98.48,3.44
89894,2026-02-09 13:27:00,S014,Planta_2,101.81,2.93
89919,2026-02-09 13:27:00,S039,Planta_4,89.14,3.13
89924,2026-02-09 13:28:00,S004,Planta_1,89.44,4.41
89942,2026-02-09 13:28:00,S022,Planta_3,97.58,3.33
89975,2026-02-09 13:29:00,S015,Planta_2,104.43,1.53
89994,2026-02-09 13:29:00,S034,Planta_4,95.45,3.88
90000,2026-02-09 13:29:00,S040,Planta_4,89.25,0.51
90022,2026-02-09 13:30:00,S022,Planta_3,102.27,1.41
90025,2026-02-09 13:30:00,S025,Planta_3,90.15,3.82
90030,2026-02-09 13:30:00,S030,Planta_3,93.64,2.46
90033,2026-02-09 13:30:00,S033,Planta_4,100.51,1.41
90065,2026-02-09 13:31:00,S025,Planta_3,99.33,2.85
90068,2026-02-09 13:31:00,S028,Planta_3,87.24,1.88
90083,2026-02-09 13:32:00,S003,Planta_1,96.2,4.78
90090,2026-02-09 13:32:00,S010,Planta_1,98.53,5.27
90091,2026-02-09 13:32:00,S011,Planta_2,91.89,2.52
90099,2026-02-09 13:32:00,S019,Planta_2,85.39,2.59
90107,2026-02-09 13:32:00,S027,Planta_3,85.91,4.9
90108,2026-02-09 13:32:00,S028,Planta_3,94.39,4.98
90119,2026-02-09 13:32:00,S039,Planta_4,93.29,0.89
90122,2026-02-09 13:33:00,S002,Planta_1,98.29,2.08
90180,2026-02-09 13:34:00,S020,Planta_2,91.07,3.92
90183,2026-02-09 13:34:00,S023,Planta_3,86.08,4.62
90186,2026-02-09 13:34:00,S026,Planta_3,103.24,3.42
90189,2026-02-09 13:34:00,S029,Planta_3,88.53,1.49
90247,2026-02-09 13:36:00,S007,Planta_1,103.17,2.91
90269,2026-02-09 13:36:00,S029,Planta_3,86.16,4.65
90271,2026-02-09 13:36:00,S031,Planta_4,88.28,0.93
90294,2026-02-09 13:37:00,S014,Planta_2,102.71,0.92
90306,2026-02-09 13:37:00,S026,Planta_3,87.74,2.11
90340,2026-02-09 13:38:00,S020,Planta_2,85.84,0.74
90341,2026-02-09 13:38:00,S021,Planta_3,102.32,0.81
90352,2026-02-09 13:38:00,S032,Planta_4,89.33,5.21
90358,2026-02-09 13:38:00,S038,Planta_4,102.2,0.54
90360,2026-02-09 13:38:00,S040,Planta_4,85.96,1.16
90368,2026-02-09 13:39:00,S008,Planta_1,87.89,5.16
90377,2026-02-09 13:39:00,S017,Planta_2,104.37,1.87
90385,2026-02-09 13:39:00,S025,Planta_3,92.1,4.17
90407,2026-02-09 13:40:00,S007,Planta_1,100.11,4.36
90413,2026-02-09 13:40:00,S013,Planta_2,96.89,4.75
90416,2026-02-09 13:40:00,S016,Planta_2,103.91,2.65
90430,2026-02-09 13:40:00,S030,Planta_3,92.43,4.11
90454,2026-02-09 13:41:00,S014,Planta_2,98.89,3.01
90478,2026-02-09 13:41:00,S038,Planta_4,86.75,3.02
90509,2026-02-09 13:42:00,S029,Planta_3,96.01,2.35
90534,2026-02-09 13:43:00,S014,Planta_2,103.97,0.71
90549,2026-02-09 13:43:00,S029,Planta_3,85.2,4.5
90562,2026-02-09 13:44:00,S002,Planta_1,93.52,1.01
90567,2026-02-09 13:44:00,S007,Planta_1,97.9,0.63
90581,2026-02-09 13:44:00,S021,Planta_3,95.2,1.92
90583,2026-02-09 13:44:00,S023,Planta_3,98.28,1.36
90584,2026-02-09 13:44:00,S024,Planta_3,92.04,3.7
90591,2026-02-09 13:44:00,S031,Planta_4,91.96,4.25
90598,2026-02-09 13:44:00,S038,Planta_4,95.19,4.55
90603,2026-02-09 13:45:00,S003,Planta_1,93.86,2.91
90632,2026-02-09 13:45:00,S032,Planta_4,91.12,4.1
90636,2026-02-09 13:45:00,S036,Planta_4,85.52,3.24
90642,2026-02-09 13:46:00,S002,Planta_1,104.54,1.2
90647,2026-02-09 13:46:00,S007,Planta_1,98.04,4.83
90667,2026-02-09 13:46:00,S027,Planta_3,93.28,4.82
90673,2026-02-09 13:46:00,S033,Planta_4,104.74,1.05
90684,2026-02-09 13:47:00,S004,Planta_1,87.3,1.86
90699,2026-02-09 13:47:00,S019,Planta_2,94.33,3.66
90709,2026-02-09 13:47:00,S029,Planta_3,86.26,3.25
90714,2026-02-09 13:47:00,S034,Planta_4,94.4,4.69
90733,2026-02-09 13:48:00,S013,Planta_2,85.46,1.92
90734,2026-02-09 13:48:00,S014,Planta_2,86.47,4.27
90735,2026-02-09 13:48:00,S015,Planta_2,92.69,2.01
90741,2026-02-09 13:48:00,S021,Planta_3,101.0,0.52
90756,2026-02-09 13:48:00,S036,Planta_4,87.45,1.28
90767,2026-02-09 13:49:00,S007,Planta_1,100.82,4.06
90774,2026-02-09 13:49:00,S014,Planta_2,95.29,3.52
90780,2026-02-09 13:49:00,S020,Planta_2,103.28,4.95
90794,2026-02-09 13:49:00,S034,Planta_4,95.71,1.99
90836,2026-02-09 13:50:00,S036,Planta_4,97.9,2.74
90855,2026-02-09 13:51:00,S015,Planta_2,94.35,5.1
90873,2026-02-09 13:51:00,S033,Planta_4,91.21,4.84
90890,2026-02-09 13:52:00,S010,Planta_1,91.98,3.3
90892,2026-02-09 13:52:00,S012,Planta_2,97.5,1.71
90905,2026-02-09 13:52:00,S025,Planta_3,103.31,4.33
90922,2026-02-09 13:53:00,S002,Planta_1,88.4,4.77
90931,2026-02-09 13:53:00,S011,Planta_2,87.91,4.83
90933,2026-02-09 13:53:00,S013,Planta_2,87.67,1.61
90942,2026-02-09 13:53:00,S022,Planta_3,101.96,4.62
90945,2026-02-09 13:53:00,S025,Planta_3,93.0,2.78
90960,2026-02-09 13:53:00,S040,Planta_4,99.57,1.51
90995,2026-02-09 13:54:00,S035,Planta_4,93.15,0.8
91002,2026-02-09 13:55:00,S002,Planta_1,100.16,0.9
91019,2026-02-09 13:55:00,S019,Planta_2,95.17,4.11
91028,2026-02-09 13:55:00,S028,Planta_3,86.8,1.95
91035,2026-02-09 13:55:00,S035,Planta_4,95.07,1.96
91038,2026-02-09 13:55:00,S038,Planta_4,94.45,5.35
91041,2026-02-09 13:56:00,S001,Planta_1,103.31,2.43
91046,2026-02-09 13:56:00,S006,Planta_1,85.93,5.23
91059,2026-02-09 13:56:00,S019,Planta_2,100.01,3.12
91079,2026-02-09 13:56:00,S039,Planta_4,88.22,4.85
91087,2026-02-09 13:57:00,S007,Planta_1,102.27,3.21
91133,2026-02-09 13:58:00,S013,Planta_2,103.46,4.96
91136,2026-02-09 13:58:00,S016,Planta_2,98.3,2.17
91140,2026-02-09 13:58:00,S020,Planta_2,104.73,4.51
91170,2026-02-09 13:59:00,S010,Planta_1,96.9,4.13
91193,2026-02-09 13:59:00,S033,Planta_4,96.48,2.89
91196,2026-02-09 13:59:00,S036,Planta_4,100.33,4.77
91259,2026-02-09 14:01:00,S019,Planta_2,93.44,5.17
91269,2026-02-09 14:01:00,S029,Planta_3,102.44,2.59
91273,2026-02-09 14:01:00,S033,Planta_4,88.4,1.39
91302,2026-02-09 14:02:00,S022,Planta_3,103.88,3.67
91305,2026-02-09 14:02:00,S025,Planta_3,104.51,2.04
91306,2026-02-09 14:02:00,S026,Planta_3,91.31,1.1
91312,2026-02-09 14:02:00,S032,Planta_4,97.34,1.75
91316,2026-02-09 14:02:00,S036,Planta_4,99.67,3.7
91317,2026-02-09 14:02:00,S037,Planta_4,91.14,1.19
91320,2026-02-09 14:02:00,S040,Planta_4,99.29,1.28
91335,2026-02-09 14:03:00,S015,Planta_2,96.98,4.99
91348,2026-02-09 14:03:00,S028,Planta_3,90.97,3.14
91356,2026-02-09 14:03:00,S036,Planta_4,86.82,4.23
91395,2026-02-09 14:04:00,S035,Planta_4,101.91,5.48
91406,2026-02-09 14:05:00,S006,Planta_1,87.73,2.41
91408,2026-02-09 14:05:00,S008,Planta_1,100.75,1.55
91441,2026-02-09 14:06:00,S001,Planta_1,86.77,4.05
91444,2026-02-09 14:06:00,S004,Planta_1,94.98,2.29
91449,2026-02-09 14:06:00,S009,Planta_1,99.36,3.4
91497,2026-02-09 14:07:00,S017,Planta_2,89.4,5.47
91498,2026-02-09 14:07:00,S018,Planta_2,103.89,1.7
91503,2026-02-09 14:07:00,S023,Planta_3,101.49,2.0
91515,2026-02-09 14:07:00,S035,Planta_4,97.98,4.82
91536,2026-02-09 14:08:00,S016,Planta_2,100.57,3.71
91544,2026-02-09 14:08:00,S024,Planta_3,89.13,3.15
91548,2026-02-09 14:08:00,S028,Planta_3,85.76,4.82
91606,2026-02-09 14:10:00,S006,Planta_1,91.84,4.11
91609,2026-02-09 14:10:00,S009,Planta_1,99.87,4.7
91612,2026-02-09 14:10:00,S012,Planta_2,90.97,3.46
91632,2026-02-09 14:10:00,S032,Planta_4,92.9,3.94
91636,2026-02-09 14:10:00,S036,Planta_4,97.91,5.29
91637,2026-02-09 14:10:00,S037,Planta_4,91.98,1.0
91666,2026-02-09 14:11:00,S026,Planta_3,86.7,0.75
91678,2026-02-09 14:11:00,S038,Planta_4,91.8,4.33
91691,2026-02-09 14:12:00,S011,Planta_2,89.73,3.52
91709,2026-02-09 14:12:00,S029,Planta_3,91.88,3.66
91712,2026-02-09 14:12:00,S032,Planta_4,92.64,2.55
91758,2026-02-09 14:13:00,S038,Planta_4,103.74,2.46
91768,2026-02-09 14:14:00,S008,Planta_1,86.85,1.17
91779,2026-02-09 14:14:00,S019,Planta_2,89.46,1.68
91805,2026-02-09 14:15:00,S005,Planta_1,93.42,2.58
91813,2026-02-09 14:15:00,S013,Planta_2,94.01,2.17
91815,2026-02-09 14:15:00,S015,Planta_2,98.66,4.25
91817,2026-02-09 14:15:00,S017,Planta_2,90.66,3.95
91818,2026-02-09 14:15:00,S018,Planta_2,93.96,2.51
91820,2026-02-09 14:15:00,S020,Planta_2,103.37,0.61
91830,2026-02-09 14:15:00,S030,Planta_3,85.94,5.18
91863,2026-02-09 14:16:00,S023,Planta_3,92.97,1.96
91866,2026-02-09 14:16:00,S026,Planta_3,102.26,5.07
91868,2026-02-09 14:16:00,S028,Planta_3,89.97,2.01
91874,2026-02-09 14:16:00,S034,Planta_4,104.81,0.55
91902,2026-02-09 14:17:00,S022,Planta_3,88.97,5.36
91939,2026-02-09 14:18:00,S019,Planta_2,99.49,4.02
91944,2026-02-09 14:18:00,S024,Planta_3,92.26,4.43
91953,2026-02-09 14:18:00,S033,Planta_4,87.69,3.66
91954,2026-02-09 14:18:00,S034,Planta_4,101.97,2.37
91965,2026-02-09 14:19:00,S005,Planta_1,100.14,3.61
91973,2026-02-09 14:19:00,S013,Planta_2,87.6,1.48
91982,2026-02-09 14:19:00,S022,Planta_3,91.73,2.66
91983,2026-02-09 14:19:00,S023,Planta_3,103.91,1.65
91984,2026-02-09 14:19:00,S024,Planta_3,93.55,4.1
92002,2026-02-09 14:20:00,S002,Planta_1,86.77,4.02
92007,2026-02-09 14:20:00,S007,Planta_1,92.35,0.55
92010,2026-02-09 14:20:00,S010,Planta_1,86.61,0.6
92016,2026-02-09 14:20:00,S016,Planta_2,93.66,3.69
92017,2026-02-09 14:20:00,S017,Planta_2,104.81,0.59
92024,2026-02-09 14:20:00,S024,Planta_3,98.13,0.83
92047,2026-02-09 14:21:00,S007,Planta_1,99.95,2.26
92067,2026-02-09 14:21:00,S027,Planta_3,104.24,1.52
92111,2026-02-09 14:22:00,S031,Planta_4,93.97,4.71
92160,2026-02-09 14:23:00,S040,Planta_4,103.94,5.06
92185,2026-02-09 14:24:00,S025,Planta_3,86.66,4.83
92186,2026-02-09 14:24:00,S026,Planta_3,86.85,1.39
92208,2026-02-09 14:25:00,S008,Planta_1,94.34,5.2
92211,2026-02-09 14:25:00,S011,Planta_2,92.01,1.09
92226,2026-02-09 14:25:00,S026,Planta_3,94.16,3.91
92232,2026-02-09 14:25:00,S032,Planta_4,87.26,0.76
92235,2026-02-09 14:25:00,S035,Planta_4,96.19,1.72
92289,2026-02-09 14:27:00,S009,Planta_1,88.2,0.63
92315,2026-02-09 14:27:00,S035,Planta_4,99.52,4.33
92340,2026-02-09 14:28:00,S020,Planta_2,103.9,0.93
92372,2026-02-09 14:29:00,S012,Planta_2,94.39,3.31
92374,2026-02-09 14:29:00,S014,Planta_2,103.2,0.91
92382,2026-02-09 14:29:00,S022,Planta_3,92.2,0.71
92389,2026-02-09 14:29:00,S029,Planta_3,89.96,1.19
92397,2026-02-09 14:29:00,S037,Planta_4,104.3,3.89
92406,2026-02-09 14:30:00,S006,Planta_1,86.06,1.55
92435,2026-02-09 14:30:00,S035,Planta_4,94.69,1.23
92445,2026-02-09 14:31:00,S005,Planta_1,88.75,3.84
92463,2026-02-09 14:31:00,S023,Planta_3,92.03,2.31
92481,2026-02-09 14:32:00,S001,Planta_1,100.86,4.02
92512,2026-02-09 14:32:00,S032,Planta_4,90.61,5.34
92514,2026-02-09 14:32:00,S034,Planta_4,94.27,1.43
92542,2026-02-09 14:33:00,S022,Planta_3,97.62,3.04
92577,2026-02-09 14:34:00,S017,Planta_2,97.72,3.48
92630,2026-02-09 14:35:00,S030,Planta_3,104.98,3.01
92655,2026-02-09 14:36:00,S015,Planta_2,95.2,1.09
92657,2026-02-09 14:36:00,S017,Planta_2,95.81,2.54
92675,2026-02-09 14:36:00,S035,Planta_4,88.18,1.88
92682,2026-02-09 14:37:00,S002,Planta_1,88.4,3.63
92694,2026-02-09 14:37:00,S014,Planta_2,97.44,5.14
92700,2026-02-09 14:37:00,S020,Planta_2,101.81,1.32
92713,2026-02-09 14:37:00,S033,Planta_4,104.82,2.19
92717,2026-02-09 14:37:00,S037,Planta_4,101.37,3.38
92727,2026-02-09 14:38:00,S007,Planta_1,97.88,5.22
92746,2026-02-09 14:38:00,S026,Planta_3,91.2,5.09
92790,2026-02-09 14:39:00,S030,Planta_3,91.57,1.5
92801,2026-02-09 14:40:00,S001,Planta_1,104.07,3.78
92826,2026-02-09 14:40:00,S026,Planta_3,91.57,2.21
92830,2026-02-09 14:40:00,S030,Planta_3,104.63,4.88
92851,2026-02-09 14:41:00,S011,Planta_2,90.81,2.89
92871,2026-02-09 14:41:00,S031,Planta_4,86.18,3.55
92884,2026-02-09 14:42:00,S004,Planta_1,104.76,3.06
92891,2026-02-09 14:42:00,S011,Planta_2,102.93,1.99
92896,2026-02-09 14:42:00,S016,Planta_2,87.62,3.64
92910,2026-02-09 14:42:00,S030,Planta_3,89.87,2.65
92987,2026-02-09 14:44:00,S027,Planta_3,91.69,1.53
92991,2026-02-09 14:44:00,S031,Planta_4,89.51,2.6
92998,2026-02-09 14:44:00,S038,Planta_4,88.25,4.06
93009,2026-02-09 14:45:00,S009,Planta_1,98.12,1.15
93029,2026-02-09 14:45:00,S029,Planta_3,96.94,1.14
93040,2026-02-09 14:45:00,S040,Planta_4,91.71,1.31
93060,2026-02-09 14:46:00,S020,Planta_2,102.34,4.0
93070,2026-02-09 14:46:00,S030,Planta_3,90.36,3.65
93087,2026-02-09 14:47:00,S007,Planta_1,90.93,3.98
93088,2026-02-09 14:47:00,S008,Planta_1,85.98,0.81
93093,2026-02-09 14:47:00,S013,Planta_2,100.85,4.09
93097,2026-02-09 14:47:00,S017,Planta_2,89.57,3.37
93126,2026-02-09 14:48:00,S006,Planta_1,100.76,4.04
93128,2026-02-09 14:48:00,S008,Planta_1,98.42,1.45
93129,2026-02-09 14:48:00,S009,Planta_1,89.75,3.39
93154,2026-02-09 14:48:00,S034,Planta_4,86.16,1.75
93176,2026-02-09 14:49:00,S016,Planta_2,101.58,4.87
93180,2026-02-09 14:49:00,S020,Planta_2,103.86,5.18
93211,2026-02-09 14:50:00,S011,Planta_2,97.75,3.7
93224,2026-02-09 14:50:00,S024,Planta_3,85.28,5.21
93229,2026-02-09 14:50:00,S029,Planta_3,97.81,3.16
93263,2026-02-09 14:51:00,S023,Planta_3,95.08,1.69
93286,2026-02-09 14:52:00,S006,Planta_1,93.79,4.78
93294,2026-02-09 14:52:00,S014,Planta_2,87.28,2.4
93305,2026-02-09 14:52:00,S025,Planta_3,88.16,4.12
93319,2026-02-09 14:52:00,S039,Planta_4,100.72,4.01
93333,2026-02-09 14:53:00,S013,Planta_2,87.06,3.98
93345,2026-02-09 14:53:00,S025,Planta_3,101.16,0.6
93346,2026-02-09 14:53:00,S026,Planta_3,99.17,1.92
93360,2026-02-09 14:53:00,S040,Planta_4,99.05,3.64
93418,2026-02-09 14:55:00,S018,Planta_2,104.49,5.04
93422,2026-02-09 14:55:00,S022,Planta_3,103.26,2.37
93435,2026-02-09 14:55:00,S035,Planta_4,85.77,1.65
93480,2026-02-09 14:56:00,S040,Planta_4,104.29,4.47
93497,2026-02-09 14:57:00,S017,Planta_2,85.05,2.89
93501,2026-02-09 14:57:00,S021,Planta_3,94.44,1.17
93541,2026-02-09 14:58:00,S021,Planta_3,102.27,0.62
93554,2026-02-09 14:58:00,S034,Planta_4,97.64,1.14
93618,2026-02-09 15:00:00,S018,Planta_2,89.99,3.56
93623,2026-02-09 15:00:00,S023,Planta_3,88.02,4.44
93625,2026-02-09 15:00:00,S025,Planta_3,96.21,2.41
93643,2026-02-09 15:01:00,S003,Planta_1,87.47,3.7
93653,2026-02-09 15:01:00,S013,Planta_2,104.74,2.12
93661,2026-02-09 15:01:00,S021,Planta_3,102.98,1.9
93680,2026-02-09 15:01:00,S040,Planta_4,90.47,3.32
93699,2026-02-09 15:02:00,S019,Planta_2,93.1,3.62
93702,2026-02-09 15:02:00,S022,Planta_3,102.02,4.16
93724,2026-02-09 15:03:00,S004,Planta_1,100.2,3.54
93743,2026-02-09 15:03:00,S023,Planta_3,98.86,2.8
93759,2026-02-09 15:03:00,S039,Planta_4,103.01,0.94
93776,2026-02-09 15:04:00,S016,Planta_2,85.21,1.61
93784,2026-02-09 15:04:00,S024,Planta_3,99.07,4.89
93817,2026-02-09 15:05:00,S017,Planta_2,103.98,3.51
93824,2026-02-09 15:05:00,S024,Planta_3,86.7,4.65
93828,2026-02-09 15:05:00,S028,Planta_3,89.87,4.59
93841,2026-02-09 15:06:00,S001,Planta_1,96.85,0.87
93865,2026-02-09 15:06:00,S025,Planta_3,90.47,4.73
93876,2026-02-09 15:06:00,S036,Planta_4,90.68,3.49
93888,2026-02-09 15:07:00,S008,Planta_1,90.02,2.38
93899,2026-02-09 15:07:00,S019,Planta_2,94.65,2.0
93909,2026-02-09 15:07:00,S029,Planta_3,102.91,0.85
93915,2026-02-09 15:07:00,S035,Planta_4,88.61,4.19
93930,2026-02-09 15:08:00,S010,Planta_1,90.55,2.43
93932,2026-02-09 15:08:00,S012,Planta_2,85.07,5.42
93949,2026-02-09 15:08:00,S029,Planta_3,98.87,2.91
93968,2026-02-09 15:09:00,S008,Planta_1,93.15,5.44
93981,2026-02-09 15:09:00,S021,Planta_3,90.22,4.34
93992,2026-02-09 15:09:00,S032,Planta_4,100.71,3.59
93996,2026-02-09 15:09:00,S036,Planta_4,92.64,1.16
94000,2026-02-09 15:09:00,S040,Planta_4,89.64,4.71
94026,2026-02-09 15:10:00,S026,Planta_3,90.78,3.26
94074,2026-02-09 15:11:00,S034,Planta_4,88.7,3.26
94081,2026-02-09 15:12:00,S001,Planta_1,101.68,3.25
94084,2026-02-09 15:12:00,S004,Planta_1,104.79,3.99
94093,2026-02-09 15:12:00,S013,Planta_2,93.16,2.1
94095,2026-02-09 15:12:00,S015,Planta_2,95.29,3.19
94126,2026-02-09 15:13:00,S006,Planta_1,89.68,4.69
94139,2026-02-09 15:13:00,S019,Planta_2,91.36,3.23
94142,2026-02-09 15:13:00,S022,Planta_3,92.72,3.42
94151,2026-02-09 15:13:00,S031,Planta_4,86.73,3.58
94166,2026-02-09 15:14:00,S006,Planta_1,87.11,2.0
94175,2026-02-09 15:14:00,S015,Planta_2,102.46,4.57
94189,2026-02-09 15:14:00,S029,Planta_3,87.57,1.41
94258,2026-02-09 15:16:00,S018,Planta_2,91.08,1.91
94262,2026-02-09 15:16:00,S022,Planta_3,100.61,5.15
94268,2026-02-09 15:16:00,S028,Planta_3,100.71,1.2
94273,2026-02-09 15:16:00,S033,Planta_4,96.7,1.79
94279,2026-02-09 15:16:00,S039,Planta_4,90.65,1.33
94284,2026-02-09 15:17:00,S004,Planta_1,90.89,2.99
94305,2026-02-09 15:17:00,S025,Planta_3,86.45,1.17
94306,2026-02-09 15:17:00,S026,Planta_3,95.58,1.4
94339,2026-02-09 15:18:00,S019,Planta_2,88.69,4.98
94341,2026-02-09 15:18:00,S021,Planta_3,94.47,2.9
94357,2026-02-09 15:18:00,S037,Planta_4,95.68,3.54
94359,2026-02-09 15:18:00,S039,Planta_4,95.15,1.0
94361,2026-02-09 15:19:00,S001,Planta_1,96.83,3.29
94370,2026-02-09 15:19:00,S010,Planta_1,90.02,4.34
94372,2026-02-09 15:19:00,S012,Planta_2,96.01,1.83
94385,2026-02-09 15:19:00,S025,Planta_3,94.27,3.38
94399,2026-02-09 15:19:00,S039,Planta_4,94.78,2.78
94403,2026-02-09 15:20:00,S003,Planta_1,96.08,3.99
94418,2026-02-09 15:20:00,S018,Planta_2,90.89,5.34
94432,2026-02-09 15:20:00,S032,Planta_4,103.69,1.21
94440,2026-02-09 15:20:00,S040,Planta_4,86.15,5.25
94443,2026-02-09 15:21:00,S003,Planta_1,91.66,4.59
94481,2026-02-09 15:22:00,S001,Planta_1,95.8,0.77
94497,2026-02-09 15:22:00,S017,Planta_2,86.38,4.4
94505,2026-02-09 15:22:00,S025,Planta_3,94.86,5.26
94516,2026-02-09 15:22:00,S036,Planta_4,89.58,4.23
94529,2026-02-09 15:23:00,S009,Planta_1,100.32,2.75
94534,2026-02-09 15:23:00,S014,Planta_2,104.99,3.9
94548,2026-02-09 15:23:00,S028,Planta_3,94.59,3.73
94556,2026-02-09 15:23:00,S036,Planta_4,96.55,4.17
94558,2026-02-09 15:23:00,S038,Planta_4,101.12,5.28
94566,2026-02-09 15:24:00,S006,Planta_1,103.55,2.94
94589,2026-02-09 15:24:00,S029,Planta_3,103.04,3.55
94602,2026-02-09 15:25:00,S002,Planta_1,85.43,2.13
94620,2026-02-09 15:25:00,S020,Planta_2,96.89,1.77
94629,2026-02-09 15:25:00,S029,Planta_3,94.33,4.47
94644,2026-02-09 15:26:00,S004,Planta_1,90.65,0.9
94653,2026-02-09 15:26:00,S013,Planta_2,91.42,2.92
94665,2026-02-09 15:26:00,S025,Planta_3,95.32,4.14
94685,2026-02-09 15:27:00,S005,Planta_1,99.63,4.35
94698,2026-02-09 15:27:00,S018,Planta_2,93.64,2.88
94721,2026-02-09 15:28:00,S001,Planta_1,102.15,2.79
94734,2026-02-09 15:28:00,S014,Planta_2,98.17,2.01
94754,2026-02-09 15:28:00,S034,Planta_4,92.47,4.95
94759,2026-02-09 15:28:00,S039,Planta_4,93.94,1.46
94764,2026-02-09 15:29:00,S004,Planta_1,88.19,2.22
94769,2026-02-09 15:29:00,S009,Planta_1,85.93,2.9
94772,2026-02-09 15:29:00,S012,Planta_2,88.37,4.45
94789,2026-02-09 15:29:00,S029,Planta_3,97.78,4.98
94791,2026-02-09 15:29:00,S031,Planta_4,100.68,1.96
94804,2026-02-09 15:30:00,S004,Planta_1,95.21,2.53
94853,2026-02-09 15:31:00,S013,Planta_2,85.27,3.1
94885,2026-02-09 15:32:00,S005,Planta_1,90.0,1.05
94886,2026-02-09 15:32:00,S006,Planta_1,99.5,1.8
94923,2026-02-09 15:33:00,S003,Planta_1,87.54,0.97
94924,2026-02-09 15:33:00,S004,Planta_1,96.16,4.95
94937,2026-02-09 15:33:00,S017,Planta_2,93.13,2.22
94938,2026-02-09 15:33:00,S018,Planta_2,101.92,4.76
94948,2026-02-09 15:33:00,S028,Planta_3,101.35,3.93
94959,2026-02-09 15:33:00,S039,Planta_4,88.18,1.12
94982,2026-02-09 15:34:00,S022,Planta_3,97.45,1.04
94990,2026-02-09 15:34:00,S030,Planta_3,99.91,0.67
95013,2026-02-09 15:35:00,S013,Planta_2,90.46,1.51
95016,2026-02-09 15:35:00,S016,Planta_2,92.19,0.5
95025,2026-02-09 15:35:00,S025,Planta_3,86.98,5.49
95028,2026-02-09 15:35:00,S028,Planta_3,98.13,1.43
95072,2026-02-09 15:36:00,S032,Planta_4,86.27,4.82
95112,2026-02-09 15:37:00,S032,Planta_4,99.78,5.17
95129,2026-02-09 15:38:00,S009,Planta_1,104.59,1.35
95138,2026-02-09 15:38:00,S018,Planta_2,89.28,4.41
95178,2026-02-09 15:39:00,S018,Planta_2,99.42,2.71
95193,2026-02-09 15:39:00,S033,Planta_4,102.73,2.05
95194,2026-02-09 15:39:00,S034,Planta_4,99.13,4.32
95202,2026-02-09 15:40:00,S002,Planta_1,104.33,3.57
95203,2026-02-09 15:40:00,S003,Planta_1,91.45,2.52
95229,2026-02-09 15:40:00,S029,Planta_3,86.54,4.29
95231,2026-02-09 15:40:00,S031,Planta_4,97.94,3.35
95242,2026-02-09 15:41:00,S002,Planta_1,103.03,4.24
95272,2026-02-09 15:41:00,S032,Planta_4,97.49,5.34
95274,2026-02-09 15:41:00,S034,Planta_4,98.53,2.98
95289,2026-02-09 15:42:00,S009,Planta_1,101.35,3.23
95295,2026-02-09 15:42:00,S015,Planta_2,98.83,5.24
95296,2026-02-09 15:42:00,S016,Planta_2,99.81,3.99
95336,2026-02-09 15:43:00,S016,Planta_2,93.7,3.93
95382,2026-02-09 15:44:00,S022,Planta_3,96.65,1.48
95391,2026-02-09 15:44:00,S031,Planta_4,88.73,4.66
95440,2026-02-09 15:45:00,S040,Planta_4,88.96,5.33
95467,2026-02-09 15:46:00,S027,Planta_3,88.91,2.31
95471,2026-02-09 15:46:00,S031,Planta_4,95.55,0.98
95473,2026-02-09 15:46:00,S033,Planta_4,91.6,5.5
95476,2026-02-09 15:46:00,S036,Planta_4,95.75,3.31
95477,2026-02-09 15:46:00,S037,Planta_4,94.05,3.5
95498,2026-02-09 15:47:00,S018,Planta_2,100.11,0.72
95518,2026-02-09 15:47:00,S038,Planta_4,89.19,2.85
95529,2026-02-09 15:48:00,S009,Planta_1,96.56,4.93
95531,2026-02-09 15:48:00,S011,Planta_2,93.74,2.44
95537,2026-02-09 15:48:00,S017,Planta_2,85.82,1.49
95544,2026-02-09 15:48:00,S024,Planta_3,90.05,3.65
95565,2026-02-09 15:49:00,S005,Planta_1,89.58,4.96
95597,2026-02-09 15:49:00,S037,Planta_4,102.63,1.48
95611,2026-02-09 15:50:00,S011,Planta_2,88.94,2.58
95627,2026-02-09 15:50:00,S027,Planta_3,94.4,1.86
95632,2026-02-09 15:50:00,S032,Planta_4,96.23,2.63
95635,2026-02-09 15:50:00,S035,Planta_4,94.37,2.15
95638,2026-02-09 15:50:00,S038,Planta_4,93.43,2.36
95641,2026-02-09 15:51:00,S001,Planta_1,92.99,4.55
95666,2026-02-09 15:51:00,S026,Planta_3,102.41,1.92
95689,2026-02-09 15:52:00,S009,Planta_1,94.34,3.77
95707,2026-02-09 15:52:00,S027,Planta_3,93.7,2.2
95717,2026-02-09 15:52:00,S037,Planta_4,90.69,0.93
95719,2026-02-09 15:52:00,S039,Planta_4,87.05,5.16
95725,2026-02-09 15:53:00,S005,Planta_1,98.21,0.55
95736,2026-02-09 15:53:00,S016,Planta_2,98.2,3.04
95745,2026-02-09 15:53:00,S025,Planta_3,104.36,2.85
95755,2026-02-09 15:53:00,S035,Planta_4,93.48,2.8
95764,2026-02-09 15:54:00,S004,Planta_1,95.04,3.1
95765,2026-02-09 15:54:00,S005,Planta_1,89.83,4.25
95768,2026-02-09 15:54:00,S008,Planta_1,102.17,2.92
95778,2026-02-09 15:54:00,S018,Planta_2,91.1,4.26
95780,2026-02-09 15:54:00,S020,Planta_2,103.2,4.58
95784,2026-02-09 15:54:00,S024,Planta_3,90.23,2.8
95786,2026-02-09 15:54:00,S026,Planta_3,96.8,5.31
95797,2026-02-09 15:54:00,S037,Planta_4,90.0,3.36
95838,2026-02-09 15:55:00,S038,Planta_4,97.78,5.4
95841,2026-02-09 15:56:00,S001,Planta_1,92.11,4.66
95846,2026-02-09 15:56:00,S006,Planta_1,87.74,1.58
95862,2026-02-09 15:56:00,S022,Planta_3,95.51,5.43
95890,2026-02-09 15:57:00,S010,Planta_1,98.06,4.78
95936,2026-02-09 15:58:00,S016,Planta_2,94.88,3.81
95954,2026-02-09 15:58:00,S034,Planta_4,102.29,3.91
95971,2026-02-09 15:59:00,S011,Planta_2,98.66,0.5
96011,2026-02-09 16:00:00,S011,Planta_2,92.63,1.68
96014,2026-02-09 16:00:00,S014,Planta_2,102.44,4.3
96027,2026-02-09 16:00:00,S027,Planta_3,102.53,3.04
96110,2026-02-09 16:02:00,S030,Planta_3,104.99,1.15
96112,2026-02-09 16:02:00,S032,Planta_4,91.14,1.29
96125,2026-02-09 16:03:00,S005,Planta_1,88.87,3.64
96133,2026-02-09 16:03:00,S013,Planta_2,95.55,3.7
96149,2026-02-09 16:03:00,S029,Planta_3,101.87,3.21
96151,2026-02-09 16:03:00,S031,Planta_4,95.2,3.02
96208,2026-02-09 16:05:00,S008,Planta_1,101.31,5.36
96225,2026-02-09 16:05:00,S025,Planta_3,94.11,5.05
96230,2026-02-09 16:05:00,S030,Planta_3,96.1,0.69
96239,2026-02-09 16:05:00,S039,Planta_4,96.96,1.1
96282,2026-02-09 16:07:00,S002,Planta_1,96.98,0.57
96291,2026-02-09 16:07:00,S011,Planta_2,85.23,4.91
96295,2026-02-09 16:07:00,S015,Planta_2,101.25,1.19
96296,2026-02-09 16:07:00,S016,Planta_2,90.85,5.23
96301,2026-02-09 16:07:00,S021,Planta_3,100.95,0.76
96302,2026-02-09 16:07:00,S022,Planta_3,99.07,4.63
96317,2026-02-09 16:07:00,S037,Planta_4,101.95,1.77
96326,2026-02-09 16:08:00,S006,Planta_1,91.08,0.84
96329,2026-02-09 16:08:00,S009,Planta_1,103.37,2.4
96339,2026-02-09 16:08:00,S019,Planta_2,95.85,4.46
96367,2026-02-09 16:09:00,S007,Planta_1,104.38,1.91
96390,2026-02-09 16:09:00,S030,Planta_3,104.34,3.0
96400,2026-02-09 16:09:00,S040,Planta_4,87.85,2.11
96408,2026-02-09 16:10:00,S008,Planta_1,85.07,5.03
96411,2026-02-09 16:10:00,S011,Planta_2,90.72,3.8
96418,2026-02-09 16:10:00,S018,Planta_2,88.26,5.47
96431,2026-02-09 16:10:00,S031,Planta_4,96.79,2.54
96480,2026-02-09 16:11:00,S040,Planta_4,90.88,1.34
96483,2026-02-09 16:12:00,S003,Planta_1,89.71,1.36
96519,2026-02-09 16:12:00,S039,Planta_4,86.93,3.56
96536,2026-02-09 16:13:00,S016,Planta_2,102.06,4.48
96547,2026-02-09 16:13:00,S027,Planta_3,95.09,1.96
96550,2026-02-09 16:13:00,S030,Planta_3,92.95,4.01
96571,2026-02-09 16:14:00,S011,Planta_2,93.93,1.21
96599,2026-02-09 16:14:00,S039,Planta_4,90.3,0.96
96602,2026-02-09 16:15:00,S002,Planta_1,90.87,4.03
96606,2026-02-09 16:15:00,S006,Planta_1,86.77,5.34
96610,2026-02-09 16:15:00,S010,Planta_1,88.87,0.68
96614,2026-02-09 16:15:00,S014,Planta_2,85.78,4.35
96624,2026-02-09 16:15:00,S024,Planta_3,85.56,2.95
96645,2026-02-09 16:16:00,S005,Planta_1,99.72,3.93
96646,2026-02-09 16:16:00,S006,Planta_1,102.77,3.17
96672,2026-02-09 16:16:00,S032,Planta_4,94.15,4.7
96694,2026-02-09 16:17:00,S014,Planta_2,99.85,3.98
96700,2026-02-09 16:17:00,S020,Planta_2,96.67,3.28
96733,2026-02-09 16:18:00,S013,Planta_2,99.24,2.26
96788,2026-02-09 16:19:00,S028,Planta_3,95.29,3.39
96817,2026-02-09 16:20:00,S017,Planta_2,92.26,4.99
96825,2026-02-09 16:20:00,S025,Planta_3,90.49,1.79
96829,2026-02-09 16:20:00,S029,Planta_3,98.27,0.88
96841,2026-02-09 16:21:00,S001,Planta_1,88.65,3.64
96871,2026-02-09 16:21:00,S031,Planta_4,103.32,3.21
96872,2026-02-09 16:21:00,S032,Planta_4,99.52,4.52
96874,2026-02-09 16:21:00,S034,Planta_4,85.45,3.71
96917,2026-02-09 16:22:00,S037,Planta_4,101.75,5.0
96964,2026-02-09 16:24:00,S004,Planta_1,99.35,1.17
96974,2026-02-09 16:24:00,S014,Planta_2,96.48,1.75
96992,2026-02-09 16:24:00,S032,Planta_4,97.76,5.07
96998,2026-02-09 16:24:00,S038,Planta_4,95.06,1.99
97007,2026-02-09 16:25:00,S007,Planta_1,96.82,4.12
97008,2026-02-09 16:25:00,S008,Planta_1,103.39,2.07
97012,2026-02-09 16:25:00,S012,Planta_2,90.37,1.74
97013,2026-02-09 16:25:00,S013,Planta_2,98.81,3.3
97045,2026-02-09 16:26:00,S005,Planta_1,102.3,2.67
97050,2026-02-09 16:26:00,S010,Planta_1,89.82,4.01
97067,2026-02-09 16:26:00,S027,Planta_3,95.97,1.34
97076,2026-02-09 16:26:00,S036,Planta_4,101.26,2.93
97106,2026-02-09 16:27:00,S026,Planta_3,104.93,3.68
97127,2026-02-09 16:28:00,S007,Planta_1,99.41,2.0
97131,2026-02-09 16:28:00,S011,Planta_2,101.06,3.16
97142,2026-02-09 16:28:00,S022,Planta_3,97.98,3.14
97159,2026-02-09 16:28:00,S039,Planta_4,102.01,1.28
97194,2026-02-09 16:29:00,S034,Planta_4,102.17,0.8
97241,2026-02-09 16:31:00,S001,Planta_1,96.55,2.81
97244,2026-02-09 16:31:00,S004,Planta_1,93.15,3.25
97258,2026-02-09 16:31:00,S018,Planta_2,85.79,1.88
97271,2026-02-09 16:31:00,S031,Planta_4,98.58,1.35
97273,2026-02-09 16:31:00,S033,Planta_4,88.56,1.96
97280,2026-02-09 16:31:00,S040,Planta_4,96.6,1.37
97315,2026-02-09 16:32:00,S035,Planta_4,100.28,4.18
97344,2026-02-09 16:33:00,S024,Planta_3,93.65,2.73
97403,2026-02-09 16:35:00,S003,Planta_1,87.55,2.98
97413,2026-02-09 16:35:00,S013,Planta_2,99.8,3.95
97417,2026-02-09 16:35:00,S017,Planta_2,100.14,4.82
97421,2026-02-09 16:35:00,S021,Planta_3,87.02,1.18
97429,2026-02-09 16:35:00,S029,Planta_3,92.88,4.16
97437,2026-02-09 16:35:00,S037,Planta_4,86.8,1.23
97456,2026-02-09 16:36:00,S016,Planta_2,93.01,1.7
97457,2026-02-09 16:36:00,S017,Planta_2,92.88,1.43
97489,2026-02-09 16:37:00,S009,Planta_1,85.38,1.54
97535,2026-02-09 16:38:00,S015,Planta_2,99.43,2.8
97561,2026-02-09 16:39:00,S001,Planta_1,89.13,5.26
97564,2026-02-09 16:39:00,S004,Planta_1,87.48,0.94
97595,2026-02-09 16:39:00,S035,Planta_4,90.01,1.04
97606,2026-02-09 16:40:00,S006,Planta_1,96.08,3.93
97633,2026-02-09 16:40:00,S033,Planta_4,87.34,4.74
97659,2026-02-09 16:41:00,S019,Planta_2,97.98,3.02
97678,2026-02-09 16:41:00,S038,Planta_4,90.41,2.13
97681,2026-02-09 16:42:00,S001,Planta_1,97.61,4.65
97707,2026-02-09 16:42:00,S027,Planta_3,86.25,5.35
97718,2026-02-09 16:42:00,S038,Planta_4,98.22,1.18
97750,2026-02-09 16:43:00,S030,Planta_3,89.98,2.65
97776,2026-02-09 16:44:00,S016,Planta_2,96.16,1.35
97812,2026-02-09 16:45:00,S012,Planta_2,93.6,4.89
97836,2026-02-09 16:45:00,S036,Planta_4,89.56,2.33
97858,2026-02-09 16:46:00,S018,Planta_2,104.88,4.79
97878,2026-02-09 16:46:00,S038,Planta_4,101.22,5.41
97902,2026-02-09 16:47:00,S022,Planta_3,100.96,3.32
97910,2026-02-09 16:47:00,S030,Planta_3,102.06,3.3
97916,2026-02-09 16:47:00,S036,Planta_4,95.22,2.72
97923,2026-02-09 16:48:00,S003,Planta_1,93.03,0.92
97924,2026-02-09 16:48:00,S004,Planta_1,103.52,4.57
97932,2026-02-09 16:48:00,S012,Planta_2,85.83,3.74
97936,2026-02-09 16:48:00,S016,Planta_2,93.96,2.48
97942,2026-02-09 16:48:00,S022,Planta_3,99.62,5.12
97949,2026-02-09 16:48:00,S029,Planta_3,102.31,2.44
97962,2026-02-09 16:49:00,S002,Planta_1,96.13,4.35
97978,2026-02-09 16:49:00,S018,Planta_2,86.58,3.46
97980,2026-02-09 16:49:00,S020,Planta_2,103.32,5.5
97981,2026-02-09 16:49:00,S021,Planta_3,89.11,3.85
97986,2026-02-09 16:49:00,S026,Planta_3,102.95,2.53
97991,2026-02-09 16:49:00,S031,Planta_4,100.92,2.24
97994,2026-02-09 16:49:00,S034,Planta_4,86.32,1.18
98012,2026-02-09 16:50:00,S012,Planta_2,87.85,1.95
98018,2026-02-09 16:50:00,S018,Planta_2,86.62,3.51
98039,2026-02-09 16:50:00,S039,Planta_4,104.38,5.24
98063,2026-02-09 16:51:00,S023,Planta_3,88.89,2.74
98064,2026-02-09 16:51:00,S024,Planta_3,95.92,3.69
98093,2026-02-09 16:52:00,S013,Planta_2,100.29,1.17
98118,2026-02-09 16:52:00,S038,Planta_4,102.06,3.52
98206,2026-02-09 16:55:00,S006,Planta_1,90.67,2.92
98227,2026-02-09 16:55:00,S027,Planta_3,99.65,0.92
98257,2026-02-09 16:56:00,S017,Planta_2,94.66,3.04
98277,2026-02-09 16:56:00,S037,Planta_4,102.85,1.78
98293,2026-02-09 16:57:00,S013,Planta_2,91.89,3.56
98389,2026-02-09 16:59:00,S029,Planta_3,86.96,2.18
98398,2026-02-09 16:59:00,S038,Planta_4,86.07,5.09
98401,2026-02-09 17:00:00,S001,Planta_1,97.58,1.75
98414,2026-02-09 17:00:00,S014,Planta_2,95.36,2.7
98421,2026-02-09 17:00:00,S021,Planta_3,87.17,3.33
98435,2026-02-09 17:00:00,S035,Planta_4,95.88,5.09
98467,2026-02-09 17:01:00,S027,Planta_3,95.65,3.04
98480,2026-02-09 17:01:00,S040,Planta_4,96.2,1.48
98482,2026-02-09 17:02:00,S002,Planta_1,102.53,4.52
98503,2026-02-09 17:02:00,S023,Planta_3,102.54,2.87
98505,2026-02-09 17:02:00,S025,Planta_3,102.94,4.35
98513,2026-02-09 17:02:00,S033,Planta_4,92.76,4.95
98520,2026-02-09 17:02:00,S040,Planta_4,103.92,4.12
98522,2026-02-09 17:03:00,S002,Planta_1,98.24,4.45
98551,2026-02-09 17:03:00,S031,Planta_4,102.3,2.95
98560,2026-02-09 17:03:00,S040,Planta_4,104.87,1.67
98565,2026-02-09 17:04:00,S005,Planta_1,92.65,2.95
98567,2026-02-09 17:04:00,S007,Planta_1,85.69,3.26
98571,2026-02-09 17:04:00,S011,Planta_2,88.6,4.6
98585,2026-02-09 17:04:00,S025,Planta_3,97.42,3.73
98593,2026-02-09 17:04:00,S033,Planta_4,99.79,3.02
98624,2026-02-09 17:05:00,S024,Planta_3,92.95,4.61
98648,2026-02-09 17:06:00,S008,Planta_1,101.95,1.78
98663,2026-02-09 17:06:00,S023,Planta_3,88.06,2.74
98695,2026-02-09 17:07:00,S015,Planta_2,90.18,4.86
98696,2026-02-09 17:07:00,S016,Planta_2,93.57,2.76
98726,2026-02-09 17:08:00,S006,Planta_1,86.38,3.96
98734,2026-02-09 17:08:00,S014,Planta_2,98.06,3.01
98743,2026-02-09 17:08:00,S023,Planta_3,86.88,4.32
98794,2026-02-09 17:09:00,S034,Planta_4,90.74,5.2
98849,2026-02-09 17:11:00,S009,Planta_1,85.24,1.59
98851,2026-02-09 17:11:00,S011,Planta_2,88.43,2.75
98857,2026-02-09 17:11:00,S017,Planta_2,98.43,4.97
98874,2026-02-09 17:11:00,S034,Planta_4,99.47,4.96
98895,2026-02-09 17:12:00,S015,Planta_2,98.86,2.41
98897,2026-02-09 17:12:00,S017,Planta_2,89.39,0.71
98926,2026-02-09 17:13:00,S006,Planta_1,96.1,2.09
98954,2026-02-09 17:13:00,S034,Planta_4,104.02,1.55
98967,2026-02-09 17:14:00,S007,Planta_1,94.12,5.04
98986,2026-02-09 17:14:00,S026,Planta_3,91.94,4.44
98994,2026-02-09 17:14:00,S034,Planta_4,97.08,3.81
98996,2026-02-09 17:14:00,S036,Planta_4,87.08,2.9
99004,2026-02-09 17:15:00,S004,Planta_1,97.07,5.37
99021,2026-02-09 17:15:00,S021,Planta_3,96.38,4.58
99049,2026-02-09 17:16:00,S009,Planta_1,102.38,3.85
99092,2026-02-09 17:17:00,S012,Planta_2,89.39,3.33
99112,2026-02-09 17:17:00,S032,Planta_4,93.16,2.03
99119,2026-02-09 17:17:00,S039,Planta_4,98.8,3.15
99134,2026-02-09 17:18:00,S014,Planta_2,85.93,4.97
99135,2026-02-09 17:18:00,S015,Planta_2,91.57,3.29
99164,2026-02-09 17:19:00,S004,Planta_1,95.56,2.48
99185,2026-02-09 17:19:00,S025,Planta_3,104.32,1.91
99191,2026-02-09 17:19:00,S031,Planta_4,87.62,5.2
99212,2026-02-09 17:20:00,S012,Planta_2,97.97,5.1
99221,2026-02-09 17:20:00,S021,Planta_3,99.03,3.02
99234,2026-02-09 17:20:00,S034,Planta_4,87.69,5.44
99241,2026-02-09 17:21:00,S001,Planta_1,88.61,0.69
99274,2026-02-09 17:21:00,S034,Planta_4,97.41,3.22
99275,2026-02-09 17:21:00,S035,Planta_4,96.58,4.63
99281,2026-02-09 17:22:00,S001,Planta_1,104.63,0.5
99297,2026-02-09 17:22:00,S017,Planta_2,92.81,5.08
99311,2026-02-09 17:22:00,S031,Planta_4,99.5,1.17
99336,2026-02-09 17:23:00,S016,Planta_2,94.06,1.83
99338,2026-02-09 17:23:00,S018,Planta_2,91.82,4.24
99365,2026-02-09 17:24:00,S005,Planta_1,101.15,1.81
99378,2026-02-09 17:24:00,S018,Planta_2,100.96,2.5
99398,2026-02-09 17:24:00,S038,Planta_4,99.48,4.0
99424,2026-02-09 17:25:00,S024,Planta_3,96.93,3.31
99427,2026-02-09 17:25:00,S027,Planta_3,103.02,0.83
99432,2026-02-09 17:25:00,S032,Planta_4,88.42,2.03
99441,2026-02-09 17:26:00,S001,Planta_1,89.41,3.21
99446,2026-02-09 17:26:00,S006,Planta_1,89.53,4.72
99456,2026-02-09 17:26:00,S016,Planta_2,94.98,3.23
99480,2026-02-09 17:26:00,S040,Planta_4,94.72,0.93
99483,2026-02-09 17:27:00,S003,Planta_1,89.09,0.81
99498,2026-02-09 17:27:00,S018,Planta_2,100.43,5.44
99499,2026-02-09 17:27:00,S019,Planta_2,104.91,5.37
99509,2026-02-09 17:27:00,S029,Planta_3,86.7,1.12
99512,2026-02-09 17:27:00,S032,Planta_4,88.65,3.18
99521,2026-02-09 17:28:00,S001,Planta_1,92.61,0.81
99532,2026-02-09 17:28:00,S012,Planta_2,87.28,2.16
99539,2026-02-09 17:28:00,S019,Planta_2,101.88,3.03
99569,2026-02-09 17:29:00,S009,Planta_1,93.85,1.46
99582,2026-02-09 17:29:00,S022,Planta_3,92.5,0.94
99587,2026-02-09 17:29:00,S027,Planta_3,95.68,1.23
99589,2026-02-09 17:29:00,S029,Planta_3,96.76,4.29
99612,2026-02-09 17:30:00,S012,Planta_2,99.9,4.92
99622,2026-02-09 17:30:00,S022,Planta_3,89.96,4.76
99627,2026-02-09 17:30:00,S027,Planta_3,98.9,2.77
99645,2026-02-09 17:31:00,S005,Planta_1,95.24,1.78
99673,2026-02-09 17:31:00,S033,Planta_4,88.09,1.82
99675,2026-02-09 17:31:00,S035,Planta_4,95.46,2.99
99676,2026-02-09 17:31:00,S036,Planta_4,103.64,3.0
99694,2026-02-09 17:32:00,S014,Planta_2,97.26,1.38
99695,2026-02-09 17:32:00,S015,Planta_2,92.68,0.66
99700,2026-02-09 17:32:00,S020,Planta_2,99.41,3.72
99703,2026-02-09 17:32:00,S023,Planta_3,91.29,4.55
99711,2026-02-09 17:32:00,S031,Planta_4,100.03,0.89
99713,2026-02-09 17:32:00,S033,Planta_4,93.68,5.25
99715,2026-02-09 17:32:00,S035,Planta_4,101.7,3.82
99723,2026-02-09 17:33:00,S003,Planta_1,101.97,5.34
99737,2026-02-09 17:33:00,S017,Planta_2,93.16,4.93
99776,2026-02-09 17:34:00,S016,Planta_2,102.33,1.03
99780,2026-02-09 17:34:00,S020,Planta_2,98.57,1.04
99787,2026-02-09 17:34:00,S027,Planta_3,85.97,2.41
99789,2026-02-09 17:34:00,S029,Planta_3,94.52,2.46
99799,2026-02-09 17:34:00,S039,Planta_4,103.5,4.8
99800,2026-02-09 17:34:00,S040,Planta_4,94.85,0.64
99819,2026-02-09 17:35:00,S019,Planta_2,94.49,1.8
99831,2026-02-09 17:35:00,S031,Planta_4,85.05,1.91
99857,2026-02-09 17:36:00,S017,Planta_2,101.63,4.71
99871,2026-02-09 17:36:00,S031,Planta_4,88.87,3.9
99884,2026-02-09 17:37:00,S004,Planta_1,103.1,4.25
99907,2026-02-09 17:37:00,S027,Planta_3,89.5,5.01
99914,2026-02-09 17:37:00,S034,Planta_4,93.25,1.9
99929,2026-02-09 17:38:00,S009,Planta_1,97.14,1.03
99931,2026-02-09 17:38:00,S011,Planta_2,100.83,0.59
99937,2026-02-09 17:38:00,S017,Planta_2,86.48,0.78
99947,2026-02-09 17:38:00,S027,Planta_3,98.16,5.48
99959,2026-02-09 17:38:00,S039,Planta_4,88.4,5.21
99985,2026-02-09 17:39:00,S025,Planta_3,85.65,3.2
99991,2026-02-09 17:39:00,S031,Planta_4,88.84,2.38
